buy_rsi,sell_rsi,1.b,d%,N,cb,ct,W1-BEAR,W2-EARLYBULL,W3-MIDCHOP,W4-LATEBULL,W5-FULL,geo_4w,worst_4w
30,60,1.0,50,5,7,3,1.2403820773896883,1.2130073668290697,1.1178095374574226,1.0603948048245837,1.9190221665580516,1.15561609188306,1.0603948048245837
30,60,1.5,50,5,3,3,1.3936368035935334,1.167575691685234,1.060478185519837,1.0228985041988947,1.4195827512608854,1.1526361430519905,1.0228985041988947
30,60,1.5,50,5,3,7,1.3433453956833363,1.2278786602879432,1.0359398912782078,1.0260195309916815,1.5098923712862489,1.1506899814896958,1.0260195309916815
30,60,1.0,50,5,7,7,1.1786364870854953,1.2743540753750577,1.0665409451642092,1.0686265129905592,2.072189616005058,1.143848133575783,1.0665409451642092
35,60,1.5,50,7,7,3,1.4134638794290593,1.077185972566878,1.0306105397843226,1.0892007972213926,1.2810748797057971,1.1433902473078184,1.0306105397843226
35,60,1.5,50,7,7,7,1.3611143530469791,1.0974522007933865,1.0195899796029235,1.0977377087679978,1.3229821195633764,1.1371063696099728,1.0195899796029235
30,60,1.5,50,7,3,3,1.450894144292065,1.067275979289763,1.024832015927693,1.0093862696126805,1.1576017022978573,1.1250080629575547,1.0093862696126805
30,60,1.5,50,7,3,7,1.4235099863869765,1.0910294369356872,1.0147582721754944,1.0106656066813886,1.1892539327474763,1.1234190096811665,1.0106656066813886
30,60,1.5,50,5,7,3,1.3459757785138653,1.086071980558299,1.060478185519837,1.0228985041988947,1.3204874504074446,1.1221671063587657,1.0228985041988947
30,60,1.5,50,5,7,7,1.3161982095770577,1.1109371118689395,1.0359398912782078,1.0260195309916815,1.366092489022884,1.1165424491322373,1.0260195309916815
30,60,1.0,50,7,7,3,1.191525928011476,1.1503748344248244,1.0843333392651604,1.043139146303274,1.604061595717016,1.1158658357500932,1.043139146303274
30,60,1.0,33,5,7,3,1.040804145320131,1.2674582100470784,1.0865305439849138,1.068094539571057,2.068421928118384,1.1123426106763374,1.040804145320131
35,60,1.5,33,7,7,3,1.238529553560803,1.0973183422125552,1.0210499864284681,1.0970823380275596,1.321563397684454,1.1107883341912304,1.0210499864284681
30,60,1.0,50,7,7,7,1.1575166458797093,1.1928520360425037,1.0476414438127613,1.0490189378504005,1.6987883525081613,1.1098836534525844,1.0476414438127613
30,60,1.5,33,7,3,3,1.3073540430211184,1.0883893754744096,1.0186863848771812,1.0105829298993383,1.1876572120978373,1.1001388257948954,1.0105829298993383
30,60,1.0,50,7,3,3,1.0716230509254725,1.2052577478759379,1.0843333392651604,1.043139146303274,1.6805893251629467,1.099402596581691,1.043139146303274
30,60,1.5,33,5,3,3,1.1119767499465067,1.2211532315975409,1.0455080146275468,1.0258178349084583,1.5053443693341455,1.0985399882777784,1.0258178349084583
30,60,1.5,33,5,7,3,1.2142599017959086,1.108159077477081,1.0455080146275468,1.0258178349084583,1.3660538440772443,1.0960436327296548,1.0258178349084583
30,60,1.5,33,7,3,7,1.2153540918578916,1.138220063839043,1.0050246532617289,1.0134832610255504,1.263099530124501,1.0895084174167171,1.0050246532617289
30,60,1.0,33,7,7,3,1.057488735174819,1.1880892136259047,1.0619480471691007,1.0486389568364702,1.696783039817439,1.0875857666164155,1.0486389568364702
30,60,1.5,33,5,7,7,1.118908171862949,1.1540461831777087,1.0122299268477017,1.032893405748351,1.4777424373757182,1.0779238425312234,1.0122299268477017
35,60,1.5,33,7,7,7,1.045726925614391,1.136076107283306,1.0050600013323678,1.117711006881274,1.4194469679493507,1.0748226467450477,1.0050600013323678
30,60,1.5,50,7,7,3,1.1344973038169395,1.0348873416788227,1.024832015927693,1.0093862696126805,1.1224719488310635,1.0497881231792954,1.0093862696126805
35,60,1.5,50,5,7,3,0.7716442485794428,1.1948362455646697,1.0747933567659747,1.2217492538912806,1.7998059867211809,1.04895810261884,0.7716442485794428
30,60,1.5,50,7,7,7,1.1233900824781393,1.0447907472718445,1.0147582721754944,1.0106656066813886,1.13885249992375,1.047448062090104,1.0106656066813886
35,60,1.5,50,5,7,7,0.730301622040809,1.2478737021187545,1.0475394289254232,1.2434670915916168,1.9360854005622827,1.0438050486246524,0.730301622040809
30,60,1.0,33,7,7,7,0.8592115956145908,1.264613169151935,1.012187762960528,1.0619688269009104,1.924455249610023,1.0395794122283455,0.8592115956145908
30,60,1.5,33,7,7,3,1.0847205453698507,1.0436870402656586,1.0186863848771812,1.0105829298993383,1.1388777524140694,1.0390229829722746,1.0105829298993383
30,60,1.5,33,5,3,7,0.8199854175555777,1.3481000977453028,1.0122299268477017,1.032893405748351,1.7260973354255202,1.0368495339681076,0.8199854175555777
30,60,1.0,50,7,3,7,0.8205991377918931,1.273047651189517,1.0476414438127613,1.0490189378504005,1.8129978460672038,1.035125312605702,0.8205991377918931
30,60,1.5,33,7,7,7,1.0474786969474474,1.061827541881904,1.0050246532617289,1.0134832610255504,1.178363156195049,1.0316873847959154,1.0050246532617289
30,60,1.5,20,7,3,3,0.9269769107401532,1.1349501625998504,1.0082124042870964,1.0131436506189158,1.2581132471042973,1.0181627237480366,0.9269769107401532
30,60,1.5,20,5,7,3,0.859266329110446,1.1508743575661846,1.019994671770624,1.0320649012136822,1.4699023430856684,1.0101018229446774,0.859266329110446
30,60,1.5,20,7,7,3,0.94309081584284,1.060571409215332,1.0082124042870964,1.0131436506189158,1.1756785211124259,1.0053774118458725,0.94309081584284
30,60,1.5,20,7,3,7,0.7787220652238213,1.2345134693289188,0.9953296427012295,1.0169896986678957,1.4230913409530375,0.993208554332273,0.7787220652238213
30,65,1.5,50,7,7,3,0.9062591915868429,1.0520441102313143,1.0047102647319803,1.0095654452781095,1.1491114040361448,0.9916659982309517,0.9062591915868429
30,60,1.5,20,7,7,7,0.8708124481452059,1.0948274824973194,0.9953296427012295,1.0169896986678957,1.263340765739931,0.9911478719382297,0.8708124481452059
35,60,1.5,20,7,7,3,0.7272321025484256,1.1347932478454668,1.0053586899004485,1.115118331570118,1.410916988472866,0.9807491583220865,0.7272321025484256
30,60,1.5,20,5,7,7,0.6916657693981898,1.2376851711021326,0.9886140746514339,1.0414476179587655,1.726398121427502,0.968930602219123,0.6916657693981898
30,60,1.0,20,7,7,3,0.5707232657229468,1.259260960043607,1.0237978887427093,1.0604079835364892,1.9066028072263579,0.9398469442466609,0.5707232657229468
30,65,1.5,50,7,7,7,0.7125492630528734,1.0637978746728363,1.0047102647319803,1.0107361137773068,1.1720309928786448,0.936673339434942,0.7125492630528734
30,65,1.5,33,7,7,3,0.6329714334860171,1.0635276956146462,0.995154049347894,1.0111159919455157,1.1823096366824466,0.9072062886654344,0.6329714334860171
30,60,1.5,20,5,3,3,0.41900228596449923,1.3397698283146044,1.019994671770624,1.0320649012136822,1.711108689906241,0.8767744272993979,0.41900228596449923
30,60,1.0,33,7,3,3,0.34530395629836924,1.2654495887403596,1.0619480471691007,1.0486389568364702,1.8072661021888305,0.8352065958214534,0.34530395629836924
30,70,1.5,50,7,7,7,0.43612956985251106,1.0906804920786644,0.9752008036512588,1.0169109989229235,1.2940984482953346,0.8287480478755577,0.43612956985251106
30,70,1.5,50,7,7,3,0.43612956985251106,1.0798404839165652,0.9752008036512588,1.0162185411039646,1.26131394705929,0.8265403805993469,0.43612956985251106
30,70,1.5,33,7,7,7,0.38842544913993843,1.1230160631744757,0.9752008036512588,1.019264155307355,1.4133365139223548,0.8114627935240409,0.38842544913993843
30,65,1.5,20,7,7,3,0.3957106120401115,1.084859283403,0.9878463552306521,1.0140974475603746,1.2507725103342417,0.8098042460565257,0.3957106120401115
30,65,1.5,33,7,7,7,0.3872121332755924,1.085312534805445,0.995154049347894,1.0136791794119073,1.23353252313846,0.8069073182242015,0.3872121332755924
30,70,1.5,33,7,7,3,0.38842544913993843,1.093407657944819,0.9752008036512588,1.018719880044809,1.3310726448681753,0.8059528862967911,0.38842544913993843
30,70,1.5,20,7,7,7,0.3519458274185597,1.19118779670453,0.9752008036512588,1.0206371689336056,1.6313435166207395,0.8037211032708185,0.3519458274185597
30,65,1.5,20,7,7,7,0.35121048447047126,1.1328366028832686,0.9878463552306521,1.0170488469495778,1.3558195909091788,0.7951361336094366,0.35121048447047126
35,60,1.5,20,7,7,7,0.28807006649228983,1.2087959323130926,0.9893331033885077,1.1466860155841925,1.6155650639127488,0.7927925218727678,0.28807006649228983
30,70,1.5,20,7,7,3,0.3519458274185597,1.119612854615415,0.9752008036512588,1.0207980196745652,1.4464747415238814,0.7913969852566971,0.3519458274185597
30,65,1.5,50,5,7,3,0.26584766397579124,1.1290417405950166,1.0114636874403007,1.0233356064308392,1.3930434560208351,0.7465825019881127,0.26584766397579124
30,65,1.0,50,7,7,3,0.22308131273375967,1.228315153401623,1.0110410429861378,1.0439626156866686,1.7486456239272814,0.7333422108327543,0.22308131273375967
30,65,1.5,50,7,3,3,0.25720279318900224,1.0967143817576839,1.0047102647319803,1.0095654452781095,1.197903196955625,0.7313683023517417,0.25720279318900224
30,60,1.0,33,5,7,7,0.18761059061204574,1.378963476643959,1.0170020224204033,1.086756357661275,2.4419408221579806,0.7312502542324135,0.18761059061204574
30,60,1.0,20,7,7,7,0.19180845865199134,1.4021647583762318,0.9768749589422163,1.0780843516901735,2.4336247301458998,0.7295240783257866,0.19180845865199134
30,60,1.0,20,5,7,3,0.17957661841472755,1.3711823551028897,1.0332240237323458,1.0845711769510837,2.4112612018200292,0.7247686336871006,0.17957661841472755
30,70,1.5,50,7,3,7,0.21886891686080057,1.214673398060385,0.9752008036512588,1.0169109989229235,1.4411233323374402,0.7165642731072457,0.21886891686080057
30,65,1.5,33,5,7,3,0.21940016956002312,1.1583303103794138,0.9881860981059165,1.0271182789286937,1.4866652887467384,0.7126596076780747,0.21940016956002312
30,70,1.5,50,7,3,3,0.21886891686080057,1.184989823834368,0.9752008036512588,1.0162185411039646,1.384134125939334,0.7120245510097135,0.21886891686080057
30,65,1.5,33,7,3,3,0.2256279215336694,1.129943906886248,0.995154049347894,1.0111159919455157,1.2561422373861897,0.711680809615991,0.2256279215336694
30,65,1.5,50,7,3,7,0.21729873894555995,1.1288029363493237,1.0047102647319803,1.0107361137773068,1.2436440686068002,0.7064614848456908,0.21729873894555995
30,70,1.5,50,5,7,7,0.2052318228109746,1.2277141138626448,0.939500538765336,1.041255624149644,1.8181141229459812,0.7046104602161176,0.2052318228109746
30,65,1.5,50,5,7,7,0.20150270597710876,1.158984474058238,1.0114636874403007,1.026191538231604,1.4586280626835222,0.7016722584342919,0.20150270597710876
30,70,1.5,50,5,7,3,0.2052318228109746,1.200096434545642,0.939500538765336,1.0395663224325393,1.7180697528800508,0.7003296616665605,0.2052318228109746
30,70,1.5,33,7,3,7,0.1706138147980012,1.308424399374807,0.9752008036512588,1.019264155307355,1.6454399587108004,0.6863346222034189,0.1706138147980012
30,65,1.5,20,7,3,3,0.182682743847663,1.1943182291089283,0.9878463552306521,1.0140974475603746,1.3768007248819147,0.6837489455948638,0.182682743847663
30,65,1.0,33,7,7,3,0.16443770277517603,1.276975952210624,0.9762344369568416,1.051088900481734,1.9353481126227599,0.6813094664644064,0.16443770277517603
30,70,1.0,50,7,7,7,0.15412233491142446,1.3900356667363856,0.908274222929375,1.0777226490676313,2.2352688023064573,0.6767120044432094,0.15412233491142446
30,70,1.5,33,5,7,7,0.1610721501351458,1.3096663484423965,0.939500538765336,1.0469963220116645,2.1947264238879094,0.6749254869480119,0.1610721501351458
30,70,1.5,33,7,3,3,0.1706138147980012,1.2238620437343566,0.9752008036512588,1.018719880044809,1.4898580321640311,0.6748758273070171,0.1706138147980012
30,65,1.0,50,5,7,3,0.14451730219695647,1.3250667428976517,1.01539858254518,1.0615476619613344,2.1466669374028857,0.6740364966623908,0.14451730219695647
30,70,1.5,20,7,3,7,0.13848474430576335,1.4948158025437464,0.9752008036512588,1.0206371689336056,2.043721699908809,0.6737344600367992,0.13848474430576335
30,65,1.0,50,7,7,7,0.15183077213589005,1.2787706223715316,1.0110410429861378,1.049342987204183,1.8810915607604044,0.6736893399792016,0.15183077213589005
30,65,1.5,33,7,3,7,0.1689737521556508,1.1942170081300774,0.995154049347894,1.0136791794119073,1.3569276664831669,0.6716968865078168,0.1689737521556508
30,65,1.5,20,5,7,3,0.1664738616058108,1.2128263492934597,0.9703855886149162,1.034391758918024,1.686564714748445,0.6709551903490375,0.1664738616058108
30,70,1.0,50,7,7,3,0.15412233491142446,1.3435200265769214,0.908274222929375,1.0745401252970157,2.070014100988242,0.6704823312469778,0.15412233491142446
35,65,1.5,50,7,7,3,0.16621802940816957,1.1039183067016658,1.0040855902365093,1.0964263484564192,1.3327114333398045,0.670411284334038,0.16621802940816957
30,65,1.5,33,5,7,7,0.159611096186082,1.2139373325564895,0.9881860981059165,1.0333713630439771,1.636790057887842,0.6669428599008637,0.159611096186082
30,70,1.5,33,5,7,3,0.1610721501351458,1.2347835343807434,0.939500538765336,1.045668522526377,1.933903945517321,0.6648529322299614,0.1610721501351458
30,70,1.5,20,5,7,7,0.13175149538295358,1.480988094628074,0.939500538765336,1.050345889614093,2.9060334822464604,0.6624210481976034,0.13175149538295358
30,65,1.5,20,7,3,7,0.13799773252876626,1.333379172994072,0.9878463552306521,1.0170488469495778,1.5926669139811087,0.6557136248766878,0.13799773252876626
30,70,1.5,20,7,3,3,0.13848474430576335,1.2990799970994575,0.9752008036512588,1.0207980196745652,1.6779016282663808,0.6505308916092126,0.13848474430576335
30,65,1.5,20,5,7,7,0.13086600814109636,1.3344008371086826,0.9703855886149162,1.041591914536945,2.005432942779705,0.6481697739492766,0.13086600814109636
35,60,1.0,50,7,7,3,0.09525022874741093,1.3005686639010174,1.1107403027100469,1.2605944446948605,2.192657753814647,0.6453522196166044,0.09525022874741093
30,60,1.5,20,5,3,7,0.10531653435516805,1.5932682056404,0.9886140746514339,1.0414476179587655,2.2172044664701125,0.6447070469605863,0.10531653435516805
30,60,1.0,50,5,3,3,0.11264726794969894,1.2927091648917415,1.1178095374574226,1.0603948048245837,2.0451133358109237,0.6445612951536619,0.11264726794969894
30,60,1.0,50,5,3,7,0.10828725104454641,1.391446979511023,1.0665409451642092,1.0686265129905592,2.2625904120170333,0.6437420331344791,0.10828725104454641
30,60,1.0,33,5,3,3,0.10674901374498665,1.380345524420168,1.0865305439849138,1.068094539571057,2.252647746161943,0.6430590124885704,0.10674901374498665
30,60,1.0,33,7,3,7,0.11274786985472526,1.3998919767943399,1.012187762960528,1.0619688269009104,2.1302011447920814,0.6417914547120144,0.11274786985472526
30,70,1.5,20,5,7,3,0.13175149538295358,1.3012398475536535,0.939500538765336,1.050738296812712,2.304522353533223,0.641395820411001,0.13175149538295358
30,65,1.5,50,5,3,3,0.12897317507013342,1.243195361323184,1.0114636874403007,1.0233356064308392,1.5338894074254124,0.6382661145567183,0.12897317507013342
30,60,1.0,20,7,3,3,0.10890710602559271,1.3908462840157145,1.0237978887427093,1.0604079835364892,2.105785106657653,0.6368037946638179,0.10890710602559271
35,60,1.5,50,7,3,3,0.10883535096732871,1.1399302745922846,1.095777376631916,1.138556503446496,1.6090077506677831,0.6272364628187509,0.10883535096732871
35,60,1.5,33,5,7,3,0.09246717625641006,1.247661940407931,1.0511538365428876,1.2417821146513874,1.9304517295633559,0.6229440624203582,0.09246717625641006
35,60,1.5,50,7,3,7,0.10340338815590726,1.1820049074553443,1.0615007727360355,1.1517756361670533,1.7092889268723928,0.6217425109380686,0.10340338815590726
35,60,1.5,33,7,3,3,0.10185492638844361,1.1796030694162232,1.0718732197099003,1.1508121248758771,1.7142883817672665,0.6204637961385046,0.10185492638844361
30,60,1.0,20,7,3,7,0.08505302493485423,1.6525585107421854,0.9768749589422163,1.0780843516901735,2.8630433051722974,0.6202754352452611,0.08505302493485423
35,60,1.0,50,7,7,7,0.0758604053711485,1.383996759618499,1.0683384453242333,1.2904957377937165,2.414154421601001,0.6168135647948411,0.0758604053711485
30,65,1.0,50,7,3,3,0.1044220833566894,1.307616804264929,1.0110410429861378,1.0439626156866686,1.8615404970065101,0.6161431788933429,0.1044220833566894
35,60,1.0,33,7,7,3,0.07496758552994977,1.3861120248946834,1.0717228102267848,1.288031888163637,2.3960516284650066,0.615418058877726,0.07496758552994977
30,60,1.0,20,5,7,7,0.08417775151813424,1.5799547441137123,0.9676601244623017,1.1093180923662431,3.2993589803127525,0.6146886970663992,0.08417775151813424
35,65,1.5,33,7,7,3,0.10988814864545267,1.1311010321075872,0.9887023730666155,1.1092953108370318,1.4079465331700456,0.607632860472735,0.10988814864545267
35,60,1.5,33,5,7,7,0.07527439832553526,1.3501944034238287,1.0117979942872217,1.2947700194818428,2.2612225949108318,0.6040633840568836,0.07527439832553526
30,65,1.0,20,7,7,3,0.09295560424279276,1.3666398168207825,0.9496176205814972,1.0647916172473482,2.3424386999432945,0.5986676059194612,0.09295560424279276
30,70,1.5,50,5,3,7,0.08354916648472317,1.545413398220564,0.939500538765336,1.041255624149644,2.2881482844014847,0.5961565186477071,0.08354916648472317
35,60,1.5,20,5,7,3,0.07074927305217157,1.3470919212208643,1.0126306627156714,1.2880594061948465,2.2299174867786644,0.5937813396037157,0.07074927305217157
35,60,1.0,33,7,7,7,0.05832678036039605,1.5404248326036794,1.009965575112961,1.3630714367606227,2.9348253263212594,0.5930392335720105,0.05832678036039605
30,65,1.5,33,5,3,3,0.09157392382401641,1.3284444619644318,0.9881860981059165,1.0271182789286937,1.704994485258525,0.5927800868696183,0.09157392382401641
30,60,1.0,33,5,3,7,0.07055250483146742,1.5773997819297627,1.0170020224204033,1.086756357661275,2.793135607293617,0.5922117977381965,0.07055250483146742
30,70,1.5,50,5,3,3,0.08354916648472317,1.469154522396019,0.939500538765336,1.0395663224325393,2.1032552367253805,0.5884230926718995,0.08354916648472317
35,60,1.0,20,7,7,3,0.05443211683382521,1.537909785854364,1.0088850808113083,1.3533134953435002,2.8719594241697513,0.5814422005051637,0.05443211683382521
30,65,1.5,50,5,3,7,0.08162541617045255,1.3256560139845683,1.0114636874403007,1.026191538231604,1.6683723750798423,0.5789069253633855,0.08162541617045255
30,70,1.0,33,7,7,7,0.07280487676626386,1.5250711986607686,0.908274222929375,1.088537713789832,2.8601151245015983,0.5756092507219637,0.07280487676626386
35,65,1.5,50,5,7,3,0.0663987912811056,1.2652851044948132,1.009394174047337,1.2409272076037974,1.9654664394112635,0.5695592603293897,0.0663987912811056
30,65,1.0,33,5,7,3,0.07264087059971319,1.396608630940394,0.9667644556626068,1.0715244606744272,2.4507933280543956,0.5693700669514683,0.07264087059971319
30,65,1.0,33,7,3,3,0.0731647512810076,1.3965912400732272,0.9762344369568416,1.051088900481734,2.116629189779764,0.569037905185023,0.0731647512810076
35,70,1.5,50,7,7,7,0.08354822730164467,1.1806755432065046,0.9239195292590833,1.1449661635427801,1.8459665373718002,0.5683601910790976,0.08354822730164467
35,70,1.5,50,7,7,3,0.08354822730164467,1.1581252908871014,0.9239195292590833,1.139199324009527,1.7543234441841393,0.5649131219399612,0.08354822730164467
30,70,1.0,33,7,7,3,0.07280487676626386,1.401489695255389,0.908274222929375,1.0860362344023706,2.423044238571947,0.56325223156815,0.07280487676626386
30,65,1.0,33,7,7,7,0.06988596987306157,1.3689677703524599,0.9762344369568416,1.0628692643060629,2.2432294212446315,0.5613119627466099,0.06988596987306157
30,70,1.0,20,7,7,7,0.054845625210649035,1.8089032629201003,0.908274222929375,1.0948480598979768,4.075223276784684,0.5604437675811516,0.054845625210649035
35,65,1.0,50,7,7,3,0.05205974146262036,1.4216153486427068,1.0057117990541469,1.2951198174437515,2.4701928514470066,0.5572074330763566,0.05205974146262036
35,65,1.5,50,7,7,7,0.07512727386187011,1.127173233777389,1.0040855902365093,1.1048792461437085,1.3843775083953678,0.5536285293715845,0.07512727386187011
30,70,1.0,50,5,7,7,0.05828997630710546,1.5633426843623766,0.8715839121011243,1.1088117086946836,2.961229063197371,0.5447581900635967,0.05828997630710546
30,65,1.0,20,7,7,7,0.05434006659137491,1.5669369748693327,0.9496176205814972,1.0783561961365646,3.013029316007845,0.5434013016788137,0.05434006659137491
30,70,1.0,50,5,7,3,0.05828997630710546,1.4950717776432976,0.8715839121011243,1.1043561754158226,2.681426956202938,0.5381688702507139,0.05828997630710546
30,70,1.0,20,7,7,3,0.054845625210649035,1.5113878286964333,0.908274222929375,1.0955873270310903,3.0375554642924643,0.5359144599496858,0.054845625210649035
30,65,1.0,50,5,7,7,0.051823523553958306,1.3991040795845644,1.01539858254518,1.0690801820858564,2.366494487359777,0.5296706982883312,0.051823523553958306
35,65,1.5,33,7,7,7,0.04901777432987845,1.1782696469115932,0.9887023730666155,1.127931472194962,1.52804318863049,0.5037750355789035,0.04901777432987845
30,60,1.0,20,5,3,3,0.03610154632422577,1.5641549315118175,1.0332240237323458,1.0845711769510837,2.7505282148557306,0.5015503429094776,0.03610154632422577
35,65,1.5,20,7,7,3,0.04662433610364626,1.1799359228016173,0.9760960275664189,1.1339514994792135,1.5636741314695584,0.4967518889915133,0.04662433610364626
35,70,1.5,33,7,7,7,0.04269400547807306,1.2529115988960369,0.9239195292590833,1.1660937156456617,2.199658593818772,0.4899635056060687,0.04269400547807306
35,70,1.5,33,7,7,3,0.04269400547807306,1.1900124269960792,0.9239195292590833,1.1588645714975736,1.9685810818984488,0.4829434806085625,0.04269400547807306
30,70,1.0,50,7,3,7,0.03364984310009199,1.6154572616522964,0.908274222929375,1.0777226490676313,2.5973873973064836,0.4802867756693536,0.03364984310009199
30,70,1.0,50,7,3,3,0.03364984310009199,1.5337543011686552,0.908274222929375,1.0745401252970157,2.363114889546697,0.47374497441683383,0.03364984310009199
30,65,1.0,50,7,3,7,0.02817336046836785,1.3960770893324188,1.0110410429861378,1.049342987204183,2.0536344056991775,0.45196892456895904,0.02817336046836785
40,60,1.0,50,7,7,3,0.0,1.7012244384712136,1.1364096403835684,1.3663795014233406,3.085956240948372,0.0,0.0
40,60,1.0,50,7,3,7,0.0,2.8098814230621483,1.0130064768250986,1.5059184889793944,7.282987015565646,0.0,0.0
40,60,1.0,50,7,3,3,0.0,2.3797306621137806,1.1284364034168461,1.469296618276824,5.9110928364421325,0.0,0.0
40,60,1.0,50,5,7,7,0.0,2.394914347946095,1.0634072114295248,1.5650329634818099,5.519020221387416,0.0,0.0
40,60,1.0,50,7,7,7,0.0,1.8970872685202664,1.0517350108380732,1.3899961446324454,3.5055972964186117,0.0,0.0
40,65,1.5,20,5,3,3,0.0,3.839794149420705,0.6896936414116231,1.6513830449769338,10.379210426185828,0.0,0.0
40,65,1.5,20,5,3,7,0.0,4.792298682061431,0.6896936414116231,1.7543330089882156,14.4292287200953,0.0,0.0
40,60,1.5,33,5,3,7,0.0,3.118377644954341,0.886357348385426,1.5860933482484485,9.319457638260243,0.0,0.0
40,65,1.5,20,5,7,7,0.0,3.401138529979016,0.7821716138092487,1.6071865785463315,10.796430482673097,0.0,0.0
40,60,1.5,33,5,3,3,0.0,2.5575579057923963,1.047214554683363,1.481873187414678,7.076662676729694,0.0,0.0
40,60,1.5,50,7,7,7,0.0,1.276558794064199,1.0390797690168196,1.1565691401444553,1.6983495746543833,0.0,0.0
40,60,1.5,20,5,7,7,0.0,2.7685592345423187,0.874290713328095,1.5727190155378994,7.486933986388947,0.0,0.0
40,60,1.5,20,5,7,3,0.0,2.0958955298736224,0.9954649143961554,1.463633220181073,4.406807642367413,0.0,0.0
40,60,1.5,20,5,3,7,0.0,4.043038262638509,0.7646309655104321,1.7265904759910704,13.091657245438107,0.0,0.0
40,60,1.5,20,7,3,3,0.0,2.2348877770009135,1.0247705640983256,1.4174265543720517,7.073816096631767,0.0,0.0
40,60,1.5,20,5,3,3,0.0,3.1221515095807404,0.9043545584198361,1.5771880091421528,8.982231450243818,0.0,0.0
40,60,1.5,33,7,7,7,0.0,1.3782963589509638,0.9960866124347836,1.1853333753071775,1.927011863655233,0.0,0.0
40,60,1.5,33,7,7,3,0.0,1.2857313832053432,1.0458312689305977,1.1573243966965983,1.709296409347029,0.0,0.0
40,60,1.5,33,5,7,3,0.0,1.796664967620653,1.1101793590803062,1.3973812917893673,3.4697243934468873,0.0,0.0
40,60,1.5,20,7,7,3,0.0,1.3785949468043002,0.9995033928717663,1.1830227147434336,1.9137045472016803,0.0,0.0
40,60,1.5,20,7,7,7,0.0,1.5864982809446582,0.9504532006592026,1.2248469213818787,2.509661302342929,0.0,0.0
40,60,1.0,50,5,3,3,0.0,2.7313090028437212,1.0822506279209703,1.4907250845791513,6.712382177310211,0.0,0.0
40,60,1.5,33,7,3,7,0.0,2.2401712949493273,0.997799566281968,1.4241915257754463,7.2504404909302735,0.0,0.0
40,60,1.5,33,7,3,3,0.0,1.9305804984114903,1.1609439224418547,1.3564656372243673,5.352939290046902,0.0,0.0
40,60,1.0,50,5,3,7,0.0,3.337188214360988,0.9629120923344375,1.5288323962123263,7.918752159213742,0.0,0.0
40,60,1.5,33,5,7,7,0.0,2.095009506136522,0.9864286416709729,1.4690950370666855,4.481013814805595,0.0,0.0
40,60,1.0,50,5,7,3,0.0,2.0680165548418485,1.1829655770640624,1.5313362446786687,4.659950226848847,0.0,0.0
40,60,1.5,20,7,3,7,0.0,2.8045888315186835,0.8725817138467922,1.5130494071494847,11.69251701282563,0.0,0.0
40,60,1.0,20,7,7,7,0.0,3.1794656855046,0.815656457618787,1.5913637326489685,8.123523834941185,0.0,0.0
40,60,1.0,20,7,7,3,0.0,2.316160617328534,0.9377071206952892,1.4677234289035317,4.732928868040074,0.0,0.0
40,60,1.0,20,7,3,7,0.0,4.82602434545895,0.7444891255126074,1.7799029405715276,13.022298102897155,0.0,0.0
40,60,1.0,20,7,3,3,0.0,3.6104699754198224,0.8696474132913642,1.6116913693621417,9.432592904545611,0.0,0.0
40,60,1.0,20,5,7,7,0.0,4.1058623829398435,0.7521328145884238,1.863648948083806,11.504079703594968,0.0,0.0
40,60,1.0,20,5,7,3,0.0,3.0763336127454304,0.8787599013725457,1.6805629803791193,7.451798573248339,0.0,0.0
40,60,1.0,20,5,3,7,0.0,6.210116948380963,0.7143575913762047,1.8339347046933225,13.648170635527674,0.0,0.0
40,60,1.0,20,5,3,3,0.0,4.467191064004726,0.8268139105314871,1.6514134075015057,9.764792271808878,0.0,0.0
40,65,1.5,20,5,7,3,0.0,2.4873767497203447,0.7821716138092487,1.5264651583874116,6.69921464902554,0.0,0.0
40,60,1.0,33,7,7,3,0.0,1.92317618068561,1.0600856179300506,1.396423201454416,3.66242928735721,0.0,0.0
40,60,1.0,33,7,3,7,0.0,3.6438444930903113,0.8659614152141516,1.6179796441676135,9.639228216960008,0.0,0.0
40,60,1.0,33,7,3,3,0.0,2.8533244217194853,1.016205065253949,1.5121846041725586,7.023333179923556,0.0,0.0
40,60,1.0,33,5,7,7,0.0,3.094894364873932,0.8947707539015485,1.6844356397947038,7.870878699575257,0.0,0.0
40,60,1.0,33,5,7,3,0.0,2.4373064830206177,1.0476747477708281,1.5753790930720697,5.637685553900014,0.0,0.0
40,60,1.0,33,5,3,7,0.0,4.487780680424565,0.8268136641563386,1.6560700319043236,10.384955379990707,0.0,0.0
40,60,1.0,33,5,3,3,0.0,3.402907883411453,0.9731193079368662,1.5386250158280503,8.350566796962777,0.0,0.0
35,70,1.0,20,7,7,7,0.0,2.5720026672319123,0.8108165058658621,1.6349528059005514,7.852036505144499,0.0,0.0
35,70,1.0,20,7,3,7,0.0,3.2237642820558796,0.7297743687736717,1.746810184909872,12.14683565801564,0.0,0.0
40,60,1.0,33,7,7,7,0.0,2.326596983605481,0.937862491411552,1.470904194376612,4.808185657948996,0.0,0.0
40,60,1.5,50,7,7,3,0.0,1.2320589832429687,1.0740260462283746,1.1459195692633424,1.6192854795756542,0.0,0.0
40,60,1.5,50,7,3,7,0.0,1.9060715154974888,1.1266553911736545,1.356568015486653,5.224532977620164,0.0,0.0
40,60,1.5,50,7,3,3,0.0,1.7438324488674841,1.2483436842547722,1.3287106479462252,4.471732017577247,0.0,0.0
40,60,1.5,50,5,7,7,0.0,1.769468544361905,1.0932744968797663,1.394852784141086,3.4276402126770433,0.0,0.0
40,60,1.5,50,5,7,3,0.0,1.6299193098300688,1.1809353331651773,1.3682188092916918,3.0805254058514047,0.0,0.0
40,60,1.5,50,5,3,7,0.0,2.5018416272367614,1.02343429237697,1.4799866531405745,7.109895370889072,0.0,0.0
40,60,1.5,50,5,3,3,0.0,2.186390256715815,1.1447719284342004,1.4392009269746626,5.911267707466485,0.0,0.0
35,70,1.5,33,7,3,7,0.0,1.5572520339763918,0.8056419530481342,1.252638441739322,4.25629768794268,0.0,0.0
35,70,1.5,50,5,3,3,0.0,1.8196907386225087,0.7403660478308086,1.5411529862519824,5.101893236677353,0.0,0.0
35,70,1.5,33,5,7,7,0.0,1.661691401256475,0.8145991702321138,1.4214395818362815,4.840235831250064,0.0,0.0
35,70,1.5,33,5,7,3,0.0,1.4945327794377263,0.8145991702321138,1.4025253595505403,3.972498615977825,0.0,0.0
35,70,1.5,33,5,3,7,0.0,2.352583483953836,0.7403660478308086,1.6437826367398816,8.976938937899998,0.0,0.0
35,70,1.5,33,5,3,3,0.0,2.003288868851463,0.7403660478308086,1.618686003347988,6.898419291521952,0.0,0.0
35,70,1.5,50,7,3,7,0.0,1.3866732204340904,0.8056419530481342,1.2224311140355952,3.14327987944316,0.0,0.0
35,70,1.5,50,7,3,3,0.0,1.3342626134258244,0.8056419530481342,1.2140294001056418,2.863748732536945,0.0,0.0
35,70,1.5,50,5,7,7,0.0,1.4682934959023919,0.8145991702321138,1.3659080371839802,3.522687255871749,0.0,0.0
35,70,1.5,50,5,7,3,0.0,1.408219168759295,0.8145991702321138,1.350851655383682,3.1907929849221537,0.0,0.0
35,70,1.5,50,5,3,7,0.0,1.9465731565812345,0.7403660478308086,1.5633242626304533,5.87880084095677,0.0,0.0
35,70,1.5,33,7,3,3,0.0,1.4067799387554356,0.8056419530481342,1.2432391273827694,3.5125122813088954,0.0,0.0
40,65,1.0,20,5,7,3,0.0,3.832883431626674,0.6461585257419871,1.8254055939562221,9.329744850268371,0.0,0.0
40,65,1.0,20,5,3,7,0.0,7.4057913590665585,0.6143200462331552,1.9001345258787203,15.565474613714068,0.0,0.0
40,65,1.0,20,5,3,3,0.0,5.699398923026898,0.6143200462331552,1.7905816121928564,11.171660363218423,0.0,0.0
40,65,1.0,33,7,7,7,0.0,2.7689963702531646,0.8099841992149454,1.5410657408188466,6.407571480682857,0.0,0.0
40,65,1.0,33,7,7,3,0.0,2.278617407071395,0.8099841992149454,1.4676468861419518,4.611833295595353,0.0,0.0
40,65,1.0,33,7,3,7,0.0,4.349234493730173,0.7402090918219396,1.696499078252321,11.043127016828219,0.0,0.0
40,65,1.0,33,7,3,3,0.0,3.671109343862872,0.7402090918219396,1.5940490787376957,8.178699900820552,0.0,0.0
40,70,1.0,33,5,3,7,0.0,6.538643493971837,0.5429864712051321,1.920481901015254,12.072984870947025,0.0,0.0
35,70,1.0,20,7,7,3,0.0,1.9887016180882326,0.8108165058658621,1.6103804725310717,5.527717666238385,0.0,0.0
30,65,1.0,20,7,3,3,0.0,1.5657674555224892,0.9496176205814972,1.0647916172473482,2.6830251042388413,0.0,0.0
40,70,1.0,50,7,7,7,0.0,2.6590539124371464,0.59714272034355,1.580562527607946,5.51602387698633,0.0,0.0
40,70,1.0,50,7,7,3,0.0,2.3908666891294654,0.59714272034355,1.564666761728249,4.471445034880863,0.0,0.0
40,70,1.0,50,7,3,7,0.0,4.170922310489943,0.5631285040741314,1.7673915364861987,8.479712746363727,0.0,0.0
40,70,1.0,50,7,3,3,0.0,3.9472952443201788,0.5631285040741314,1.7447174222344586,7.31221857628154,0.0,0.0
40,65,1.5,33,5,7,7,0.0,2.457713805060516,0.8699871921414483,1.5096397326692415,6.142550311613383,0.0,0.0
40,65,1.5,33,5,7,3,0.0,2.076029421209096,0.8699871921414483,1.4422327151114496,4.526763836229673,0.0,0.0
40,65,1.5,33,5,3,7,0.0,3.6922374711761865,0.7641877073112432,1.6292876448182605,10.60511398699861,0.0,0.0
30,65,1.0,20,7,3,7,0.0,1.9317452777100053,0.9496176205814972,1.0783561961365646,3.695379083818608,0.0,0.0
40,65,1.0,20,5,7,7,0.0,4.826929598624265,0.6461585257419871,1.958155842476245,12.933054492339455,0.0,0.0
40,65,1.0,20,7,3,3,0.0,4.508448898576635,0.6599122654711412,1.7242130969146332,10.703063656281461,0.0,0.0
30,65,1.0,20,5,7,7,0.0,1.8213471089329745,0.9295736527524042,1.109698674591191,4.291667559395262,0.0,0.0
30,65,1.0,20,5,7,3,0.0,1.528739121359662,0.9295736527524042,1.0907082641462875,3.1340229143370353,0.0,0.0
30,65,1.0,20,5,3,7,0.0,2.3604776715040545,0.9295736527524042,1.109698674591191,5.524942747717993,0.0,0.0
30,65,1.0,20,5,3,3,0.0,1.823669778018873,0.9295736527524042,1.0907082641462875,3.737281635536399,0.0,0.0
30,65,1.0,33,7,3,7,0.0,1.5672142693163524,0.9762344369568416,1.0628692643060629,2.566779598937483,0.0,0.0
30,65,1.0,33,5,7,7,0.0,1.5320112551832985,0.9667644556626068,1.0880169700284892,2.970954924792737,0.0,0.0
40,70,1.0,33,5,3,3,0.0,5.524507601540149,0.5429864712051321,1.92577208661658,9.861757461289583,0.0,0.0
30,65,1.0,33,5,3,3,0.0,1.5735605021130246,0.9667644556626068,1.0715244606744272,2.761303681273329,0.0,0.0
30,65,1.0,50,5,3,7,0.0,1.5728196235156335,1.01539858254518,1.0690801820858564,2.6602936704972353,0.0,0.0
30,65,1.0,50,5,3,3,0.0,1.442110159288227,1.01539858254518,1.0615476619613344,2.3362824575235317,0.0,0.0
30,65,1.5,20,5,3,7,0.0,1.8475411022986177,0.9703855886149162,1.041591914536945,2.760200282043518,0.0,0.0
30,65,1.5,20,5,3,3,0.0,1.4935230641107522,0.9703855886149162,1.034391758918024,2.0762184136404374,0.0,0.0
40,65,1.5,33,7,7,7,0.0,1.4900295636903824,0.9487611994064031,1.199393358811176,2.255244759075084,0.0,0.0
40,65,1.5,33,7,7,3,0.0,1.3725824710703816,0.9487611994064031,1.1734574243620295,1.9384459076784617,0.0,0.0
40,65,1.5,33,7,3,7,0.0,2.5960206786384044,0.8693988734320762,1.4432938039918688,9.738211889869206,0.0,0.0
40,65,1.5,33,7,3,3,0.0,2.2689544081271427,0.8693988734320762,1.3818259031066296,7.113841002372055,0.0,0.0
30,65,1.0,33,5,3,7,0.0,1.8257252867292741,0.9667644556626068,1.0880169700284892,3.5381788958354523,0.0,0.0
40,70,1.0,33,7,3,3,0.0,4.486887046983319,0.5631285040741314,1.855322204426463,9.58477026541451,0.0,0.0
40,70,1.0,33,5,7,7,0.0,4.41309818342026,0.5612902182262914,1.9739981600643046,9.983463014762442,0.0,0.0
40,65,1.0,33,5,7,7,0.0,3.6981645159551992,0.7491906066190424,1.793020937530344,9.546730296212525,0.0,0.0
40,65,1.0,33,5,7,3,0.0,3.0501062076920182,0.7491906066190424,1.6837794873992766,6.82437389294895,0.0,0.0
40,65,1.0,33,5,3,7,0.0,5.466036234464542,0.7137883247768082,1.7573173505354436,11.618306705239224,0.0,0.0
40,65,1.0,33,5,3,3,0.0,4.508836121493573,0.7137883247768082,1.6463758637104027,8.39011325815937,0.0,0.0
40,65,1.0,50,7,7,7,0.0,2.2069939859882988,0.9291529170871898,1.4571636652468436,4.352167467131823,0.0,0.0
40,65,1.0,50,7,7,3,0.0,2.0048111274420712,0.9291529170871898,1.423085577824903,3.7297314850151397,0.0,0.0
40,65,1.5,33,5,3,3,0.0,3.1859521488980653,0.7641877073112432,1.5346145613685762,7.888642488464477,0.0,0.0
40,65,1.0,50,7,3,3,0.0,3.0797442023189316,0.8551624028174205,1.5319089776903008,7.146250232779812,0.0,0.0
40,65,1.0,50,5,7,7,0.0,2.9247378574762792,0.8805698525182222,1.668840763525321,6.96273412830825,0.0,0.0
40,65,1.0,50,5,7,3,0.0,2.574691208833171,0.8805698525182222,1.6179695067273085,5.704866737924664,0.0,0.0
40,65,1.0,50,5,3,7,0.0,4.220806362766728,0.8235000763961946,1.630055600634326,9.236012382885727,0.0,0.0
40,65,1.0,50,5,3,3,0.0,3.7051922077339134,0.8235000763961946,1.5758390404008595,7.532534565742991,0.0,0.0
40,65,1.5,20,7,7,7,0.0,1.79968860993725,0.9126973272635714,1.2366825487090962,3.151765059667082,0.0,0.0
40,65,1.5,20,7,7,3,0.0,1.4973594738040752,0.9126973272635714,1.2056513339276103,2.363450713083578,0.0,0.0
40,65,1.5,20,7,3,7,0.0,3.3334004913202584,0.7773336946479376,1.527978875713687,14.716562002124423,0.0,0.0
40,65,1.5,20,7,3,3,0.0,2.658893406088403,0.7773336946479376,1.4558096615164393,9.822793805726837,0.0,0.0
40,65,1.0,50,7,3,7,0.0,3.4826291070829662,0.8551624028174205,1.5792272182135514,8.750347077962408,0.0,0.0
40,65,1.5,50,7,7,7,0.0,1.3555780831111066,0.9934345273063123,1.1695305948280288,1.8774344833874015,0.0,0.0
40,65,1.5,50,7,7,3,0.0,1.3085797981631992,0.9934345273063123,1.157610215708777,1.7630228236028698,0.0,0.0
40,65,1.5,50,7,3,7,0.0,2.19528448475767,0.9917348074257496,1.3725967551097717,6.625328679919039,0.0,0.0
40,65,1.5,50,7,3,3,0.0,2.0264311696422106,0.9917348074257496,1.3444584451208283,5.6089185011650144,0.0,0.0
40,65,1.5,50,5,7,7,0.0,2.019568774174501,0.979646559785979,1.4321518762077148,4.255877941687014,0.0,0.0
40,65,1.5,50,5,7,3,0.0,1.8658680765215356,0.979646559785979,1.4011431578454696,3.7105193324948758,0.0,0.0
40,65,1.5,50,5,3,7,0.0,3.0185455561249457,0.8786663035644225,1.5200583937488357,8.479797078481804,0.0,0.0
40,65,1.5,50,5,3,3,0.0,2.7437344407808824,0.8786663035644225,1.4756606766805949,7.072515811139325,0.0,0.0
40,70,1.0,33,7,3,7,0.0,5.1360329817323755,0.5631285040741314,1.8553003150232468,11.488523909993175,0.0,0.0
40,70,1.0,20,7,7,3,0.0,3.476662893067755,0.59714272034355,1.7317219879526586,9.659860729007798,0.0,0.0
40,70,1.0,20,7,3,7,0.0,6.6677834718480575,0.5631285040741314,1.8884994463768014,15.50374728292436,0.0,0.0
40,70,1.0,20,7,3,3,0.0,5.2408292718295195,0.5631285040741314,1.9400435766278048,12.274058230355074,0.0,0.0
40,70,1.0,20,5,7,7,0.0,5.759880579536938,0.5612902182262914,2.0496895757214584,13.149789021467448,0.0,0.0
40,70,1.0,20,5,7,3,0.0,4.5117234846772885,0.5612902182262914,2.0725582880494633,10.917354236118548,0.0,0.0
40,70,1.0,20,5,3,7,0.0,8.707033995741247,0.5429864712051321,1.9687364633016495,16.55154633576903,0.0,0.0
40,70,1.0,20,5,3,3,0.0,6.686939898051982,0.5429864712051321,2.0218878071927335,13.12703242804949,0.0,0.0
40,70,1.0,33,7,7,7,0.0,3.5195492532445396,0.59714272034355,1.6668705071481706,9.02132475702808,0.0,0.0
40,70,1.0,33,7,7,3,0.0,2.750461871507917,0.59714272034355,1.6457636289225626,6.1778250372682315,0.0,0.0
40,70,1.0,20,7,7,7,0.0,4.761096004389528,0.59714272034355,1.7433615546823458,13.618873035645443,0.0,0.0
35,60,1.5,20,7,3,3,0.0,1.2641494434953142,1.0319944898059126,1.1783177138732392,1.9575286210688994,0.0,0.0
35,60,1.5,20,5,7,7,0.0,1.5445506189137912,0.9733414675088401,1.370538928490659,2.971082204471332,0.0,0.0
35,60,1.5,20,5,3,7,0.0,2.081038183522683,0.9647713377202518,1.5691406303500315,7.075416928513018,0.0,0.0
35,60,1.5,20,5,3,3,0.0,1.6478547126274572,1.0763323509398761,1.4471808658699972,4.373447120797454,0.0,0.0
30,70,1.0,50,5,3,7,0.0,1.8969360420465795,0.8715839121011243,1.1088117086946836,3.5923964985527417,0.0,0.0
30,70,1.0,50,5,3,3,0.0,1.7762152895667191,0.8715839121011243,1.1043561754158226,3.1856595555595635,0.0,0.0
30,70,1.5,20,5,3,7,0.0,2.2551687709186057,0.939500538765336,1.050345889614093,4.361661941666616,0.0,0.0
30,70,1.5,20,5,3,3,0.0,1.760936184025564,0.939500538765336,1.050738296812712,3.1139941958938215,0.0,0.0
40,65,1.0,20,7,3,7,0.0,5.7362339182589785,0.6599122654711412,1.8236462585321174,14.62975901056294,0.0,0.0
30,70,1.5,33,5,3,3,0.0,1.569194161253893,0.939500538765336,1.045668522526377,2.457506976120629,0.0,0.0
30,65,1.5,33,5,3,7,0.0,1.49329654259131,0.9881860981059165,1.0333713630439771,2.0121200393087193,0.0,0.0
30,70,1.0,20,7,3,7,0.0,2.3578374560044786,0.908274222929375,1.0948480598979768,5.253776994346038,0.0,0.0
30,70,1.0,20,7,3,3,0.0,1.838424390080583,0.908274222929375,1.0955873270310903,3.690519340111503,0.0,0.0
30,70,1.0,20,5,7,7,0.0,2.1715030381336446,0.8715839121011243,1.1327872838571684,6.18526930876364,0.0,0.0
30,70,1.0,20,5,7,3,0.0,1.741152148699397,0.8715839121011243,1.133822257843527,4.375593408689043,0.0,0.0
30,70,1.0,20,5,3,7,0.0,2.9798460317429734,0.8715839121011243,1.1327872838571684,8.365421046848912,0.0,0.0
30,70,1.0,20,5,3,3,0.0,2.224973005394294,0.8715839121011243,1.133822257843527,5.582257875013641,0.0,0.0
30,70,1.5,33,5,3,7,0.0,1.7841274700017677,0.939500538765336,1.0469963220116645,2.9811563487243196,0.0,0.0
35,60,1.0,20,7,3,7,0.0,2.12197354677637,0.9188492009930146,1.564016256561201,6.808836981123134,0.0,0.0
35,60,1.0,20,7,3,3,0.0,1.6876413565255433,1.028671201735578,1.4179071078812437,4.191508088929659,0.0,0.0
35,60,1.0,20,5,7,7,0.0,2.2424767724056283,0.9235577321836602,1.6906957341426136,6.5475319793204125,0.0,0.0
35,60,1.0,20,5,7,3,0.0,1.7965282331858805,1.0109396934721306,1.5078278841301502,4.15616893682794,0.0,0.0
35,60,1.0,20,5,3,7,0.0,2.519642806431382,0.8801826702264745,1.8198257423919768,9.743302466136559,0.0,0.0
35,60,1.0,20,5,3,3,0.0,1.954065935314562,1.023415380076264,1.6016861520946597,6.340284936014705,0.0,0.0
35,60,1.0,33,7,3,7,0.0,1.6937704662592195,1.0180966348812146,1.4295958029843625,4.288622649930755,0.0,0.0
35,60,1.0,33,7,3,3,0.0,1.4717798805584807,1.1310849305005777,1.3386872583970473,3.2568286977311613,0.0,0.0
35,60,1.5,20,7,3,7,0.0,1.4422844895439026,0.9863973147234786,1.2245137466359302,2.5617427467802316,0.0,0.0
35,60,1.0,33,5,7,3,0.0,1.5647243131198723,1.0993652134676204,1.4120682353338683,3.293913850035114,0.0,0.0
35,60,1.0,33,5,3,7,0.0,1.958334051976829,1.0211474819774624,1.6190009059557093,6.506658658539079,0.0,0.0
35,60,1.0,33,5,3,3,0.0,1.648474075658657,1.179679662042872,1.485170410121677,4.795429260304394,0.0,0.0
35,60,1.0,50,7,3,7,0.0,1.4722260356842434,1.1136184086218595,1.3416084657359104,3.2582842333212074,0.0,0.0
35,60,1.0,50,7,3,3,0.0,1.3599549819390457,1.1943072318178956,1.3049952092944608,2.8669771520927623,0.0,0.0
35,60,1.0,50,5,7,7,0.0,1.5613316579542542,1.0943827924931755,1.415679243801912,3.330538770223585,0.0,0.0
35,60,1.0,50,5,7,3,0.0,1.4358443923383846,1.154659719659146,1.3721168329369948,2.933839007205582,0.0,0.0
35,60,1.0,50,5,3,7,0.0,1.6478133132569115,1.1568627113276375,1.4894659476774714,4.810572465048584,0.0,0.0
35,60,1.0,50,5,3,3,0.0,1.4887017420872364,1.2713222011411875,1.4360268867206558,4.0942673813413295,0.0,0.0
35,60,1.0,33,5,7,7,0.0,1.7996326450061948,1.0120734158184619,1.5222287470321605,4.281119378472693,0.0,0.0
40,70,1.5,33,7,7,7,0.0,1.6993469826128051,0.6329597792566068,1.249196229334996,4.901607113069068,0.0,0.0
40,70,1.5,33,7,7,3,0.0,1.5053251081264212,0.6329597792566068,1.2420846551177496,3.7923580927701215,0.0,0.0
40,70,1.5,33,7,3,7,0.0,3.1380635137444677,0.588337220021509,1.568657017945786,10.18234537749135,0.0,0.0
40,70,1.5,33,7,3,3,0.0,2.775560066660473,0.588337220021509,1.5542087172356382,8.011979424191079,0.0,0.0
40,70,1.5,33,5,7,7,0.0,3.114472265288365,0.5772085636213315,1.635160631907454,9.489741059560021,0.0,0.0
40,70,1.5,33,5,7,3,0.0,2.503331279728673,0.5772085636213315,1.6176872715517532,6.438690809560264,0.0,0.0
40,70,1.5,33,5,3,7,0.0,4.383810912204581,0.5533548494619134,1.8027283253707698,11.269299954950473,0.0,0.0
40,70,1.5,33,5,3,3,0.0,3.8757232376222475,0.5533548494619134,1.7928669222951286,9.21579315385371,0.0,0.0
30,70,1.0,33,7,3,7,0.0,1.862257246838043,0.908274222929375,1.088537713789832,3.484885501864247,0.0,0.0
40,70,1.5,50,7,3,7,0.0,2.647087939754111,0.588337220021509,1.5077629949843072,6.576321676919977,0.0,0.0
40,70,1.5,50,7,3,3,0.0,2.5498815046025425,0.588337220021509,1.4919720875264117,5.820859421579696,0.0,0.0
40,70,1.5,50,5,7,7,0.0,2.427112920918088,0.5772085636213315,1.5627089865292907,5.72960599364163,0.0,0.0
40,70,1.5,50,5,7,3,0.0,2.224864984181872,0.5772085636213315,1.546594749935224,4.640287303917553,0.0,0.0
40,70,1.5,50,5,3,7,0.0,3.6191320076325377,0.5533548494619134,1.7156176024901342,8.200713914714841,0.0,0.0
40,70,1.5,50,5,3,3,0.0,3.4786966043179444,0.5533548494619134,1.695337557457958,6.996993024877306,0.0,0.0
40,65,1.0,20,7,7,7,0.0,3.9914477118277065,0.7221066209686536,1.6525802874981443,10.810323781513954,0.0,0.0
40,65,1.0,20,7,7,3,0.0,2.8047119829802503,0.7221066209686536,1.5629039992412774,6.702169102392174,0.0,0.0
40,70,1.5,50,7,7,3,0.0,1.4201690644145586,0.6329597792566068,1.2149470744664974,2.920670902971472,0.0,0.0
40,70,1.0,33,5,7,3,0.0,3.823867224574989,0.5612902182262914,1.945054503745974,8.139564307872345,0.0,0.0
30,70,1.0,33,7,3,3,0.0,1.6390308196050494,0.908274222929375,1.0860362344023706,2.8335993663705454,0.0,0.0
30,70,1.0,33,5,7,7,0.0,1.7606461585061268,0.8715839121011243,1.1239527993057639,4.047400466790308,0.0,0.0
30,70,1.0,33,5,7,3,0.0,1.580496242339919,0.8715839121011243,1.120450728163318,3.2914566198831405,0.0,0.0
30,70,1.0,33,5,3,7,0.0,2.259003672631192,0.8715839121011243,1.1239527993057639,5.177641728872339,0.0,0.0
30,70,1.0,33,5,3,3,0.0,1.9321884569741137,0.8715839121011243,1.120450728163318,4.0236107969679535,0.0,0.0
40,70,1.5,50,7,7,7,0.0,1.4842612313599213,0.6329597792566068,1.2214695197469736,3.297686158733889,0.0,0.0
30,60,1.0,20,5,3,7,0.0,1.9480550386644047,0.9676601244623017,1.1093180923662431,4.058627409681364,0.0,0.0
40,70,1.0,50,5,7,7,0.0,3.5793826925557024,0.5612902182262914,1.8463820514304088,7.331627552223578,0.0,0.0
40,70,1.5,20,5,3,3,0.0,4.46509469449527,0.5533548494619134,1.8734044816976017,12.259111860847465,0.0,0.0
40,70,1.0,50,5,3,7,0.0,5.099891961747128,0.5429864712051321,1.8204445145758514,8.753505385301843,0.0,0.0
40,70,1.0,50,5,3,3,0.0,4.7740072961258555,0.5429864712051321,1.805065963392687,7.477950095248119,0.0,0.0
40,70,1.5,20,7,7,7,0.0,2.15347651504467,0.6329597792566068,1.2708120637566092,8.038877659565474,0.0,0.0
40,70,1.5,20,7,7,3,0.0,1.6829421131634412,0.6329597792566068,1.268457511464548,5.4487055379917955,0.0,0.0
40,70,1.5,20,7,3,7,0.0,4.00675939056255,0.588337220021509,1.610360292996588,15.490961210652689,0.0,0.0
40,70,1.5,20,7,3,3,0.0,3.1510878569771914,0.588337220021509,1.6103675314157366,11.763664267975388,0.0,0.0
40,70,1.5,20,5,7,7,0.0,4.083464434464022,0.5772085636213315,1.6920955917278437,14.222129775825826,0.0,0.0
40,70,1.5,20,5,7,3,0.0,3.0756015561185186,0.5772085636213315,1.6872735430786168,10.15039430718315,0.0,0.0
40,70,1.5,20,5,3,7,0.0,5.6081699326437375,0.5533548494619134,1.8508100000007834,14.787453964051604,0.0,0.0
40,70,1.0,50,5,7,3,0.0,3.243966123599066,0.5612902182262914,1.8242430394974773,5.89842643505659,0.0,0.0
35,70,1.0,50,5,3,7,0.0,2.3093961488239234,0.6912150011324125,1.806334310985355,6.384007519416492,0.0,0.0
35,70,1.0,50,5,3,3,0.0,2.1397051256410795,0.6912150011324125,1.7663851909647035,5.497811671566354,0.0,0.0
35,70,1.5,20,7,7,7,0.0,1.3975209770837402,0.9239195292590833,1.1846423973679172,2.823125766742718,0.0,0.0
35,70,1.5,20,7,7,3,0.0,1.2492604766033024,0.9239195292590833,1.17985947065325,2.323147939493762,0.0,0.0
35,70,1.5,20,7,3,7,0.0,1.8917689392867147,0.8056419530481342,1.2767799267600632,6.129807608248843,0.0,0.0
35,70,1.5,20,7,3,3,0.0,1.5449995889365653,0.8056419530481342,1.2724490308615661,4.657959973129551,0.0,0.0
35,70,1.5,20,5,7,7,0.0,2.0466390154317184,0.8145991702321138,1.470511305927989,7.04781194594058,0.0,0.0
35,70,1.5,20,5,7,3,0.0,1.6540992763345195,0.8145991702321138,1.4582579232180068,5.3337316668766075,0.0,0.0
35,60,1.0,20,7,7,7,0.0,1.8286364470162475,0.9467742647944317,1.4763977650832825,4.128401799596881,0.0,0.0
35,70,1.5,20,5,3,3,0.0,2.3349809120374867,0.7403660478308086,1.6976010112951507,10.124369455206882,0.0,0.0
35,65,1.0,50,7,7,7,0.0,1.5127635300402378,1.0057117990541469,1.3260102116172643,2.7593356374634928,0.0,0.0
35,65,1.0,50,7,3,7,0.0,1.6428374837437008,1.0124470239127776,1.378843308915244,3.9318866071541665,0.0,0.0
35,65,1.0,50,7,3,3,0.0,1.5087555271734663,1.0124470239127776,1.3415425231866653,3.368495687654127,0.0,0.0
35,65,1.0,50,5,7,7,0.0,1.7575237917439335,1.0060561781792106,1.4685354756503117,3.9523593072950582,0.0,0.0
35,65,1.0,50,5,7,3,0.0,1.61834283802917,1.0060561781792106,1.4232049868609682,3.4188347775065213,0.0,0.0
35,65,1.0,50,5,3,7,0.0,1.8919426427769623,1.0104676858903143,1.5455134010856915,5.685697977746731,0.0,0.0
35,65,1.0,50,5,3,3,0.0,1.7041546533438467,1.0104676858903143,1.4906188468511394,4.7087299923575605,0.0,0.0
35,65,1.5,20,7,7,7,0.0,1.2825670531996283,0.9760960275664189,1.1569839704627873,1.8056453696883392,0.0,0.0
35,70,1.5,20,5,3,7,0.0,3.100846061648468,0.7403660478308086,1.7091540583676716,13.629137516057437,0.0,0.0
35,70,1.0,20,7,3,3,0.0,2.368884372296473,0.7297743687736717,1.7224478251566826,8.101926075881314,0.0,0.0
35,70,1.0,20,5,7,7,0.0,3.379549541247171,0.7354364713131598,1.92706713542722,11.749446508074765,0.0,0.0
35,70,1.0,20,5,7,3,0.0,2.4932815236272297,0.7354364713131598,1.891575528515038,8.03215888837629,0.0,0.0
35,70,1.0,20,5,3,7,0.0,3.821909813502389,0.6912150011324125,2.001103888936978,14.237348754164087,0.0,0.0
35,70,1.0,20,5,3,3,0.0,2.852169635475828,0.6912150011324125,2.0588649726743404,10.690242601045366,0.0,0.0
35,70,1.0,33,7,7,7,0.0,1.9921482389427305,0.8108165058658621,1.5534663669898454,5.0390829756348055,0.0,0.0
35,70,1.0,33,7,7,3,0.0,1.7463910432270038,0.8108165058658621,1.5222496808189598,4.047690262142881,0.0,0.0
35,70,1.0,33,7,3,7,0.0,2.3799886076875367,0.7297743687736717,1.6551736792167642,7.2761933006792265,0.0,0.0
35,70,1.0,50,5,7,3,0.0,1.9100481498572912,0.7354364713131598,1.6449686453671006,4.209001878728805,0.0,0.0
35,70,1.0,33,5,7,7,0.0,2.4936972032992832,0.7354364713131598,1.8055593307613111,7.20664138804804,0.0,0.0
35,70,1.0,33,5,7,3,0.0,2.1186660556558117,0.7354364713131598,1.759374515682059,5.577455232824793,0.0,0.0
35,70,1.0,33,5,3,7,0.0,2.839252636371839,0.6912150011324125,1.9564742310998637,9.267608085911194,0.0,0.0
35,70,1.0,33,5,3,3,0.0,2.4082361827528853,0.6912150011324125,1.9042753936807473,7.6383917316650916,0.0,0.0
35,70,1.0,50,7,7,7,0.0,1.7024325048069477,0.8108165058658621,1.4682817180376537,3.577153226402484,0.0,0.0
35,70,1.0,50,7,7,3,0.0,1.6122671110780749,0.8108165058658621,1.4456982629898276,3.2122541351822034,0.0,0.0
35,70,1.0,50,7,3,7,0.0,1.952888449334427,0.7297743687736717,1.555131210705632,4.763522997828069,0.0,0.0
35,70,1.0,50,7,3,3,0.0,1.8213583594217608,0.7297743687736717,1.528372948578029,4.1575735008705115,0.0,0.0
35,70,1.0,50,5,7,7,0.0,2.047965688754434,0.7354364713131598,1.6785098411157495,4.799422004001045,0.0,0.0
35,70,1.0,33,7,3,3,0.0,2.0140603413920135,0.7297743687736717,1.6201769198755125,5.539250136035691,0.0,0.0
35,60,1.5,50,5,3,7,0.0,1.4399642183556671,1.1494158559302623,1.3787206284083444,3.343456481664289,0.0,0.0
35,60,1.5,50,5,3,3,0.0,1.334416723737371,1.2339620715439004,1.344963488212493,2.949616017129237,0.0,0.0
35,65,1.0,20,7,7,7,0.0,2.132169097261236,0.8933997648471476,1.5294261946458623,5.422684261799566,0.0,0.0
35,65,1.0,20,7,7,3,0.0,1.7290577309964061,0.8933997648471476,1.4406897847143545,3.81857474849194,0.0,0.0
35,65,1.0,20,7,3,7,0.0,2.5650797480719443,0.83834236401703,1.620103751350202,8.795300319709577,0.0,0.0
35,65,1.0,20,7,3,3,0.0,1.95930786786385,0.83834236401703,1.5137225824001304,5.714503004247702,0.0,0.0
35,65,1.0,20,5,7,7,0.0,2.711982840127528,0.8491292637139688,1.7706533127699102,9.050963296960946,0.0,0.0
35,65,1.0,20,5,7,3,0.0,2.0933101909496235,0.8491292637139688,1.6386329721387145,5.915641843058432,0.0,0.0
35,65,1.5,20,7,3,7,0.0,1.6133966303744725,0.9560103507674521,1.235618455336814,3.166844342127095,0.0,0.0
35,65,1.0,20,5,3,3,0.0,2.3322966764374384,0.7911150617747668,1.746587560310515,7.710544506533122,0.0,0.0
35,65,1.0,33,7,7,7,0.0,1.717649619534898,0.9440158900148627,1.4138111566141252,3.598384848269935,0.0,0.0
35,65,1.0,33,7,7,3,0.0,1.5332143459181873,0.9440158900148627,1.3445983791255531,2.8783565702684637,0.0,0.0
35,65,1.0,33,7,3,7,0.0,1.9449892107572737,0.9153366869467928,1.4836363298814208,5.658055803349301,0.0,0.0
35,65,1.0,33,7,3,3,0.0,1.6677094593547446,0.9153366869467928,1.399885682166001,4.169352503572181,0.0,0.0
35,65,1.0,33,5,7,7,0.0,2.0732421771933383,0.9196732590106466,1.5983646399760143,5.517557232754951,0.0,0.0
35,65,1.0,33,5,7,3,0.0,1.790022229085075,0.9196732590106466,1.4960589577435166,4.153444861064974,0.0,0.0
35,65,1.0,33,5,3,7,0.0,2.30095081357834,0.8772383501637024,1.7011042621911472,7.84370451445621,0.0,0.0
35,65,1.0,33,5,3,3,0.0,1.9314054676088375,0.8772383501637024,1.5768735380701766,5.561805083942956,0.0,0.0
35,65,1.0,20,5,3,7,0.0,3.056822040396907,0.7911150617747668,1.9056274979488779,11.227617522430624,0.0,0.0
35,65,1.5,20,7,3,3,0.0,1.3650907122867963,0.9560103507674521,1.201403277982645,2.4043627284479014,0.0,0.0
35,65,1.5,20,5,7,7,0.0,1.7434880510680701,0.9411050863614623,1.398712795424969,3.6944755462633068,0.0,0.0
35,65,1.5,20,5,7,3,0.0,1.4691323231188032,0.9411050863614623,1.3385639267320482,2.7710164099234653,0.0,0.0
35,65,1.5,20,5,3,7,0.0,2.485521634091924,0.8907197642766329,1.6013841660527721,9.630916028863558,0.0,0.0
35,65,1.5,20,5,3,3,0.0,1.9033790666880614,0.8907197642766329,1.5111938851805358,6.337753995737202,0.0,0.0
35,65,1.5,33,7,3,7,0.0,1.362232533946471,0.9853478305099136,1.1936343219179926,2.2988801399643295,0.0,0.0
35,65,1.5,33,7,3,3,0.0,1.2477205720475477,0.9853478305099136,1.1654176791750712,1.9464268220221066,0.0,0.0
35,65,1.5,33,5,7,7,0.0,1.4637680130329442,0.971792858495468,1.3224736985213024,2.6452329461176083,0.0,0.0
35,60,1.5,33,5,3,3,0.0,1.4347801845999035,1.1744601623960453,1.3762245672379707,3.3644244927937526,0.0,0.0
35,65,1.5,33,5,3,7,0.0,1.8915369406187856,0.9621425819695951,1.4898693991542165,5.855423877926401,0.0,0.0
35,65,1.5,33,5,3,3,0.0,1.6100334762257262,0.9621425819695951,1.4163098423370495,4.293646654490535,0.0,0.0
35,65,1.5,50,7,3,7,0.0,1.2412334127833586,1.0227064184060277,1.1595050857625073,1.8812542047971208,0.0,0.0
35,65,1.5,50,7,3,3,0.0,1.1861067421997324,1.0227064184060277,1.1467133939352825,1.7381135234536176,0.0,0.0
35,65,1.5,50,5,7,7,0.0,1.3269114201981207,1.009394174047337,1.262639528050677,2.140669557053596,0.0,0.0
35,65,1.5,50,5,3,7,0.0,1.591596382310323,1.0535779861147965,1.400519770353957,4.036595706866124,0.0,0.0
35,65,1.5,50,5,3,3,0.0,1.4537329813856232,1.0535779861147965,1.3674677372145758,3.442652117751723,0.0,0.0
35,60,1.5,33,7,3,7,0.0,1.2684826651942749,1.0244376970607887,1.1821827745908244,1.9740045689331907,0.0,0.0
35,60,1.5,33,5,3,7,0.0,1.6568866444356123,1.0579575338991853,1.4572626794086623,4.4431531215775575,0.0,0.0
35,65,1.5,33,5,7,3,0.0,1.3378601118212963,0.971792858495468,1.274222571589111,2.216673845880549,0.0,0.0
