tol%,d%,buy_rsi,trim_rsi,ab200,deep_OS,stop_dd,W1-BEAR,W2-EARLYBULL,W3-MIDCHOP,W4-LATEBULL,W5-FULL,geo_4w,worst_4w,any_liq,max_dd_any%,stops_total
1.0,33,50,0,0.95,0.7,0.2,0.9855327201693019,1.2067568406379388,0.9930792486146508,1.0430418131771308,1.3248019390100754,1.0535232166267476,0.9855327201693019,False,8.961376568152946,1
1.0,33,50,0,0.95,0.7,0.25,0.9800762096679511,1.2067568406379388,0.9930792486146508,1.0430418131771308,1.3248019390100754,1.0520619423334727,0.9800762096679511,False,8.961376568152946,1
1.0,33,50,0,0.95,0.7,0.3,0.9780816445808661,1.2067568406379388,0.9930792486146508,1.0430418131771308,1.3248019390100754,1.0515262673173027,0.9780816445808661,False,8.961376568152946,1
1.0,33,50,0,0.95,0.8,0.2,0.9855327201693019,1.2067568406379388,0.9930792486146508,1.0430418131771308,1.3248019390100754,1.0535232166267476,0.9855327201693019,False,8.961376568152946,1
1.0,33,50,0,0.95,0.8,0.25,0.9800762096679511,1.2067568406379388,0.9930792486146508,1.0430418131771308,1.3248019390100754,1.0520619423334727,0.9800762096679511,False,8.961376568152946,1
1.0,33,50,0,0.95,0.8,0.3,0.9780816445808661,1.2067568406379388,0.9930792486146508,1.0430418131771308,1.3248019390100754,1.0515262673173027,0.9780816445808661,False,8.961376568152946,1
1.0,33,50,0,1.0,0.7,0.2,1.0,1.1303995654233534,1.0,1.0430418131771308,1.1891059818285048,1.0420376843949875,1.0,False,5.97611673664079,0
1.0,33,50,0,1.0,0.7,0.25,1.0,1.1303995654233534,1.0,1.0430418131771308,1.1891059818285048,1.0420376843949875,1.0,False,5.97611673664079,0
1.0,33,50,0,1.0,0.7,0.3,1.0,1.1303995654233534,1.0,1.0430418131771308,1.1891059818285048,1.0420376843949875,1.0,False,5.97611673664079,0
1.0,33,50,0,1.0,0.8,0.2,1.0,1.1303995654233534,1.0,1.0430418131771308,1.1891059818285048,1.0420376843949875,1.0,False,5.97611673664079,0
1.0,33,50,0,1.0,0.8,0.25,1.0,1.1303995654233534,1.0,1.0430418131771308,1.1891059818285048,1.0420376843949875,1.0,False,5.97611673664079,0
1.0,33,50,0,1.0,0.8,0.3,1.0,1.1303995654233534,1.0,1.0430418131771308,1.1891059818285048,1.0420376843949875,1.0,False,5.97611673664079,0
1.0,33,50,50,0.95,0.7,0.2,0.9855327201693019,1.2514867509843506,0.9930792486146508,1.0417222741454553,1.3747660932194024,1.0628165053542151,0.9855327201693019,False,9.63253950898466,1
1.0,33,50,50,0.95,0.7,0.25,0.9800762096679511,1.2514867509843506,0.9930792486146508,1.0417222741454553,1.3747660932194024,1.0613423409378722,0.9800762096679511,False,9.63253950898466,1
1.0,33,50,50,0.95,0.7,0.3,0.9780816445808661,1.2514867509843506,0.9930792486146508,1.0417222741454553,1.3747660932194024,1.0608019406508102,0.9780816445808661,False,9.63253950898466,1
1.0,33,50,50,0.95,0.8,0.2,0.9855327201693019,1.2514867509843506,0.9930792486146508,1.0417222741454553,1.3747660932194024,1.0628165053542151,0.9855327201693019,False,9.63253950898466,1
1.0,33,50,50,0.95,0.8,0.25,0.9800762096679511,1.2514867509843506,0.9930792486146508,1.0417222741454553,1.3747660932194024,1.0613423409378722,0.9800762096679511,False,9.63253950898466,1
1.0,33,50,50,0.95,0.8,0.3,0.9780816445808661,1.2514867509843506,0.9930792486146508,1.0417222741454553,1.3747660932194024,1.0608019406508102,0.9780816445808661,False,9.63253950898466,1
1.0,33,50,50,1.0,0.7,0.2,1.0,1.1756214987568727,1.0,1.0417222741454553,1.239158825174838,1.0519736640052726,1.0,False,6.566857806387083,0
1.0,33,50,50,1.0,0.7,0.25,1.0,1.1756214987568727,1.0,1.0417222741454553,1.239158825174838,1.0519736640052726,1.0,False,6.566857806387083,0
1.0,33,50,50,1.0,0.7,0.3,1.0,1.1756214987568727,1.0,1.0417222741454553,1.239158825174838,1.0519736640052726,1.0,False,6.566857806387083,0
1.0,33,50,50,1.0,0.8,0.2,1.0,1.1756214987568727,1.0,1.0417222741454553,1.239158825174838,1.0519736640052726,1.0,False,6.566857806387083,0
1.0,33,50,50,1.0,0.8,0.25,1.0,1.1756214987568727,1.0,1.0417222741454553,1.239158825174838,1.0519736640052726,1.0,False,6.566857806387083,0
1.0,33,50,50,1.0,0.8,0.3,1.0,1.1756214987568727,1.0,1.0417222741454553,1.239158825174838,1.0519736640052726,1.0,False,6.566857806387083,0
1.0,33,55,0,0.95,0.7,0.2,0.9680533235069092,1.2950070022324152,0.9930792486146508,1.0430418131771308,1.4268439157672195,1.0674910822818766,0.9680533235069092,False,9.849651032253782,1
1.0,33,55,0,0.95,0.7,0.25,0.9542753239250447,1.2950070022324152,0.9930792486146508,1.0430418131771308,1.4268439157672195,1.06367232320268,0.9542753239250447,False,9.849651032253782,1
1.0,33,55,0,0.95,0.7,0.3,0.9492389335563183,1.2950070022324152,0.9930792486146508,1.0430418131771308,1.4268439157672195,1.062266097957706,0.9492389335563183,False,9.849651032253782,1
1.0,33,55,0,0.95,0.8,0.2,0.9680533235069092,1.2950070022324152,0.9930792486146508,1.0430418131771308,1.4268439157672195,1.0674910822818766,0.9680533235069092,False,9.849651032253782,1
1.0,33,55,0,0.95,0.8,0.25,0.9542753239250447,1.2950070022324152,0.9930792486146508,1.0430418131771308,1.4268439157672195,1.06367232320268,0.9542753239250447,False,9.849651032253782,1
1.0,33,55,0,0.95,0.8,0.3,0.9492389335563183,1.2950070022324152,0.9930792486146508,1.0430418131771308,1.4268439157672195,1.062266097957706,0.9492389335563183,False,9.849651032253782,1
1.0,33,55,0,1.0,0.7,0.2,1.0,1.2176199314972673,1.0,1.0430418131771308,1.2870916274440038,1.0615815617323288,1.0,False,6.834451220466963,0
1.0,33,55,0,1.0,0.7,0.25,1.0,1.2176199314972673,1.0,1.0430418131771308,1.2870916274440038,1.0615815617323288,1.0,False,6.834451220466963,0
1.0,33,55,0,1.0,0.7,0.3,1.0,1.2176199314972673,1.0,1.0430418131771308,1.2870916274440038,1.0615815617323288,1.0,False,6.834451220466963,0
1.0,33,55,0,1.0,0.8,0.2,1.0,1.2176199314972673,1.0,1.0430418131771308,1.2870916274440038,1.0615815617323288,1.0,False,6.834451220466963,0
1.0,33,55,0,1.0,0.8,0.25,1.0,1.2176199314972673,1.0,1.0430418131771308,1.2870916274440038,1.0615815617323288,1.0,False,6.834451220466963,0
1.0,33,55,0,1.0,0.8,0.3,1.0,1.2176199314972673,1.0,1.0430418131771308,1.2870916274440038,1.0615815617323288,1.0,False,6.834451220466963,0
1.0,33,55,50,0.95,0.7,0.2,0.9680533235069092,1.3709356161795714,0.9930792486146508,1.0417222741454553,1.5131273840428312,1.0824629718676275,0.9680533235069092,False,10.831483290373889,1
1.0,33,55,50,0.95,0.7,0.25,0.9542753239250447,1.3709356161795714,0.9930792486146508,1.0417222741454553,1.5131273840428312,1.0785906535220002,0.9542753239250447,False,10.831483290373889,1
1.0,33,55,50,0.95,0.7,0.3,0.9492389335563183,1.3709356161795714,0.9930792486146508,1.0417222741454553,1.5131273840428312,1.0771647055369962,0.9492389335563183,False,10.831483290373889,1
1.0,33,55,50,0.95,0.8,0.2,0.9680533235069092,1.3709356161795714,0.9930792486146508,1.0417222741454553,1.5131273840428312,1.0824629718676275,0.9680533235069092,False,10.831483290373889,1
1.0,33,55,50,0.95,0.8,0.25,0.9542753239250447,1.3709356161795714,0.9930792486146508,1.0417222741454553,1.5131273840428312,1.0785906535220002,0.9542753239250447,False,10.831483290373889,1
1.0,33,55,50,0.95,0.8,0.3,0.9492389335563183,1.3709356161795714,0.9930792486146508,1.0417222741454553,1.5131273840428312,1.0771647055369962,0.9492389335563183,False,10.831483290373889,1
1.0,33,55,50,1.0,0.7,0.2,1.0,1.2943837499675686,1.0,1.0417222741454553,1.3729811626186965,1.077590491557666,1.0,False,8.036415141205755,0
1.0,33,55,50,1.0,0.7,0.25,1.0,1.2943837499675686,1.0,1.0417222741454553,1.3729811626186965,1.077590491557666,1.0,False,8.036415141205755,0
1.0,33,55,50,1.0,0.7,0.3,1.0,1.2943837499675686,1.0,1.0417222741454553,1.3729811626186965,1.077590491557666,1.0,False,8.036415141205755,0
1.0,33,55,50,1.0,0.8,0.2,1.0,1.2943837499675686,1.0,1.0417222741454553,1.3729811626186965,1.077590491557666,1.0,False,8.036415141205755,0
1.0,33,55,50,1.0,0.8,0.25,1.0,1.2943837499675686,1.0,1.0417222741454553,1.3729811626186965,1.077590491557666,1.0,False,8.036415141205755,0
1.0,33,55,50,1.0,0.8,0.3,1.0,1.2943837499675686,1.0,1.0417222741454553,1.3729811626186965,1.077590491557666,1.0,False,8.036415141205755,0
1.0,33,100,0,0.95,0.7,0.2,0.9374233497529569,1.2950070022324152,0.9930792486146508,1.0430418131771308,1.4268439157672195,1.0589449346866822,0.9374233497529569,False,9.87909946614871,1
1.0,33,100,0,0.95,0.7,0.25,0.9114037879605245,1.2950070022324152,0.9930792486146508,1.0430418131771308,1.4268439157672195,1.0515190447715488,0.9114037879605245,False,12.380537413953373,1
1.0,33,100,0,0.95,0.7,0.3,0.9018926343542797,1.2950070022324152,0.9930792486146508,1.0430418131771308,1.4268439157672195,1.0487649039210833,0.9018926343542797,False,13.294909483239303,1
1.0,33,100,0,0.95,0.8,0.2,0.9374233497529569,1.2950070022324152,0.9930792486146508,1.0430418131771308,1.4268439157672195,1.0589449346866822,0.9374233497529569,False,9.87909946614871,1
1.0,33,100,0,0.95,0.8,0.25,0.9114037879605245,1.2950070022324152,0.9930792486146508,1.0430418131771308,1.4268439157672195,1.0515190447715488,0.9114037879605245,False,12.380537413953373,1
1.0,33,100,0,0.95,0.8,0.3,0.9018926343542797,1.2950070022324152,0.9930792486146508,1.0430418131771308,1.4268439157672195,1.0487649039210833,0.9018926343542797,False,13.294909483239303,1
1.0,33,100,0,1.0,0.7,0.2,1.0,1.2176199314972673,1.0,1.0430418131771308,1.2870916274440038,1.0615815617323288,1.0,False,6.834451220466963,0
1.0,33,100,0,1.0,0.7,0.25,1.0,1.2176199314972673,1.0,1.0430418131771308,1.2870916274440038,1.0615815617323288,1.0,False,6.834451220466963,0
1.0,33,100,0,1.0,0.7,0.3,1.0,1.2176199314972673,1.0,1.0430418131771308,1.2870916274440038,1.0615815617323288,1.0,False,6.834451220466963,0
1.0,33,100,0,1.0,0.8,0.2,1.0,1.2176199314972673,1.0,1.0430418131771308,1.2870916274440038,1.0615815617323288,1.0,False,6.834451220466963,0
1.0,33,100,0,1.0,0.8,0.25,1.0,1.2176199314972673,1.0,1.0430418131771308,1.2870916274440038,1.0615815617323288,1.0,False,6.834451220466963,0
1.0,33,100,0,1.0,0.8,0.3,1.0,1.2176199314972673,1.0,1.0430418131771308,1.2870916274440038,1.0615815617323288,1.0,False,6.834451220466963,0
1.0,33,100,50,0.95,0.7,0.2,0.9374233497529569,1.3709356161795714,0.9930792486146508,1.0417222741454553,1.5131273840428312,1.0737969619332506,0.9374233497529569,False,10.831483290373889,1
1.0,33,100,50,0.95,0.7,0.25,0.9114037879605245,1.3709356161795714,0.9930792486146508,1.0417222741454553,1.5131273840428312,1.0662669216362257,0.9114037879605245,False,12.380537413953373,1
1.0,33,100,50,0.95,0.7,0.3,0.9018926343542797,1.3709356161795714,0.9930792486146508,1.0417222741454553,1.5131273840428312,1.063474153116264,0.9018926343542797,False,13.294909483239303,1
1.0,33,100,50,0.95,0.8,0.2,0.9374233497529569,1.3709356161795714,0.9930792486146508,1.0417222741454553,1.5131273840428312,1.0737969619332506,0.9374233497529569,False,10.831483290373889,1
1.0,33,100,50,0.95,0.8,0.25,0.9114037879605245,1.3709356161795714,0.9930792486146508,1.0417222741454553,1.5131273840428312,1.0662669216362257,0.9114037879605245,False,12.380537413953373,1
1.0,33,100,50,0.95,0.8,0.3,0.9018926343542797,1.3709356161795714,0.9930792486146508,1.0417222741454553,1.5131273840428312,1.063474153116264,0.9018926343542797,False,13.294909483239303,1
1.0,33,100,50,1.0,0.7,0.2,1.0,1.2943837499675686,1.0,1.0417222741454553,1.3729811626186965,1.077590491557666,1.0,False,8.036415141205755,0
1.0,33,100,50,1.0,0.7,0.25,1.0,1.2943837499675686,1.0,1.0417222741454553,1.3729811626186965,1.077590491557666,1.0,False,8.036415141205755,0
1.0,33,100,50,1.0,0.7,0.3,1.0,1.2943837499675686,1.0,1.0417222741454553,1.3729811626186965,1.077590491557666,1.0,False,8.036415141205755,0
1.0,33,100,50,1.0,0.8,0.2,1.0,1.2943837499675686,1.0,1.0417222741454553,1.3729811626186965,1.077590491557666,1.0,False,8.036415141205755,0
1.0,33,100,50,1.0,0.8,0.25,1.0,1.2943837499675686,1.0,1.0417222741454553,1.3729811626186965,1.077590491557666,1.0,False,8.036415141205755,0
1.0,33,100,50,1.0,0.8,0.3,1.0,1.2943837499675686,1.0,1.0417222741454553,1.3729811626186965,1.077590491557666,1.0,False,8.036415141205755,0
1.0,50,50,0,0.95,0.7,0.2,0.9899164762745242,1.1141194449766159,0.9930792486146508,1.0441798156126434,1.1950591565885802,1.0341234274810274,0.9899164762745242,False,5.8886108543356634,1
1.0,50,50,0,0.95,0.7,0.25,0.9858444535123221,1.1141194449766159,0.9930792486146508,1.0441798156126434,1.1950591565885802,1.0330583160396734,0.9858444535123221,False,5.8886108543356634,1
1.0,50,50,0,0.95,0.7,0.3,0.9843559721040496,1.1141194449766159,0.9930792486146508,1.0441798156126434,1.1950591565885802,1.0326681531972919,0.9843559721040496,False,5.8886108543356634,1
1.0,50,50,0,0.95,0.8,0.2,0.9899164762745242,1.1141194449766159,0.9930792486146508,1.0441798156126434,1.1950591565885802,1.0341234274810274,0.9899164762745242,False,5.8886108543356634,1
1.0,50,50,0,0.95,0.8,0.25,0.9858444535123221,1.1141194449766159,0.9930792486146508,1.0441798156126434,1.1950591565885802,1.0330583160396734,0.9858444535123221,False,5.8886108543356634,1
1.0,50,50,0,0.95,0.8,0.3,0.9843559721040496,1.1141194449766159,0.9930792486146508,1.0441798156126434,1.1950591565885802,1.0326681531972919,0.9843559721040496,False,5.8886108543356634,1
1.0,50,50,0,1.0,0.7,0.2,1.0,1.0635107048792056,1.0,1.0441798156126434,1.1102131757028706,1.0265480678124606,1.0,False,4.970287443034794,0
1.0,50,50,0,1.0,0.7,0.25,1.0,1.0635107048792056,1.0,1.0441798156126434,1.1102131757028706,1.0265480678124606,1.0,False,4.970287443034794,0
1.0,50,50,0,1.0,0.7,0.3,1.0,1.0635107048792056,1.0,1.0441798156126434,1.1102131757028706,1.0265480678124606,1.0,False,4.970287443034794,0
1.0,50,50,0,1.0,0.8,0.2,1.0,1.0635107048792056,1.0,1.0441798156126434,1.1102131757028706,1.0265480678124606,1.0,False,4.970287443034794,0
1.0,50,50,0,1.0,0.8,0.25,1.0,1.0635107048792056,1.0,1.0441798156126434,1.1102131757028706,1.0265480678124606,1.0,False,4.970287443034794,0
1.0,50,50,0,1.0,0.8,0.3,1.0,1.0635107048792056,1.0,1.0441798156126434,1.1102131757028706,1.0265480678124606,1.0,False,4.970287443034794,0
1.0,50,50,50,0.95,0.7,0.2,0.9899164762745242,1.1369985984603568,0.9930792486146508,1.0450486563464387,1.220443399719135,1.0396082686796966,0.9899164762745242,False,5.985033221992742,1
1.0,50,50,50,0.95,0.7,0.25,0.9858444535123221,1.1369985984603568,0.9930792486146508,1.0450486563464387,1.220443399719135,1.0385375080411972,0.9858444535123221,False,5.985033221992742,1
1.0,50,50,50,0.95,0.7,0.3,0.9843559721040496,1.1369985984603568,0.9930792486146508,1.0450486563464387,1.220443399719135,1.0381452758314893,0.9843559721040496,False,5.985033221992742,1
1.0,50,50,50,0.95,0.8,0.2,0.9899164762745242,1.1369985984603568,0.9930792486146508,1.0450486563464387,1.220443399719135,1.0396082686796966,0.9899164762745242,False,5.985033221992742,1
1.0,50,50,50,0.95,0.8,0.25,0.9858444535123221,1.1369985984603568,0.9930792486146508,1.0450486563464387,1.220443399719135,1.0385375080411972,0.9858444535123221,False,5.985033221992742,1
1.0,50,50,50,0.95,0.8,0.3,0.9843559721040496,1.1369985984603568,0.9930792486146508,1.0450486563464387,1.220443399719135,1.0381452758314893,0.9843559721040496,False,5.985033221992742,1
1.0,50,50,50,1.0,0.7,0.2,1.0,1.0866624761818133,1.0,1.0450486563464387,1.1350902897782438,1.0323044404224373,1.0,False,5.080397022351779,0
1.0,50,50,50,1.0,0.7,0.25,1.0,1.0866624761818133,1.0,1.0450486563464387,1.1350902897782438,1.0323044404224373,1.0,False,5.080397022351779,0
1.0,50,50,50,1.0,0.7,0.3,1.0,1.0866624761818133,1.0,1.0450486563464387,1.1350902897782438,1.0323044404224373,1.0,False,5.080397022351779,0
1.0,50,50,50,1.0,0.8,0.2,1.0,1.0866624761818133,1.0,1.0450486563464387,1.1350902897782438,1.0323044404224373,1.0,False,5.080397022351779,0
1.0,50,50,50,1.0,0.8,0.25,1.0,1.0866624761818133,1.0,1.0450486563464387,1.1350902897782438,1.0323044404224373,1.0,False,5.080397022351779,0
1.0,50,50,50,1.0,0.8,0.3,1.0,1.0866624761818133,1.0,1.0450486563464387,1.1350902897782438,1.0323044404224373,1.0,False,5.080397022351779,0
1.0,50,55,0,0.95,0.7,0.2,0.9791225571810301,1.155689509799893,0.9930792486146508,1.0441798156126434,1.2393815153818328,1.0407810039920424,0.9791225571810301,False,5.952528210041963,1
1.0,50,55,0,0.95,0.7,0.25,0.9688404679408329,1.155689509799893,0.9930792486146508,1.0441798156126434,1.2393815153818328,1.038037781188014,0.9688404679408329,False,5.952528210041963,1
1.0,50,55,0,0.95,0.7,0.3,0.9650819676656639,1.155689509799893,0.9930792486146508,1.0441798156126434,1.2393815153818328,1.0370295775624712,0.9650819676656639,False,5.952528210041963,1
1.0,50,55,0,0.95,0.8,0.2,0.9791225571810301,1.155689509799893,0.9930792486146508,1.0441798156126434,1.2393815153818328,1.0407810039920424,0.9791225571810301,False,5.952528210041963,1
1.0,50,55,0,0.95,0.8,0.25,0.9688404679408329,1.155689509799893,0.9930792486146508,1.0441798156126434,1.2393815153818328,1.038037781188014,0.9688404679408329,False,5.952528210041963,1
1.0,50,55,0,0.95,0.8,0.3,0.9650819676656639,1.155689509799893,0.9930792486146508,1.0441798156126434,1.2393815153818328,1.0370295775624712,0.9650819676656639,False,5.952528210041963,1
1.0,50,55,0,1.0,0.7,0.2,1.0,1.1040767021393512,1.0,1.0441798156126434,1.1523738167071804,1.0362001119689292,1.0,False,5.043307036625022,0
1.0,50,55,0,1.0,0.7,0.25,1.0,1.1040767021393512,1.0,1.0441798156126434,1.1523738167071804,1.0362001119689292,1.0,False,5.043307036625022,0
1.0,50,55,0,1.0,0.7,0.3,1.0,1.1040767021393512,1.0,1.0441798156126434,1.1523738167071804,1.0362001119689292,1.0,False,5.043307036625022,0
1.0,50,55,0,1.0,0.8,0.2,1.0,1.1040767021393512,1.0,1.0441798156126434,1.1523738167071804,1.0362001119689292,1.0,False,5.043307036625022,0
1.0,50,55,0,1.0,0.8,0.25,1.0,1.1040767021393512,1.0,1.0441798156126434,1.1523738167071804,1.0362001119689292,1.0,False,5.043307036625022,0
1.0,50,55,0,1.0,0.8,0.3,1.0,1.1040767021393512,1.0,1.0441798156126434,1.1523738167071804,1.0362001119689292,1.0,False,5.043307036625022,0
1.0,50,55,50,0.95,0.7,0.2,0.9791225571810301,1.194526663705436,0.9930792486146508,1.0450486563464387,1.2816935164979288,1.0496350648730945,0.9791225571810301,False,6.106547338647294,1
1.0,50,55,50,0.95,0.7,0.25,0.9688404679408329,1.194526663705436,0.9930792486146508,1.0450486563464387,1.2816935164979288,1.0468685051118927,0.9688404679408329,False,6.106547338647294,1
1.0,50,55,50,0.95,0.7,0.3,0.9650819676656639,1.194526663705436,0.9930792486146508,1.0450486563464387,1.2816935164979288,1.0458517245655117,0.9650819676656639,False,6.106547338647294,1
1.0,50,55,50,0.95,0.8,0.2,0.9791225571810301,1.194526663705436,0.9930792486146508,1.0450486563464387,1.2816935164979288,1.0496350648730945,0.9791225571810301,False,6.106547338647294,1
1.0,50,55,50,0.95,0.8,0.25,0.9688404679408329,1.194526663705436,0.9930792486146508,1.0450486563464387,1.2816935164979288,1.0468685051118927,0.9688404679408329,False,6.106547338647294,1
1.0,50,55,50,0.95,0.8,0.3,0.9650819676656639,1.194526663705436,0.9930792486146508,1.0450486563464387,1.2816935164979288,1.0458517245655117,0.9650819676656639,False,6.106547338647294,1
1.0,50,55,50,1.0,0.7,0.2,1.0,1.1433766223004804,1.0,1.0450486563464387,1.1939932393499035,1.0455178572263941,1.0,False,5.218789515234034,0
1.0,50,55,50,1.0,0.7,0.25,1.0,1.1433766223004804,1.0,1.0450486563464387,1.1939932393499035,1.0455178572263941,1.0,False,5.218789515234034,0
1.0,50,55,50,1.0,0.7,0.3,1.0,1.1433766223004804,1.0,1.0450486563464387,1.1939932393499035,1.0455178572263941,1.0,False,5.218789515234034,0
1.0,50,55,50,1.0,0.8,0.2,1.0,1.1433766223004804,1.0,1.0450486563464387,1.1939932393499035,1.0455178572263941,1.0,False,5.218789515234034,0
1.0,50,55,50,1.0,0.8,0.25,1.0,1.1433766223004804,1.0,1.0450486563464387,1.1939932393499035,1.0455178572263941,1.0,False,5.218789515234034,0
1.0,50,55,50,1.0,0.8,0.3,1.0,1.1433766223004804,1.0,1.0450486563464387,1.1939932393499035,1.0455178572263941,1.0,False,5.218789515234034,0
1.0,50,100,0,0.95,0.7,0.2,0.9583274445649336,1.155689509799893,0.9930792486146508,1.0441798156126434,1.2393815153818328,1.035210276141785,0.9583274445649336,False,7.86944625045185,1
1.0,50,100,0,0.95,0.7,0.25,0.9389098611377453,1.155689509799893,0.9930792486146508,1.0441798156126434,1.2393815153818328,1.0299261097060406,0.9389098611377453,False,9.736190987619509,1
1.0,50,100,0,0.95,0.7,0.3,0.9318119853121896,1.155689509799893,0.9930792486146508,1.0441798156126434,1.2393815153818328,1.0279740843717198,0.9318119853121896,False,10.418558203504524,1
1.0,50,100,0,0.95,0.8,0.2,0.9583274445649336,1.155689509799893,0.9930792486146508,1.0441798156126434,1.2393815153818328,1.035210276141785,0.9583274445649336,False,7.86944625045185,1
1.0,50,100,0,0.95,0.8,0.25,0.9389098611377453,1.155689509799893,0.9930792486146508,1.0441798156126434,1.2393815153818328,1.0299261097060406,0.9389098611377453,False,9.736190987619509,1
1.0,50,100,0,0.95,0.8,0.3,0.9318119853121896,1.155689509799893,0.9930792486146508,1.0441798156126434,1.2393815153818328,1.0279740843717198,0.9318119853121896,False,10.418558203504524,1
1.0,50,100,0,1.0,0.7,0.2,1.0,1.1040767021393512,1.0,1.0441798156126434,1.1523738167071804,1.0362001119689292,1.0,False,5.043307036625022,0
1.0,50,100,0,1.0,0.7,0.25,1.0,1.1040767021393512,1.0,1.0441798156126434,1.1523738167071804,1.0362001119689292,1.0,False,5.043307036625022,0
1.0,50,100,0,1.0,0.7,0.3,1.0,1.1040767021393512,1.0,1.0441798156126434,1.1523738167071804,1.0362001119689292,1.0,False,5.043307036625022,0
1.0,50,100,0,1.0,0.8,0.2,1.0,1.1040767021393512,1.0,1.0441798156126434,1.1523738167071804,1.0362001119689292,1.0,False,5.043307036625022,0
1.0,50,100,0,1.0,0.8,0.25,1.0,1.1040767021393512,1.0,1.0441798156126434,1.1523738167071804,1.0362001119689292,1.0,False,5.043307036625022,0
1.0,50,100,0,1.0,0.8,0.3,1.0,1.1040767021393512,1.0,1.0441798156126434,1.1523738167071804,1.0362001119689292,1.0,False,5.043307036625022,0
1.0,50,100,50,0.95,0.7,0.2,0.9583274445649336,1.194526663705436,0.9930792486146508,1.0450486563464387,1.2816935164979288,1.0440169461083713,0.9583274445649336,False,7.86944625045185,1
1.0,50,100,50,0.95,0.7,0.25,0.9389098611377453,1.194526663705436,0.9930792486146508,1.0450486563464387,1.2816935164979288,1.0386878265738018,0.9389098611377453,False,9.736190987619509,1
1.0,50,100,50,0.95,0.7,0.3,0.9318119853121896,1.194526663705436,0.9930792486146508,1.0450486563464387,1.2816935164979288,1.036719195103238,0.9318119853121896,False,10.418558203504524,1
1.0,50,100,50,0.95,0.8,0.2,0.9583274445649336,1.194526663705436,0.9930792486146508,1.0450486563464387,1.2816935164979288,1.0440169461083713,0.9583274445649336,False,7.86944625045185,1
1.0,50,100,50,0.95,0.8,0.25,0.9389098611377453,1.194526663705436,0.9930792486146508,1.0450486563464387,1.2816935164979288,1.0386878265738018,0.9389098611377453,False,9.736190987619509,1
1.0,50,100,50,0.95,0.8,0.3,0.9318119853121896,1.194526663705436,0.9930792486146508,1.0450486563464387,1.2816935164979288,1.036719195103238,0.9318119853121896,False,10.418558203504524,1
1.0,50,100,50,1.0,0.7,0.2,1.0,1.1433766223004804,1.0,1.0450486563464387,1.1939932393499035,1.0455178572263941,1.0,False,5.218789515234034,0
1.0,50,100,50,1.0,0.7,0.25,1.0,1.1433766223004804,1.0,1.0450486563464387,1.1939932393499035,1.0455178572263941,1.0,False,5.218789515234034,0
1.0,50,100,50,1.0,0.7,0.3,1.0,1.1433766223004804,1.0,1.0450486563464387,1.1939932393499035,1.0455178572263941,1.0,False,5.218789515234034,0
1.0,50,100,50,1.0,0.8,0.2,1.0,1.1433766223004804,1.0,1.0450486563464387,1.1939932393499035,1.0455178572263941,1.0,False,5.218789515234034,0
1.0,50,100,50,1.0,0.8,0.25,1.0,1.1433766223004804,1.0,1.0450486563464387,1.1939932393499035,1.0455178572263941,1.0,False,5.218789515234034,0
1.0,50,100,50,1.0,0.8,0.3,1.0,1.1433766223004804,1.0,1.0450486563464387,1.1939932393499035,1.0455178572263941,1.0,False,5.218789515234034,0
2.0,33,50,0,0.95,0.7,0.2,0.9674589415179495,1.1978928110594562,0.9930792486146508,1.0427071302715856,1.2735474278115615,1.0466444814850662,0.9674589415179495,False,5.470220014486127,2
2.0,33,50,0,0.95,0.7,0.25,0.9591939774749595,1.1978928110594562,0.9930792486146508,1.0427071302715856,1.2735474278115615,1.044401923605545,0.9591939774749595,False,5.470220014486127,2
2.0,33,50,0,0.95,0.7,0.3,0.9554873899429894,1.1978928110594562,0.9930792486146508,1.0427071302715856,1.2735474278115615,1.0433914946318295,0.9554873899429894,False,5.470220014486127,2
2.0,33,50,0,0.95,0.8,0.2,0.9536986911835253,1.1978928110594562,0.9930792486146508,1.0427071302715856,1.3011459459281698,1.0429028370379665,0.9536986911835253,False,5.474858011608664,2
2.0,33,50,0,0.95,0.8,0.25,0.9479484823274725,1.1978928110594562,0.9930792486146508,1.0427071302715856,1.3011459459281698,1.041327256568361,0.9479484823274725,False,5.576881661872735,1
2.0,33,50,0,0.95,0.8,0.3,0.8919883138320124,1.1978928110594562,0.9930792486146508,1.0427071302715856,1.3011459459281698,1.0256066859984945,0.8919883138320124,False,11.150954209670772,1
2.0,33,50,0,1.0,0.7,0.2,0.9775929247797162,1.1292730717861517,1.0,1.0427071302715856,1.1747144330028654,1.0358093842670228,0.9775929247797162,False,4.9768044797171225,1
2.0,33,50,0,1.0,0.7,0.25,0.9728014082963521,1.1292730717861517,1.0,1.0427071302715856,1.1747144330028654,1.0345378309521926,0.9728014082963521,False,4.9768044797171225,1
2.0,33,50,0,1.0,0.7,0.3,0.9690422379348294,1.1292730717861517,1.0,1.0427071302715856,1.1747144330028654,1.0335369452058407,0.9690422379348294,False,4.9768044797171225,1
2.0,33,50,0,1.0,0.8,0.2,0.9651574160181281,1.1292730717861517,1.0,1.0427071302715856,1.2003776644190909,1.03249954015813,0.9651574160181281,False,4.982217487634532,1
2.0,33,50,0,1.0,0.8,0.25,0.9147407606606157,1.1292730717861517,1.0,1.0427071302715856,1.2003776644190909,1.0187434671993265,0.9147407606606157,False,8.52592393393843,1
2.0,33,50,0,1.0,0.8,0.3,0.9147407606606157,1.1292730717861517,1.0,1.0427071302715856,1.2003776644190909,1.0187434671993265,0.9147407606606157,False,8.52592393393843,1
2.0,33,50,50,0.95,0.7,0.2,0.9674589415179495,1.2283571390368326,0.9930792486146508,1.041506473505195,1.3028942980257932,1.0529330782868254,0.9674589415179495,False,5.517577450568112,2
2.0,33,50,50,0.95,0.7,0.25,0.9591939774749595,1.2283571390368326,0.9930792486146508,1.041506473505195,1.3028942980257932,1.0506770463551707,0.9591939774749595,False,5.517577450568112,2
2.0,33,50,50,0.95,0.7,0.3,0.9554873899429894,1.2283571390368326,0.9930792486146508,1.041506473505195,1.3028942980257932,1.0496605463797684,0.9554873899429894,False,5.517577450568112,2
2.0,33,50,50,0.95,0.8,0.2,0.9536986911835253,1.2283571390368326,0.9930792486146508,1.041506473505195,1.3395211738708834,1.0491689527645185,0.9536986911835253,False,5.527368650282649,2
2.0,33,50,50,0.95,0.8,0.25,0.9479484823274725,1.2283571390368326,0.9930792486146508,1.041506473505195,1.3395211738708834,1.0475839056704026,0.9479484823274725,False,5.576881661872735,1
2.0,33,50,50,0.95,0.8,0.3,0.8919883138320124,1.2283571390368326,0.9930792486146508,1.041506473505195,1.3395211738708834,1.0317688805540726,0.8919883138320124,False,11.150954209670772,1
2.0,33,50,50,1.0,0.7,0.2,0.9775929247797162,1.1600798636623257,1.0,1.041506473505195,1.2040276438780062,1.0425021948039552,0.9775929247797162,False,5.03199076574502,1
2.0,33,50,50,1.0,0.7,0.25,0.9728014082963521,1.1600798636623257,1.0,1.041506473505195,1.2040276438780062,1.0412224254355218,0.9728014082963521,False,5.03199076574502,1
2.0,33,50,50,1.0,0.7,0.3,0.9690422379348294,1.1600798636623257,1.0,1.041506473505195,1.2040276438780062,1.0402150725352988,0.9690422379348294,False,5.03199076574502,1
2.0,33,50,50,1.0,0.8,0.2,0.9651574160181281,1.1600798636623257,1.0,1.041506473505195,1.2383232079473454,1.0391709643667824,0.9651574160181281,False,5.0433772353816515,1
2.0,33,50,50,1.0,0.8,0.25,0.9147407606606157,1.1600798636623257,1.0,1.041506473505195,1.2383232079473454,1.0253260074960893,0.9147407606606157,False,8.52592393393843,1
2.0,33,50,50,1.0,0.8,0.3,0.9147407606606157,1.1600798636623257,1.0,1.041506473505195,1.2383232079473454,1.0253260074960893,0.9147407606606157,False,8.52592393393843,1
2.0,33,55,0,0.95,0.7,0.2,0.9423940499451905,1.2626988565508346,0.9930792486146508,1.0931513852434487,1.405391461593738,1.066102924653051,0.9423940499451905,False,8.803676928008253,2
2.0,33,55,0,0.95,0.7,0.25,0.9206869423043168,1.2626988565508346,0.9930792486146508,1.0931513852434487,1.405391461593738,1.0599100175970635,0.9206869423043168,False,10.90429333309989,2
2.0,33,55,0,0.95,0.7,0.3,0.9109069296674545,1.2626988565508346,0.9930792486146508,1.0931513852434487,1.405391461593738,1.057084007269825,0.9109069296674545,False,11.850713986043681,2
2.0,33,55,0,0.95,0.8,0.2,0.9289902996831158,1.2626988565508346,0.9930792486146508,1.0931513852434487,1.4355614035657578,1.0622917183087488,0.9289902996831158,False,10.100769942705822,2
2.0,33,55,0,0.95,0.8,0.25,0.8883191521888243,1.2626988565508346,0.9930792486146508,1.0931513852434487,1.4355614035657578,1.050469040339888,0.8883191521888243,False,14.036553606464896,2
2.0,33,55,0,0.95,0.8,0.3,0.8954655393760835,1.2626988565508346,0.9930792486146508,1.0931513852434487,1.4355614035657578,1.052575410768782,0.8954655393760835,False,13.344991266099171,1
2.0,33,55,0,1.0,0.7,0.2,0.9775929247797162,1.1927894656358264,1.0,1.0931513852434487,1.2991427995676847,1.0625528451641066,0.9775929247797162,False,7.799886540946844,1
2.0,33,55,0,1.0,0.7,0.25,0.9728014082963521,1.1927894656358264,1.0,1.0931513852434487,1.2991427995676847,1.0612484617389586,0.9728014082963521,False,7.799886540946844,1
2.0,33,55,0,1.0,0.7,0.3,0.9690422379348294,1.1927894656358264,1.0,1.0931513852434487,1.2991427995676847,1.0602217342216917,0.9690422379348294,False,7.799886540946844,1
2.0,33,55,0,1.0,0.8,0.2,0.9651574160181281,1.1927894656358264,1.0,1.0931513852434487,1.327238152845266,1.0591575445148058,0.9651574160181281,False,7.8047615400732795,1
2.0,33,55,0,1.0,0.8,0.25,0.9147407606606157,1.1927894656358264,1.0,1.0931513852434487,1.327238152845266,1.045046304857516,0.9147407606606157,False,8.52592393393843,1
2.0,33,55,0,1.0,0.8,0.3,0.9147407606606157,1.1927894656358264,1.0,1.0931513852434487,1.327238152845266,1.045046304857516,0.9147407606606157,False,8.52592393393843,1
2.0,33,55,50,0.95,0.7,0.2,0.9423940499451905,1.311325631579636,0.9930792486146508,1.090841844697993,1.453987262182653,1.0756530064575924,0.9423940499451905,False,8.803676928008253,2
2.0,33,55,50,0.95,0.7,0.25,0.9206869423043168,1.311325631579636,0.9930792486146508,1.090841844697993,1.453987262182653,1.0694046237363337,0.9206869423043168,False,10.90429333309989,2
2.0,33,55,50,0.95,0.7,0.3,0.9109069296674545,1.311325631579636,0.9930792486146508,1.090841844697993,1.453987262182653,1.0665532981893528,0.9109069296674545,False,11.850713986043681,2
2.0,33,55,50,0.95,0.8,0.2,0.9289902996831158,1.311325631579636,0.9930792486146508,1.090841844697993,1.4941734362077235,1.071807659570646,0.9289902996831158,False,10.100769942705822,2
2.0,33,55,50,0.95,0.8,0.25,0.8883191521888243,1.311325631579636,0.9930792486146508,1.090841844697993,1.4941734362077235,1.0598790748087914,0.8883191521888243,False,14.036553606464896,2
2.0,33,55,50,0.95,0.8,0.3,0.8954655393760835,1.311325631579636,0.9930792486146508,1.090841844697993,1.4941734362077235,1.062004313969251,0.8954655393760835,False,13.344991266099171,1
2.0,33,55,50,1.0,0.7,0.2,0.9775929247797162,1.241962877208674,1.0,1.090841844697993,1.3476257000111203,1.072771218878316,0.9775929247797162,False,7.879702463487625,1
2.0,33,55,50,1.0,0.7,0.25,0.9728014082963521,1.241962877208674,1.0,1.090841844697993,1.3476257000111203,1.0714542914396017,0.9728014082963521,False,7.879702463487625,1
2.0,33,55,50,1.0,0.7,0.3,0.9690422379348294,1.241962877208674,1.0,1.090841844697993,1.3476257000111203,1.0704176900741569,0.9690422379348294,False,7.879702463487625,1
2.0,33,55,50,1.0,0.8,0.2,0.9651574160181281,1.241962877208674,1.0,1.090841844697993,1.3853139774516388,1.0693432662521611,0.9651574160181281,False,7.889700310987601,1
2.0,33,55,50,1.0,0.8,0.25,0.9147407606606157,1.241962877208674,1.0,1.090841844697993,1.3853139774516388,1.0550963214193168,0.9147407606606157,False,8.52592393393843,1
2.0,33,55,50,1.0,0.8,0.3,0.9147407606606157,1.241962877208674,1.0,1.090841844697993,1.3853139774516388,1.0550963214193168,0.9147407606606157,False,8.52592393393843,1
2.0,33,100,0,0.95,0.7,0.2,0.9387120604904272,1.2626988565508346,0.9930792486146508,1.1712417606167762,1.5052454466507903,1.0835916759093003,0.9387120604904272,False,8.777244548895947,2
2.0,33,100,0,0.95,0.7,0.25,0.9171632295208061,1.2626988565508346,0.9930792486146508,1.1712417606167762,1.5052454466507903,1.0773187523208259,0.9171632295208061,False,10.87133049978053,2
2.0,33,100,0,0.95,0.7,0.3,0.9074478948611577,1.2626988565508346,0.9930792486146508,1.1712417606167762,1.5052454466507903,1.07445439109614,0.9074478948611577,False,11.815453447683977,2
2.0,33,100,0,0.95,0.8,0.2,0.92536067947572,1.2626988565508346,0.9930792486146508,1.1712417606167762,1.5375555131430991,1.079717949110171,0.92536067947572,False,10.074713513556777,2
2.0,33,100,0,0.95,0.8,0.25,0.8849473346116641,1.2626988565508346,0.9930792486146508,1.1712417606167762,1.5375555131430991,1.0677311600604376,0.8849473346116641,False,14.00202714961345,2
2.0,33,100,0,0.95,0.8,0.3,0.8921171206911435,1.2626988565508346,0.9930792486146508,1.1712417606167762,1.5375555131430991,1.0698872924594074,0.8921171206911435,False,13.305277134679816,1
2.0,33,100,0,1.0,0.7,0.2,0.9775929247797162,1.1927894656358264,1.0,1.0931513852434487,1.2991427995676847,1.0625528451641066,0.9775929247797162,False,7.799886540946844,1
2.0,33,100,0,1.0,0.7,0.25,0.9728014082963521,1.1927894656358264,1.0,1.0931513852434487,1.2991427995676847,1.0612484617389586,0.9728014082963521,False,7.799886540946844,1
2.0,33,100,0,1.0,0.7,0.3,0.9690422379348294,1.1927894656358264,1.0,1.0931513852434487,1.2991427995676847,1.0602217342216917,0.9690422379348294,False,7.799886540946844,1
2.0,33,100,0,1.0,0.8,0.2,0.9651574160181281,1.1927894656358264,1.0,1.0931513852434487,1.327238152845266,1.0591575445148058,0.9651574160181281,False,7.8047615400732795,1
2.0,33,100,0,1.0,0.8,0.25,0.9147407606606157,1.1927894656358264,1.0,1.0931513852434487,1.327238152845266,1.045046304857516,0.9147407606606157,False,8.52592393393843,1
2.0,33,100,0,1.0,0.8,0.3,0.9147407606606157,1.1927894656358264,1.0,1.0931513852434487,1.327238152845266,1.045046304857516,0.9147407606606157,False,8.52592393393843,1
2.0,33,100,50,0.95,0.7,0.2,0.9387120604904272,1.311325631579636,0.9930792486146508,1.1672692743608366,1.555267290390743,1.0929479433267433,0.9387120604904272,False,8.777244548895947,2
2.0,33,100,50,0.95,0.7,0.25,0.9171632295208061,1.311325631579636,0.9930792486146508,1.1672692743608366,1.555267290390743,1.0866208562079578,0.9171632295208061,False,10.87133049978053,2
2.0,33,100,50,0.95,0.7,0.3,0.9074478948611577,1.311325631579636,0.9930792486146508,1.1672692743608366,1.555267290390743,1.0837317626692518,0.9074478948611577,False,11.815453447683977,2
2.0,33,100,50,0.95,0.8,0.2,0.92536067947572,1.311325631579636,0.9930792486146508,1.1672692743608366,1.5982455962944635,1.0890407688511132,0.92536067947572,False,10.074713513556777,2
2.0,33,100,50,0.95,0.8,0.25,0.8849473346116641,1.311325631579636,0.9930792486146508,1.1672692743608366,1.5982455962944635,1.0769504799256249,0.8849473346116641,False,14.00202714961345,2
2.0,33,100,50,0.95,0.8,0.3,0.8921171206911435,1.311325631579636,0.9930792486146508,1.1672692743608366,1.5982455962944635,1.0791252294400273,0.8921171206911435,False,13.305277134679816,1
2.0,33,100,50,1.0,0.7,0.2,0.9775929247797162,1.241962877208674,1.0,1.090841844697993,1.3476257000111203,1.072771218878316,0.9775929247797162,False,7.879702463487625,1
2.0,33,100,50,1.0,0.7,0.25,0.9728014082963521,1.241962877208674,1.0,1.090841844697993,1.3476257000111203,1.0714542914396017,0.9728014082963521,False,7.879702463487625,1
2.0,33,100,50,1.0,0.7,0.3,0.9690422379348294,1.241962877208674,1.0,1.090841844697993,1.3476257000111203,1.0704176900741569,0.9690422379348294,False,7.879702463487625,1
2.0,33,100,50,1.0,0.8,0.2,0.9651574160181281,1.241962877208674,1.0,1.090841844697993,1.3853139774516388,1.0693432662521611,0.9651574160181281,False,7.889700310987601,1
2.0,33,100,50,1.0,0.8,0.25,0.9147407606606157,1.241962877208674,1.0,1.090841844697993,1.3853139774516388,1.0550963214193168,0.9147407606606157,False,8.52592393393843,1
2.0,33,100,50,1.0,0.8,0.3,0.9147407606606157,1.241962877208674,1.0,1.090841844697993,1.3853139774516388,1.0550963214193168,0.9147407606606157,False,8.52592393393843,1
2.0,50,50,0,0.95,0.7,0.2,0.9720327251278275,1.12108578972238,0.9930792486146508,1.0428911965507428,1.1849352154933486,1.0307080325935989,0.9720327251278275,False,4.957033822402678,2
2.0,50,50,0,0.95,0.7,0.25,0.9653063772811956,1.12108578972238,0.9930792486146508,1.0428911965507428,1.1849352154933486,1.0289202933272203,0.9653063772811956,False,4.957033822402678,2
2.0,50,50,0,0.95,0.7,0.3,0.961576169766777,1.12108578972238,0.9930792486146508,1.0428911965507428,1.1849352154933486,1.0279248423877652,0.961576169766777,False,4.957033822402678,2
2.0,50,50,0,0.95,0.8,0.2,0.9582074214823566,1.12108578972238,0.9930792486146508,1.0428911965507428,1.2017747999851258,1.0270233592828841,0.9582074214823566,False,4.957061444885857,2
2.0,50,50,0,0.95,0.8,0.25,0.9198509013441816,1.12108578972238,0.9930792486146508,1.0428911965507428,1.2017747999851258,1.016587577931225,0.9198509013441816,False,8.273118610796026,1
2.0,50,50,0,0.95,0.8,0.3,0.9021477512568415,1.12108578972238,0.9930792486146508,1.0428911965507428,1.2017747999851258,1.0116606475414898,0.9021477512568415,False,10.038464218332821,1
2.0,50,50,0,1.0,0.7,0.2,0.9775929247797162,1.0760873262971684,1.0,1.0428911965507428,1.121770106383002,1.0234370661787673,0.9775929247797162,False,4.857554207438664,1
2.0,50,50,0,1.0,0.7,0.25,0.9728014082963521,1.0760873262971684,1.0,1.0428911965507428,1.121770106383002,1.022180701046547,0.9728014082963521,False,4.857554207438664,1
2.0,50,50,0,1.0,0.7,0.3,0.9690422379348294,1.0760873262971684,1.0,1.0428911965507428,1.121770106383002,1.021191770469758,0.9690422379348294,False,4.857554207438664,1
2.0,50,50,0,1.0,0.8,0.2,0.9651574160181281,1.0760873262971684,1.0,1.0428911965507428,1.1377208414108937,1.0201667567996806,0.9651574160181281,False,4.857584987319696,1
2.0,50,50,0,1.0,0.8,0.25,0.9147407606606157,1.0760873262971684,1.0,1.0428911965507428,1.1377208414108937,1.0065749944880644,0.9147407606606157,False,8.52592393393843,1
2.0,50,50,0,1.0,0.8,0.3,0.9147407606606157,1.0760873262971684,1.0,1.0428911965507428,1.1377208414108937,1.0065749944880644,0.9147407606606157,False,8.52592393393843,1
2.0,50,50,50,0.95,0.7,0.2,0.9720327251278275,1.1320216327144192,0.9930792486146508,1.0430584945788866,1.1962293228258738,1.0332538828237596,0.9720327251278275,False,4.958820631412997,2
2.0,50,50,50,0.95,0.7,0.25,0.9653063772811956,1.1320216327144192,0.9930792486146508,1.0430584945788866,1.1962293228258738,1.0314617278389828,0.9653063772811956,False,4.958820631412997,2
2.0,50,50,50,0.95,0.7,0.3,0.961576169766777,1.1320216327144192,0.9930792486146508,1.0430584945788866,1.1962293228258738,1.0304638181343653,0.961576169766777,False,4.958820631412997,2
2.0,50,50,50,0.95,0.8,0.2,0.9582074214823566,1.1320216327144192,0.9930792486146508,1.0430584945788866,1.2170182113662664,1.0295601083649997,0.9582074214823566,False,4.958928745517211,2
2.0,50,50,50,0.95,0.8,0.25,0.9198509013441816,1.1320216327144192,0.9930792486146508,1.0430584945788866,1.2170182113662664,1.0190985506193317,0.9198509013441816,False,8.273118610796026,1
2.0,50,50,50,0.95,0.8,0.3,0.9021477512568415,1.1320216327144192,0.9930792486146508,1.0430584945788866,1.2170182113662664,1.0141594507048912,0.9021477512568415,False,10.038464218332821,1
2.0,50,50,50,1.0,0.7,0.2,0.9775929247797162,1.0871585318358068,1.0,1.0430584945788866,1.1330261495689211,1.026100497387717,0.9775929247797162,False,4.859544279178674,1
2.0,50,50,50,1.0,0.7,0.25,0.9728014082963521,1.0871585318358068,1.0,1.0430584945788866,1.1330261495689211,1.0248408626435064,0.9728014082963521,False,4.859544279178674,1
2.0,50,50,50,1.0,0.7,0.3,0.9690422379348294,1.0871585318358068,1.0,1.0430584945788866,1.1330261495689211,1.0238493584364976,0.9690422379348294,False,4.859544279178674,1
2.0,50,50,50,1.0,0.8,0.2,0.9651574160181281,1.0871585318358068,1.0,1.0430584945788866,1.152751589017002,1.0228216772321979,0.9651574160181281,False,4.859664628280291,1
2.0,50,50,50,1.0,0.8,0.25,0.9147407606606157,1.0871585318358068,1.0,1.0430584945788866,1.152751589017002,1.0091945432058747,0.9147407606606157,False,8.52592393393843,1
2.0,50,50,50,1.0,0.8,0.3,0.9147407606606157,1.0871585318358068,1.0,1.0430584945788866,1.152751589017002,1.0091945432058747,0.9147407606606157,False,8.52592393393843,1
2.0,50,55,0,0.95,0.7,0.2,0.9645781884913082,1.1557467141960045,0.9930792486146508,1.0935054485750062,1.2805178414923535,1.0489414340252903,0.9645781884913082,False,7.719172587677459,2
2.0,50,55,0,0.95,0.7,0.25,0.9503338026975299,1.1557467141960045,0.9930792486146508,1.0935054485750062,1.2805178414923535,1.04504724743182,0.9503338026975299,False,7.719172587677459,2
2.0,50,55,0,0.95,0.7,0.3,0.9431961899868597,1.1557467141960045,0.9930792486146508,1.0935054485750062,1.2805178414923535,1.0430794536919874,0.9431961899868597,False,8.242885835086112,2
2.0,50,55,0,0.95,0.8,0.2,0.9508589113507809,1.1557467141960045,0.9930792486146508,1.0935054485750062,1.2986903363950495,1.0451915782133294,0.9508589113507809,False,7.719198622947598,2
2.0,50,55,0,0.95,0.8,0.25,0.9176741298715234,1.1557467141960045,0.9930792486146508,1.0935054485750062,1.2986903363950495,1.0359504981894185,0.9176741298715234,False,10.725752717488735,2
2.0,50,55,0,0.95,0.8,0.3,0.9328491394778322,1.1557467141960045,0.9930792486146508,1.0935054485750062,1.2986903363950495,1.0402069119382713,0.9328491394778322,False,9.249479696369834,1
2.0,50,55,0,1.0,0.7,0.2,0.9775929247797162,1.1096978972310065,1.0,1.0935054485750062,1.2126582598711817,1.0436285252104085,0.9775929247797162,False,7.620201984629304,1
2.0,50,55,0,1.0,0.7,0.25,0.9728014082963521,1.1096978972310065,1.0,1.0935054485750062,1.2126582598711817,1.0423473731656028,0.9728014082963521,False,7.620201984629304,1
2.0,50,55,0,1.0,0.7,0.3,0.9690422379348294,1.1096978972310065,1.0,1.0935054485750062,1.2126582598711817,1.0413389319106432,0.9690422379348294,False,7.620201984629304,1
2.0,50,55,0,1.0,0.8,0.2,0.9651574160181281,1.1096978972310065,1.0,1.0935054485750062,1.229876736813477,1.0402936956766093,0.9651574160181281,False,7.62023097903588,1
2.0,50,55,0,1.0,0.8,0.25,0.9147407606606157,1.1096978972310065,1.0,1.0935054485750062,1.229876736813477,1.0264337805679602,0.9147407606606157,False,8.52592393393843,1
2.0,50,55,0,1.0,0.8,0.3,0.9147407606606157,1.1096978972310065,1.0,1.0935054485750062,1.229876736813477,1.0264337805679602,0.9147407606606157,False,8.52592393393843,1
2.0,50,55,50,0.95,0.7,0.2,0.9645781884913082,1.17344823599017,0.9930792486146508,1.0938272570967995,1.2997384116712731,1.053012448840798,0.9645781884913082,False,7.721938044239163,2
2.0,50,55,50,0.95,0.7,0.25,0.9503338026975299,1.17344823599017,0.9930792486146508,1.0938272570967995,1.2997384116712731,1.049103148637738,0.9503338026975299,False,7.721938044239163,2
2.0,50,55,50,0.95,0.7,0.3,0.9431961899868597,1.17344823599017,0.9930792486146508,1.0938272570967995,1.2997384116712731,1.047127717753248,0.9431961899868597,False,8.242885835086112,2
2.0,50,55,50,0.95,0.8,0.2,0.9508589113507809,1.17344823599017,0.9930792486146508,1.0938272570967995,1.3222526480494399,1.0492480395770702,0.9508589113507809,False,7.722038880700078,2
2.0,50,55,50,0.95,0.8,0.25,0.9176741298715234,1.17344823599017,0.9930792486146508,1.0938272570967995,1.3222526480494399,1.0399710942774936,0.9176741298715234,False,10.725752717488735,2
2.0,50,55,50,0.95,0.8,0.3,0.9328491394778322,1.17344823599017,0.9930792486146508,1.0938272570967995,1.3222526480494399,1.0442440274647729,0.9328491394778322,False,9.249479696369834,1
2.0,50,55,50,1.0,0.7,0.2,0.9775929247797162,1.1276185263286058,1.0,1.0938272570967995,1.231814760043995,1.0478937459763729,0.9775929247797162,False,7.623279393167848,1
2.0,50,55,50,1.0,0.7,0.25,0.9728014082963521,1.1276185263286058,1.0,1.0938272570967995,1.231814760043995,1.0466073579724362,0.9728014082963521,False,7.623279393167848,1
2.0,50,55,50,1.0,0.7,0.3,0.9690422379348294,1.1276185263286058,1.0,1.0938272570967995,1.231814760043995,1.0455947953040827,0.9690422379348294,False,7.623279393167848,1
2.0,50,55,50,1.0,0.8,0.2,0.9651574160181281,1.1276185263286058,1.0,1.0938272570967995,1.253187953167157,1.0445452872787142,0.9651574160181281,False,7.623391514081767,1
2.0,50,55,50,1.0,0.8,0.25,0.9147407606606157,1.1276185263286058,1.0,1.0938272570967995,1.253187953167157,1.0306287278792012,0.9147407606606157,False,8.52592393393843,1
2.0,50,55,50,1.0,0.8,0.3,0.9147407606606157,1.1276185263286058,1.0,1.0938272570967995,1.253187953167157,1.0306287278792012,0.9147407606606157,False,8.52592393393843,1
2.0,50,100,0,0.95,0.7,0.2,0.9607141495946929,1.1557467141960045,0.9930792486146508,1.1718507612775821,1.372185301328608,1.0661744406653422,0.9607141495946929,False,7.719172587677459,2
2.0,50,100,0,0.95,0.7,0.25,0.9465667992234188,1.1557467141960045,0.9930792486146508,1.1718507612775821,1.372185301328608,1.0622274912630345,0.9465667992234188,False,7.719172587677459,2
2.0,50,100,0,0.95,0.7,0.3,0.9394721801937405,1.1557467141960045,0.9930792486146508,1.1718507612775821,1.372185301328608,1.0602314953337724,0.9394721801937405,False,8.222046543583328,2
2.0,50,100,0,0.95,0.8,0.2,0.9470498310061389,1.1557467141960045,0.9930792486146508,1.1718507612775821,1.3916586770717354,1.0623629786587832,0.9470498310061389,False,7.719198622947598,2
2.0,50,100,0,0.95,0.8,0.25,0.9149263608968244,1.1557467141960045,0.9930792486146508,1.1718507612775821,1.3916586770717354,1.0532373589498565,0.9149263608968244,False,10.619951567782559,2
2.0,50,100,0,0.95,0.8,0.3,0.9291939401839089,1.1557467141960045,0.9930792486146508,1.1718507612775821,1.3916586770717354,1.0573196716723223,0.9291939401839089,False,9.22613783348365,1
2.0,50,100,0,1.0,0.7,0.2,0.9775929247797162,1.1096978972310065,1.0,1.0935054485750062,1.2126582598711817,1.0436285252104085,0.9775929247797162,False,7.620201984629304,1
2.0,50,100,0,1.0,0.7,0.25,0.9728014082963521,1.1096978972310065,1.0,1.0935054485750062,1.2126582598711817,1.0423473731656028,0.9728014082963521,False,7.620201984629304,1
2.0,50,100,0,1.0,0.7,0.3,0.9690422379348294,1.1096978972310065,1.0,1.0935054485750062,1.2126582598711817,1.0413389319106432,0.9690422379348294,False,7.620201984629304,1
2.0,50,100,0,1.0,0.8,0.2,0.9651574160181281,1.1096978972310065,1.0,1.0935054485750062,1.229876736813477,1.0402936956766093,0.9651574160181281,False,7.62023097903588,1
2.0,50,100,0,1.0,0.8,0.25,0.9147407606606157,1.1096978972310065,1.0,1.0935054485750062,1.229876736813477,1.0264337805679602,0.9147407606606157,False,8.52592393393843,1
2.0,50,100,0,1.0,0.8,0.3,0.9147407606606157,1.1096978972310065,1.0,1.0935054485750062,1.229876736813477,1.0264337805679602,0.9147407606606157,False,8.52592393393843,1
2.0,50,100,50,0.95,0.7,0.2,0.9607141495946929,1.17344823599017,0.9930792486146508,1.172404282596957,1.3930271332346778,1.0703599649964903,0.9607141495946929,False,7.721938044239163,2
2.0,50,100,50,0.95,0.7,0.25,0.9465667992234188,1.17344823599017,0.9930792486146508,1.172404282596957,1.3930271332346778,1.0663975208945096,0.9465667992234188,False,7.721938044239163,2
2.0,50,100,50,0.95,0.7,0.3,0.9394721801937405,1.17344823599017,0.9930792486146508,1.172404282596957,1.3930271332346778,1.0643936892029107,0.9394721801937405,False,8.222046543583328,2
2.0,50,100,50,0.95,0.8,0.2,0.9470498310061389,1.17344823599017,0.9930792486146508,1.172404282596957,1.417157250417224,1.066533540178634,0.9470498310061389,False,7.722038880700078,2
2.0,50,100,50,0.95,0.8,0.25,0.9149263608968244,1.17344823599017,0.9930792486146508,1.172404282596957,1.417157250417224,1.05737209565355,0.9149263608968244,False,10.619951567782559,2
2.0,50,100,50,0.95,0.8,0.3,0.9291939401839089,1.17344823599017,0.9930792486146508,1.172404282596957,1.417157250417224,1.0614704344769759,0.9291939401839089,False,9.22613783348365,1
2.0,50,100,50,1.0,0.7,0.2,0.9775929247797162,1.1276185263286058,1.0,1.0938272570967995,1.231814760043995,1.0478937459763729,0.9775929247797162,False,7.623279393167848,1
2.0,50,100,50,1.0,0.7,0.25,0.9728014082963521,1.1276185263286058,1.0,1.0938272570967995,1.231814760043995,1.0466073579724362,0.9728014082963521,False,7.623279393167848,1
2.0,50,100,50,1.0,0.7,0.3,0.9690422379348294,1.1276185263286058,1.0,1.0938272570967995,1.231814760043995,1.0455947953040827,0.9690422379348294,False,7.623279393167848,1
2.0,50,100,50,1.0,0.8,0.2,0.9651574160181281,1.1276185263286058,1.0,1.0938272570967995,1.253187953167157,1.0445452872787142,0.9651574160181281,False,7.623391514081767,1
2.0,50,100,50,1.0,0.8,0.25,0.9147407606606157,1.1276185263286058,1.0,1.0938272570967995,1.253187953167157,1.0306287278792012,0.9147407606606157,False,8.52592393393843,1
2.0,50,100,50,1.0,0.8,0.3,0.9147407606606157,1.1276185263286058,1.0,1.0938272570967995,1.253187953167157,1.0306287278792012,0.9147407606606157,False,8.52592393393843,1
3.0,33,50,0,0.95,0.7,0.2,0.959457938475591,1.1802979655862855,0.9930792486146508,1.0907500652364068,1.3128126961335496,1.0524020573476496,0.959457938475591,False,7.971343986269208,2
3.0,33,50,0,0.95,0.7,0.25,0.9547553077478406,1.1802979655862855,0.9930792486146508,1.0907500652364068,1.3128126961335496,1.0511101349680299,0.9547553077478406,False,7.971343986269208,2
3.0,33,50,0,0.95,0.7,0.3,0.948860728741121,1.1802979655862855,0.9930792486146508,1.0907500652364068,1.3128126961335496,1.0494839988477171,0.948860728741121,False,7.971343986269208,2
3.0,33,50,0,0.95,0.8,0.2,0.9301156338962357,1.1802979655862855,0.9930792486146508,1.0907500652364068,1.3370515841571133,1.0442619152640393,0.9301156338962357,False,7.972004012500278,2
3.0,33,50,0,0.95,0.8,0.25,0.9408785941800318,1.1802979655862855,0.9930792486146508,1.0907500652364068,1.3370515841571133,1.0472698489293593,0.9408785941800318,False,7.972004012500278,1
3.0,33,50,0,0.95,0.8,0.3,0.8806560663906876,1.1802979655862855,0.9930792486146508,1.0907500652364068,1.3370515841571133,1.0300938304572096,0.8806560663906876,False,12.86258791713747,1
3.0,33,50,0,1.0,0.7,0.2,0.9775929247797162,1.1310288030036877,1.0,1.0907500652364068,1.2322438329431875,1.047946811410285,0.9775929247797162,False,7.540015667640065,1
3.0,33,50,0,1.0,0.7,0.25,0.9728014082963521,1.1310288030036877,1.0,1.0907500652364068,1.2322438329431875,1.0466603582635436,0.9728014082963521,False,7.540015667640065,1
3.0,33,50,0,1.0,0.7,0.3,0.9690422379348294,1.1310288030036877,1.0,1.0907500652364068,1.2322438329431875,1.0456477443189254,0.9690422379348294,False,7.540015667640065,1
3.0,33,50,0,1.0,0.8,0.2,0.9651574160181281,1.1310288030036877,1.0,1.0907500652364068,1.2550427906873198,1.0445981831463755,0.9651574160181281,False,7.540760792626555,1
3.0,33,50,0,1.0,0.8,0.25,0.9147407606606157,1.1310288030036877,1.0,1.0907500652364068,1.2550427906873198,1.030680919011038,0.9147407606606157,False,8.52592393393843,1
3.0,33,50,0,1.0,0.8,0.3,0.9147407606606157,1.1310288030036877,1.0,1.0907500652364068,1.2550427906873198,1.030680919011038,0.9147407606606157,False,8.52592393393843,1
3.0,33,50,50,0.95,0.7,0.2,0.959457938475591,1.212958694909361,0.9930792486146508,1.0876679840128438,1.3434292397944698,1.0588588020181247,0.959457938475591,False,7.998364351861664,2
3.0,33,50,50,0.95,0.7,0.25,0.9547553077478406,1.212958694909361,0.9930792486146508,1.0876679840128438,1.3434292397944698,1.057558953377927,0.9547553077478406,False,7.998364351861664,2
3.0,33,50,50,0.95,0.7,0.3,0.948860728741121,1.212958694909361,0.9930792486146508,1.0876679840128438,1.3434292397944698,1.0559228405137882,0.948860728741121,False,7.998364351861664,2
3.0,33,50,50,0.95,0.8,0.2,0.9301156338962357,1.212958694909361,0.9930792486146508,1.0876679840128438,1.3752165135170646,1.050668718166871,0.9301156338962357,False,8.000437722088838,2
3.0,33,50,50,0.95,0.8,0.25,0.9408785941800318,1.212958694909361,0.9930792486146508,1.0876679840128438,1.3752165135170646,1.0536951062427724,0.9408785941800318,False,8.000437722088838,1
3.0,33,50,50,0.95,0.8,0.3,0.8806560663906876,1.212958694909361,0.9930792486146508,1.0876679840128438,1.3752165135170646,1.0364137086857417,0.8806560663906876,False,12.86258791713747,1
3.0,33,50,50,1.0,0.7,0.2,0.9775929247797162,1.1642165733219918,1.0,1.0876679840128438,1.2630933733796723,1.0548046679621252,0.9775929247797162,False,7.570474327917398,1
3.0,33,50,50,1.0,0.7,0.25,0.9728014082963521,1.1642165733219918,1.0,1.0876679840128438,1.2630933733796723,1.0535097961522943,0.9728014082963521,False,7.570474327917398,1
3.0,33,50,50,1.0,0.7,0.3,0.9690422379348294,1.1642165733219918,1.0,1.0876679840128438,1.2630933733796723,1.0524905555725272,0.9690422379348294,False,7.570474327917398,1
3.0,33,50,50,1.0,0.8,0.2,0.9651574160181281,1.1642165733219918,1.0,1.0876679840128438,1.2931335837701765,1.0514341259789035,0.9651574160181281,False,7.572807683237515,1
3.0,33,50,50,1.0,0.8,0.25,0.9147407606606157,1.1642165733219918,1.0,1.0876679840128438,1.2931335837701765,1.0374257860370508,0.9147407606606157,False,8.52592393393843,1
3.0,33,50,50,1.0,0.8,0.3,0.9147407606606157,1.1642165733219918,1.0,1.0876679840128438,1.2931335837701765,1.0374257860370508,0.9147407606606157,False,8.52592393393843,1
3.0,33,55,0,0.95,0.7,0.2,0.9340424020550315,1.1676651318554283,0.9930792486146508,1.0907500652364068,1.2987640268561678,1.0425538936634586,0.9340424020550315,False,9.178616362654257,2
3.0,33,55,0,0.95,0.7,0.25,0.9294643415431716,1.1676651318554283,0.9930792486146508,1.0907500652364068,1.2987640268561678,1.041274060829819,0.9294643415431716,False,9.623762952517655,2
3.0,33,55,0,0.95,0.7,0.3,0.9203612308520783,1.1676651318554283,0.9930792486146508,1.0907500652364068,1.2987640268561678,1.038715101331824,0.9203612308520783,False,10.508901685566618,2
3.0,33,55,0,0.95,0.8,0.2,0.9110121617233956,1.1676651318554283,0.9930792486146508,1.0907500652364068,1.3227690662620373,1.0360671649681457,0.9110121617233956,False,11.41795612690678,2
3.0,33,55,0,0.95,0.8,0.25,0.8975798144235977,1.1676651318554283,0.9930792486146508,1.0907500652364068,1.3227690662620373,1.0322268125976943,0.8975798144235977,False,12.724047118687187,2
3.0,33,55,0,0.95,0.8,0.3,0.9062287729011224,1.1676651318554283,0.9930792486146508,1.0907500652364068,1.3227690662620373,1.034704477282481,0.9062287729011224,False,11.883067764620915,1
3.0,33,55,0,1.0,0.7,0.2,0.9775929247797162,1.118920573870211,1.0,1.0907500652364068,1.219054511730652,1.045130782222074,0.9775929247797162,False,7.539970010858421,1
3.0,33,55,0,1.0,0.7,0.25,0.9728014082963521,1.118920573870211,1.0,1.0907500652364068,1.219054511730652,1.0438477860156765,0.9728014082963521,False,7.539970010858421,1
3.0,33,55,0,1.0,0.7,0.3,0.9690422379348294,1.118920573870211,1.0,1.0907500652364068,1.219054511730652,1.0428378931542213,0.9690422379348294,False,7.539970010858421,1
3.0,33,55,0,1.0,0.8,0.2,0.9651574160181281,1.118920573870211,1.0,1.0907500652364068,1.2416339252266457,1.04179115234895,0.9651574160181281,False,7.540723266445171,1
3.0,33,55,0,1.0,0.8,0.25,0.9147407606606157,1.118920573870211,1.0,1.0907500652364068,1.2416339252266457,1.0279112865067306,0.9147407606606157,False,8.52592393393843,1
3.0,33,55,0,1.0,0.8,0.3,0.9147407606606157,1.118920573870211,1.0,1.0907500652364068,1.2416339252266457,1.0279112865067306,0.9147407606606157,False,8.52592393393843,1
3.0,33,55,50,0.95,0.7,0.2,0.9340424020550315,1.1999197400756214,0.9930792486146508,1.0876679840128438,1.328993159291606,1.04893785893534,0.9340424020550315,False,9.178616362654257,2
3.0,33,55,50,0.95,0.7,0.25,0.9294643415431716,1.1999197400756214,0.9930792486146508,1.0876679840128438,1.328993159291606,1.0476501891846703,0.9294643415431716,False,9.623762952517655,2
3.0,33,55,50,0.95,0.7,0.3,0.9203612308520783,1.1999197400756214,0.9930792486146508,1.0876679840128438,1.328993159291606,1.0450755601767667,0.9203612308520783,False,10.508901685566618,2
3.0,33,55,50,0.95,0.8,0.2,0.9110121617233956,1.1999197400756214,0.9930792486146508,1.0876679840128438,1.3604941304393516,1.0424114094630286,0.9110121617233956,False,11.41795612690678,2
3.0,33,55,50,0.95,0.8,0.25,0.8975798144235977,1.1999197400756214,0.9930792486146508,1.0876679840128438,1.3604941304393516,1.0385475411129108,0.8975798144235977,False,12.724047118687187,2
3.0,33,55,50,0.95,0.8,0.3,0.9062287729011224,1.1999197400756214,0.9930792486146508,1.0876679840128438,1.3604941304393516,1.0410403775076675,0.9062287729011224,False,11.883067764620915,1
3.0,33,55,50,1.0,0.7,0.2,0.9775929247797162,1.15169566957398,1.0,1.0876679840128438,1.2495144250682757,1.051957107303921,0.9775929247797162,False,7.570378034998482,1
3.0,33,55,50,1.0,0.7,0.25,0.9728014082963521,1.15169566957398,1.0,1.0876679840128438,1.2495144250682757,1.050665731142275,0.9728014082963521,False,7.570378034998482,1
3.0,33,55,50,1.0,0.7,0.3,0.9690422379348294,1.15169566957398,1.0,1.0876679840128438,1.2495144250682757,1.0496492421140171,0.9690422379348294,False,7.570378034998482,1
3.0,33,55,50,1.0,0.8,0.2,0.9651574160181281,1.15169566957398,1.0,1.0876679840128438,1.2792853318992392,1.0485956644677163,0.9651574160181281,False,7.572737022093978,1
3.0,33,55,50,1.0,0.8,0.25,0.9147407606606157,1.15169566957398,1.0,1.0876679840128438,1.2792853318992392,1.0346251415728647,0.9147407606606157,False,8.52592393393843,1
3.0,33,55,50,1.0,0.8,0.3,0.9147407606606157,1.15169566957398,1.0,1.0876679840128438,1.2792853318992392,1.0346251415728647,0.9147407606606157,False,8.52592393393843,1
3.0,33,100,0,0.95,0.7,0.2,0.9333247404425752,1.1676651318554283,0.9930792486146508,1.2419422177696477,1.4781524473916006,1.0767356607875784,0.9333247404425752,False,11.443687822279426,2
3.0,33,100,0,0.95,0.7,0.25,0.9055644741655412,1.1676651318554283,0.9930792486146508,1.2419422177696477,1.4781524473916006,1.0686383275310434,0.9055644741655412,False,13.15093086308734,2
3.0,33,100,0,0.95,0.7,0.3,0.8936226001622758,1.1676651318554283,0.9930792486146508,1.2419422177696477,1.4781524473916006,1.0650976788523085,0.8936226001622758,False,14.2962282665545,2
3.0,33,100,0,0.95,0.8,0.2,0.9200499837364653,1.1676651318554283,0.9930792486146508,1.2419422177696477,1.5054721767921198,1.0728864435247465,0.9200499837364653,False,11.761683539347235,2
3.0,33,100,0,0.95,0.8,0.25,0.871340383950476,1.1676651318554283,0.9930792486146508,1.2419422177696477,1.5054721767921198,1.058395203379643,0.871340383950476,False,16.4332265604479,2
3.0,33,100,0,0.95,0.8,0.3,0.8740435675311568,1.1676651318554283,0.9930792486146508,1.2419422177696477,1.5054721767921198,1.0592151223649189,0.8740435675311568,False,16.173975027966303,1
3.0,33,100,0,1.0,0.7,0.2,0.9775929247797162,1.118920573870211,1.0,1.141407528153947,1.2756593484449217,1.0570596868843596,0.9775929247797162,False,7.59882528676088,1
3.0,33,100,0,1.0,0.7,0.25,0.9728014082963521,1.118920573870211,1.0,1.141407528153947,1.2756593484449217,1.0557620468269833,0.9728014082963521,False,7.59882528676088,1
3.0,33,100,0,1.0,0.7,0.3,0.9690422379348294,1.118920573870211,1.0,1.141407528153947,1.2756593484449217,1.0547406272591404,0.9690422379348294,False,7.59882528676088,1
3.0,33,100,0,1.0,0.8,0.2,0.9651574160181281,1.118920573870211,1.0,1.141407528153947,1.2992868637238748,1.0536819391727397,0.9651574160181281,False,7.599146275101654,1
3.0,33,100,0,1.0,0.8,0.25,0.9147407606606157,1.118920573870211,1.0,1.141407528153947,1.2992868637238748,1.0396436514380896,0.9147407606606157,False,8.52592393393843,1
3.0,33,100,0,1.0,0.8,0.3,0.9147407606606157,1.118920573870211,1.0,1.141407528153947,1.2992868637238748,1.0396436514380896,0.9147407606606157,False,8.52592393393843,1
3.0,33,100,50,0.95,0.7,0.2,0.9333247404425752,1.1999197400756214,0.9930792486146508,1.2335420898576783,1.5065892987491463,1.082257773715704,0.9333247404425752,False,11.453363383065152,2
3.0,33,100,50,0.95,0.7,0.25,0.9055644741655412,1.1999197400756214,0.9930792486146508,1.2335420898576783,1.5065892987491463,1.074118912728373,0.9055644741655412,False,13.15093086308734,2
3.0,33,100,50,0.95,0.7,0.3,0.8936226001622758,1.1999197400756214,0.9930792486146508,1.2335420898576783,1.5065892987491463,1.0705601055892522,0.8936226001622758,False,14.2962282665545,2
3.0,33,100,50,0.95,0.8,0.2,0.9200499837364653,1.1999197400756214,0.9930792486146508,1.2335420898576783,1.5422969675639675,1.0783888154772692,0.9200499837364653,False,11.761683539347235,2
3.0,33,100,50,0.95,0.8,0.25,0.871340383950476,1.1999197400756214,0.9930792486146508,1.2335420898576783,1.5422969675639675,1.063823256009918,0.871340383950476,False,16.4332265604479,2
3.0,33,100,50,0.95,0.8,0.3,0.8740435675311568,1.1999197400756214,0.9930792486146508,1.2335420898576783,1.5422969675639675,1.0646473800061296,0.8740435675311568,False,16.173975027966303,1
3.0,33,100,50,1.0,0.7,0.2,0.9775929247797162,1.15169566957398,1.0,1.136254295667622,1.305306892706762,1.063513067348342,0.9775929247797162,False,7.611780557099424,1
3.0,33,100,50,1.0,0.7,0.25,0.9728014082963521,1.15169566957398,1.0,1.136254295667622,1.305306892706762,1.0622075051602673,0.9728014082963521,False,7.611780557099424,1
3.0,33,100,50,1.0,0.7,0.3,0.9690422379348294,1.15169566957398,1.0,1.136254295667622,1.305306892706762,1.0611798497959348,0.9690422379348294,False,7.611780557099424,1
3.0,33,100,50,1.0,0.8,0.2,0.9651574160181281,1.15169566957398,1.0,1.136254295667622,1.3364061025320007,1.0601146983876435,0.9651574160181281,False,7.612785371674303,1
3.0,33,100,50,1.0,0.8,0.25,0.9147407606606157,1.15169566957398,1.0,1.136254295667622,1.3364061025320007,1.0459907064936742,0.9147407606606157,False,8.52592393393843,1
3.0,33,100,50,1.0,0.8,0.3,0.9147407606606157,1.15169566957398,1.0,1.136254295667622,1.3364061025320007,1.0459907064936742,0.9147407606606157,False,8.52592393393843,1
3.0,50,50,0,0.95,0.7,0.2,0.9734472763710681,1.1256969575166327,0.9930792486146508,1.0913573459150052,1.24409615330266,1.043929577128942,0.9734472763710681,False,7.608252773190404,2
3.0,50,50,0,0.95,0.7,0.25,0.9686760791250684,1.1256969575166327,0.9930792486146508,1.0913573459150052,1.24409615330266,1.042648055514628,0.9686760791250684,False,7.608252773190404,2
3.0,50,50,0,0.95,0.7,0.3,0.9640163711958846,1.1256969575166327,0.9930792486146508,1.0913573459150052,1.24409615330266,1.0413919018062823,0.9640163711958846,False,7.608252773190404,2
3.0,50,50,0,0.95,0.8,0.2,0.9422305624033392,1.1256969575166327,0.9930792486146508,1.0913573459150052,1.258266206121472,1.0354577680993695,0.9422305624033392,False,7.608253652958263,2
3.0,50,50,0,0.95,0.8,0.25,0.9584151896053726,1.1256969575166327,0.9930792486146508,1.0913573459150052,1.258266206121472,1.039875906374332,0.9584151896053726,False,7.608253652958263,1
3.0,50,50,0,0.95,0.8,0.3,0.9037482157462624,1.1256969575166327,0.9930792486146508,1.0913573459150052,1.258266206121472,1.0247193969100112,0.9037482157462624,False,10.463867295186569,1
3.0,50,50,0,1.0,0.7,0.2,0.9775929247797162,1.0996845948913627,1.0,1.0913573459150052,1.20008917133541,1.0407544865496454,0.9775929247797162,False,7.514027475121199,1
3.0,50,50,0,1.0,0.7,0.25,0.9728014082963521,1.0996845948913627,1.0,1.0913573459150052,1.20008917133541,1.03947686265726,0.9728014082963521,False,7.514027475121199,1
3.0,50,50,0,1.0,0.7,0.3,0.9690422379348294,1.0996845948913627,1.0,1.0913573459150052,1.20008917133541,1.0384711985390724,0.9690422379348294,False,7.514027475121199,1
3.0,50,50,0,1.0,0.8,0.2,0.9651574160181281,1.0996845948913627,1.0,1.0913573459150052,1.2137587490491069,1.0374288407711534,0.9651574160181281,False,7.514028419544239,1
3.0,50,50,0,1.0,0.8,0.25,0.9147407606606157,1.0996845948913627,1.0,1.0913573459150052,1.2137587490491069,1.0236070943507827,0.9147407606606157,False,8.52592393393843,1
3.0,50,50,0,1.0,0.8,0.3,0.9147407606606157,1.0996845948913627,1.0,1.0913573459150052,1.2137587490491069,1.0236070943507827,0.9147407606606157,False,8.52592393393843,1
3.0,50,50,50,0.95,0.7,0.2,0.9734472763710681,1.1305018557376583,0.9930792486146508,1.0907031271385887,1.2484728919397554,1.0448851206602823,0.9734472763710681,False,7.608532231621934,2
3.0,50,50,50,0.95,0.7,0.25,0.9686760791250684,1.1305018557376583,0.9930792486146508,1.0907031271385887,1.2484728919397554,1.0436024260265273,0.9686760791250684,False,7.608532231621934,2
3.0,50,50,50,0.95,0.7,0.3,0.9640163711958846,1.1305018557376583,0.9930792486146508,1.0907031271385887,1.2484728919397554,1.0423451225188303,0.9640163711958846,False,7.608532231621934,2
3.0,50,50,50,0.95,0.8,0.2,0.9422305624033392,1.1305018557376583,0.9930792486146508,1.0907031271385887,1.2662692904899535,1.0364055571015782,0.9422305624033392,False,7.608539192357955,2
3.0,50,50,50,0.95,0.8,0.25,0.9584151896053726,1.1305018557376583,0.9930792486146508,1.0907031271385887,1.2662692904899535,1.0408277394457401,0.9584151896053726,False,7.608539192357955,1
3.0,50,50,50,0.95,0.8,0.3,0.9037482157462624,1.1305018557376583,0.9930792486146508,1.0907031271385887,1.2662692904899535,1.0256573567232095,0.9037482157462624,False,10.463867295186569,1
3.0,50,50,50,1.0,0.7,0.2,0.9775929247797162,1.1046041602252905,1.0,1.0907031271385887,1.2045565680364665,1.041760342176385,0.9775929247797162,False,7.514327412065647,1
3.0,50,50,50,1.0,0.7,0.25,0.9728014082963521,1.1046041602252905,1.0,1.0907031271385887,1.2045565680364665,1.0404814835017357,0.9728014082963521,False,7.514327412065647,1
3.0,50,50,50,1.0,0.7,0.3,0.9690422379348294,1.1046041602252905,1.0,1.0907031271385887,1.2045565680364665,1.0394748474416302,0.9690422379348294,False,7.514327412065647,1
3.0,50,50,50,1.0,0.8,0.2,0.9651574160181281,1.1046041602252905,1.0,1.0907031271385887,1.221732989424732,1.0384314822685645,0.9651574160181281,False,7.514334881363228,1
3.0,50,50,50,1.0,0.8,0.25,0.9147407606606157,1.1046041602252905,1.0,1.0907031271385887,1.221732989424732,1.0245963775762978,0.9147407606606157,False,8.52592393393843,1
3.0,50,50,50,1.0,0.8,0.3,0.9147407606606157,1.1046041602252905,1.0,1.0907031271385887,1.221732989424732,1.0245963775762978,0.9147407606606157,False,8.52592393393843,1
3.0,50,55,0,0.95,0.7,0.2,0.9667317242248334,1.1136862021316307,0.9930792486146508,1.0913573459150052,1.2308222455280549,1.0393334937536494,0.9667317242248334,False,7.75101696774928,2
3.0,50,55,0,0.95,0.7,0.25,0.9619934421912784,1.1136862021316307,0.9930792486146508,1.0913573459150052,1.2308222455280549,1.0380576142633975,0.9619934421912784,False,7.75101696774928,2
3.0,50,55,0,0.95,0.7,0.3,0.9557965206957141,1.1136862021316307,0.9930792486146508,1.0913573459150052,1.2308222455280549,1.0363818337295279,0.9557965206957141,False,7.75101696774928,2
3.0,50,55,0,0.95,0.8,0.2,0.9369007511553699,1.1136862021316307,0.9930792486146508,1.0913573459150052,1.2448458105504712,1.0312211871068644,0.9369007511553699,False,8.302161206377479,2
3.0,50,55,0,0.95,0.8,0.25,0.9472667111615182,1.1136862021316307,0.9930792486146508,1.0913573459150052,1.2448458105504712,1.0340618108687334,0.9472667111615182,False,7.75101696774928,1
3.0,50,55,0,0.95,0.8,0.3,0.9030599743170091,1.1136862021316307,0.9930792486146508,1.0913573459150052,1.2448458105504712,1.0217804264836963,0.9030599743170091,False,11.61427948074991,1
3.0,50,55,0,1.0,0.7,0.2,0.9775929247797162,1.0879512268128961,1.0,1.0913573459150052,1.18728463327118,1.0379671595605457,0.9775929247797162,False,7.514027266501245,1
3.0,50,55,0,1.0,0.7,0.25,0.9728014082963521,1.0879512268128961,1.0,1.0913573459150052,1.18728463327118,1.0366929573738586,0.9728014082963521,False,7.514027266501245,1
3.0,50,55,0,1.0,0.7,0.3,0.9690422379348294,1.0879512268128961,1.0,1.0913573459150052,1.18728463327118,1.0356899866043665,0.9690422379348294,False,7.514027266501245,1
3.0,50,55,0,1.0,0.8,0.2,0.9651574160181281,1.0879512268128961,1.0,1.0913573459150052,1.2008129030447643,1.0346504204573113,0.9651574160181281,False,7.514028221179936,1
3.0,50,55,0,1.0,0.8,0.25,0.9147407606606157,1.0879512268128961,1.0,1.0913573459150052,1.2008129030447643,1.020865691150325,0.9147407606606157,False,8.52592393393843,1
3.0,50,55,0,1.0,0.8,0.3,0.9147407606606157,1.0879512268128961,1.0,1.0913573459150052,1.2008129030447643,1.020865691150325,0.9147407606606157,False,8.52592393393843,1
3.0,50,55,50,0.95,0.7,0.2,0.9667317242248334,1.1184299715639956,0.9930792486146508,1.0907031271385887,1.2351417572494692,1.0402825370299367,0.9667317242248334,False,7.75101696774928,2
3.0,50,55,50,0.95,0.7,0.25,0.9619934421912784,1.1184299715639956,0.9930792486146508,1.0907031271385887,1.2351417572494692,1.0390054924999177,0.9619934421912784,False,7.75101696774928,2
3.0,50,55,50,0.95,0.7,0.3,0.9557965206957141,1.1184299715639956,0.9930792486146508,1.0907031271385887,1.2351417572494692,1.0373281817659172,0.9557965206957141,False,7.75101696774928,2
3.0,50,55,50,0.95,0.8,0.2,0.9369007511553699,1.1184299715639956,0.9930792486146508,1.0907031271385887,1.252758607571534,1.0321628228184723,0.9369007511553699,False,8.302161206377479,2
3.0,50,55,50,0.95,0.8,0.25,0.9472667111615182,1.1184299715639956,0.9930792486146508,1.0907031271385887,1.252758607571534,1.0350060404300514,0.9472667111615182,False,7.75101696774928,1
3.0,50,55,50,0.95,0.8,0.3,0.9030599743170091,1.1184299715639956,0.9930792486146508,1.0907031271385887,1.252758607571534,1.0227134415836852,0.9030599743170091,False,11.61427948074991,1
3.0,50,55,50,1.0,0.7,0.2,0.9775929247797162,1.09280820454231,1.0,1.0907031271385887,1.191693718354896,1.0389679214400371,0.9775929247797162,False,7.514326584746234,1
3.0,50,55,50,1.0,0.7,0.25,0.9728014082963521,1.09280820454231,1.0,1.0907031271385887,1.191693718354896,1.0376924907241392,0.9728014082963521,False,7.514326584746234,1
3.0,50,55,50,1.0,0.7,0.3,0.9690422379348294,1.09280820454231,1.0,1.0907031271385887,1.191693718354896,1.0366885529347343,0.9690422379348294,False,7.514326584746234,1
3.0,50,55,50,1.0,0.8,0.2,0.9651574160181281,1.09280820454231,1.0,1.0907031271385887,1.2086968985358086,1.0356479844841266,0.9651574160181281,False,7.51433413525432,1
3.0,50,55,50,1.0,0.8,0.25,0.9147407606606157,1.09280820454231,1.0,1.0907031271385887,1.2086968985358086,1.0218499645527863,0.9147407606606157,False,8.52592393393843,1
3.0,50,55,50,1.0,0.8,0.3,0.9147407606606157,1.09280820454231,1.0,1.0907031271385887,1.2086968985358086,1.0218499645527863,0.9147407606606157,False,8.52592393393843,1
3.0,50,100,0,0.95,0.7,0.2,0.9612908800479488,1.1136862021316307,0.9930792486146508,1.2435973446169513,1.4023905284478912,1.072309956672554,0.9612908800479488,False,11.31315545373952,2
3.0,50,100,0,0.95,0.7,0.25,0.9565792654481446,1.1136862021316307,0.9930792486146508,1.2435973446169513,1.4023905284478912,1.0709935954765244,0.9565792654481446,False,11.31315545373952,2
3.0,50,100,0,0.95,0.7,0.3,0.9491806692503266,1.1136862021316307,0.9930792486146508,1.2435973446169513,1.4023905284478912,1.0689166803426275,0.9491806692503266,False,11.31315545373952,2
3.0,50,100,0,0.95,0.8,0.2,0.9376448534328605,1.1136862021316307,0.9930792486146508,1.2435973446169513,1.418368882227258,1.065654017504296,0.9376448534328605,False,11.313155774202134,2
3.0,50,100,0,0.95,0.8,0.25,0.9243224796145535,1.1136862021316307,0.9930792486146508,1.2435973446169513,1.418368882227258,1.061848387393511,0.9243224796145535,False,11.313155774202134,2
3.0,50,100,0,0.95,0.8,0.3,0.9383608546959885,1.1136862021316307,0.9930792486146508,1.2435973446169513,1.418368882227258,1.065857397073994,0.9383608546959885,False,11.313155774202134,1
3.0,50,100,0,1.0,0.7,0.2,0.9775929247797162,1.0879512268128961,1.0,1.1424229000063644,1.2428386645275078,1.0499015913806637,0.9775929247797162,False,7.587768151962216,1
3.0,50,100,0,1.0,0.7,0.25,0.9728014082963521,1.0879512268128961,1.0,1.1424229000063644,1.2428386645275078,1.0486127385578925,0.9728014082963521,False,7.587768151962216,1
3.0,50,100,0,1.0,0.7,0.3,0.9690422379348294,1.0879512268128961,1.0,1.1424229000063644,1.2428386645275078,1.04759823574121,0.9690422379348294,False,7.587768151962216,1
3.0,50,100,0,1.0,0.8,0.2,0.9651574160181281,1.0879512268128961,1.0,1.1424229000063644,1.2569999328281325,1.046546716777353,0.9651574160181281,False,7.5877685589313515,1
3.0,50,100,0,1.0,0.8,0.25,0.9147407606606157,1.0879512268128961,1.0,1.1424229000063644,1.2569999328281325,1.0326034921744822,0.9147407606606157,False,8.52592393393843,1
3.0,50,100,0,1.0,0.8,0.3,0.9147407606606157,1.0879512268128961,1.0,1.1424229000063644,1.2569999328281325,1.0326034921744822,0.9147407606606157,False,8.52592393393843,1
3.0,50,100,50,0.95,0.7,0.2,0.9612908800479488,1.1184299715639956,0.9930792486146508,1.2418142892703572,1.4061386351702938,1.0730650367752488,0.9612908800479488,False,11.313255947286994,2
3.0,50,100,50,0.95,0.7,0.25,0.9565792654481446,1.1184299715639956,0.9930792486146508,1.2418142892703572,1.4061386351702938,1.071747748647467,0.9565792654481446,False,11.313255947286994,2
3.0,50,100,50,0.95,0.7,0.3,0.9491806692503266,1.1184299715639956,0.9930792486146508,1.2418142892703572,1.4061386351702938,1.069669371028509,0.9491806692503266,False,11.313255947286994,2
3.0,50,100,50,0.95,0.8,0.2,0.9376448534328605,1.1184299715639956,0.9930792486146508,1.2418142892703572,1.426194407745678,1.0664044107464432,0.9376448534328605,False,11.31325848281487,2
3.0,50,100,50,0.95,0.8,0.25,0.9243224796145535,1.1184299715639956,0.9930792486146508,1.2418142892703572,1.426194407745678,1.062596100854913,0.9243224796145535,False,11.31325848281487,2
3.0,50,100,50,0.95,0.8,0.3,0.9383608546959885,1.1184299715639956,0.9930792486146508,1.2418142892703572,1.426194407745678,1.0666079335283398,0.9383608546959885,False,11.31325848281487,1
3.0,50,100,50,1.0,0.7,0.2,0.9775929247797162,1.09280820454231,1.0,1.1413290477658653,1.2470070323741609,1.0508197260929806,0.9775929247797162,False,7.58789574780473,1
3.0,50,100,50,1.0,0.7,0.25,0.9728014082963521,1.09280820454231,1.0,1.1413290477658653,1.2470070323741609,1.0495297461736075,0.9728014082963521,False,7.58789574780473,1
3.0,50,100,50,1.0,0.7,0.3,0.9690422379348294,1.09280820454231,1.0,1.1413290477658653,1.2470070323741609,1.0485143561782986,0.9690422379348294,False,7.58789574780473,1
3.0,50,100,50,1.0,0.8,0.2,0.9651574160181281,1.09280820454231,1.0,1.1413290477658653,1.2647994240065457,1.0474619176653435,0.9651574160181281,False,7.587898966490614,1
3.0,50,100,50,1.0,0.8,0.25,0.9147407606606157,1.09280820454231,1.0,1.1413290477658653,1.2647994240065457,1.0335064997687253,0.9147407606606157,False,8.52592393393843,1
3.0,50,100,50,1.0,0.8,0.3,0.9147407606606157,1.09280820454231,1.0,1.1413290477658653,1.2647994240065457,1.0335064997687253,0.9147407606606157,False,8.52592393393843,1
