date,btc,winner
2022-09-01,20127.140625,6999.203791469195
2022-09-02,19969.771484375,6986.2790859286715
2022-09-03,19832.087890625,6974.915127451395
2022-09-04,19986.712890625,6986.674340435376
2022-09-05,19812.37109375,6972.4105299630955
2022-09-06,18837.66796875,6893.6526356078075
2022-09-07,19290.32421875,6985.671212750647
2022-09-08,19329.833984375,6992.612889640142
2022-09-09,21381.15234375,7413.696234911052
2022-09-10,21680.5390625,7474.0061399538645
2022-09-11,21769.255859375,7490.929753020331
2022-09-12,22370.44921875,7613.344576488312
2022-09-13,20296.70703125,7185.069081269468
2022-09-14,20241.08984375,7172.366075680752
2022-09-15,19701.2109375,7059.978027199929
2022-09-16,19772.583984375,7073.453588602044
2022-09-17,20127.576171875,7145.3096174147095
2022-09-18,19419.505859375,6998.305267571428
2022-09-19,19544.12890625,7022.760096251679
2022-09-20,18890.7890625,6887.058418253249
2022-09-21,18547.400390625,6815.202600024313
2022-09-22,19413.55078125,6992.3596131154145
2022-09-23,19297.638671875,6967.299056382804
2022-09-24,18937.01171875,6891.869490565212
2022-09-25,18802.09765625,6862.926694512366
2022-09-26,19222.671875,6948.343170642637
2022-09-27,19110.546875,6924.074007073531
2022-09-28,19426.720703125,6987.979917472198
2022-09-29,19573.05078125,7016.902836447935
2022-09-30,19431.7890625,6986.6140417178285
2022-10-01,19312.095703125,6960.773962976765
2022-10-02,19044.107421875,6904.413787570061
2022-10-03,19623.580078125,7022.525608050784
2022-10-04,20336.84375,7168.143397033993
2022-10-05,20160.716796875,7130.630179434077
2022-10-06,19955.443359375,7087.127845526549
2022-10-07,19546.849609375,7001.783360999709
2022-10-08,19416.568359375,6973.756586999349
2022-10-09,19446.42578125,6978.703466271039
2022-10-10,19141.484375,6914.727947291703
2022-10-11,19051.41796875,6895.004706585168
2022-10-12,19157.4453125,6915.654225568167
2022-10-13,19382.904296875,6960.882988037666
2022-10-14,19185.65625,6919.08078365582
2022-10-15,19067.634765625,6893.600076426459
2022-10-16,19268.09375,6933.687971589354
2022-10-17,19550.7578125,6990.685942494303
2022-10-18,19334.416015625,6944.942794113223
2022-10-19,19139.53515625,6903.630886328192
2022-10-20,19053.740234375,6884.787079354322
2022-10-21,19172.46875,6908.051075139384
2022-10-22,19208.189453125,6914.220029027442
2022-10-23,19567.0078125,6986.898566398685
2022-10-24,19345.572265625,6940.105832027776
2022-10-25,20095.857421875,7093.361912579612
2022-10-26,20770.44140625,7230.988056809448
2022-10-27,20285.8359375,7129.945710159511
2022-10-28,20595.3515625,7192.40838130434
2022-10-29,20818.4765625,7237.067850246001
2022-10-30,20635.603515625,7198.136151499383
2022-10-31,20495.7734375,7168.076429718661
2022-11-01,20485.2734375,7164.6487982411745
2022-11-02,20159.50390625,7096.321496580521
2022-11-03,20209.98828125,7105.468675392751
2022-11-04,21147.23046875,7297.157697985536
2022-11-05,21282.69140625,7323.736847072502
2022-11-06,20926.486328125,7249.094925818884
2022-11-07,20602.81640625,7181.172586484432
2022-11-08,18541.271484375,6755.517175523068
2022-11-09,15880.7802734375,6204.900592148889
2022-11-10,17586.771484375,6938.8155689307605
2022-11-11,17034.29296875,6698.197516760385
2022-11-12,16799.185546875,6594.5660490384125
2022-11-13,16353.365234375,6400.0626999849965
2022-11-14,16618.19921875,6512.1959520457185
2022-11-15,16884.61328125,6624.976570245432
2022-11-16,16669.439453125,6529.963905925334
2022-11-17,16687.517578125,6535.604851030398
2022-11-18,16697.77734375,6537.870586666477
2022-11-19,16711.546875,6541.649119911845
2022-11-20,16291.83203125,6358.419112076602
2022-11-21,15787.2841796875,6138.646167986637
2022-11-22,16189.76953125,6310.23601246329
2022-11-23,16610.70703125,6489.734076113617
2022-11-24,16604.46484375,6484.890752185814
2022-11-25,16521.841796875,6447.097251871594
2022-11-26,16464.28125,6420.126502886799
2022-11-27,16444.626953125,6409.516101771537
2022-11-28,16217.322265625,6309.327100572605
2022-11-29,16444.982421875,6405.441038162957
2022-11-30,17168.56640625,6715.468871774181
2022-12-01,16967.1328125,6626.347034694664
2022-12-02,17088.66015625,6676.577815021803
2022-12-03,16908.236328125,6596.530012995624
2022-12-04,17130.486328125,6690.22054352562
2022-12-05,16974.826171875,6620.850466084404
2022-12-06,17089.50390625,6668.125303677411
2022-12-07,16848.126953125,6561.781989441278
2022-12-08,17233.474609375,6725.841232293238
2022-12-09,17133.15234375,6680.330792149253
2022-12-10,17128.724609375,6676.202594251756
2022-12-11,17104.193359375,6663.402238766985
2022-12-12,17206.4375,6705.296430280381
2022-12-13,17781.318359375,6951.074609275698
2022-12-14,17815.650390625,6963.583605715205
2022-12-15,17364.865234375,6766.80681327054
2022-12-16,16647.484375,6455.078009660504
2022-12-17,16795.091796875,6516.601213567944
2022-12-18,16757.9765625,6498.415272887536
2022-12-19,16439.6796875,6358.93134011224
2022-12-20,16906.3046875,6558.106806446543
2022-12-21,16817.53515625,6517.622613929394
2022-12-22,16830.341796875,6520.9702487673
2022-12-23,16796.953125,6504.387397433451
2022-12-24,16847.755859375,6524.129351829484
2022-12-25,16841.986328125,6519.459245223364
2022-12-26,16919.8046875,6550.850009907744
2022-12-27,16717.173828125,6461.243872699293
2022-12-28,16552.572265625,6388.0699470307945
2022-12-29,16642.341796875,6424.653958877861
2022-12-30,16602.5859375,6405.348617837863
2022-12-31,16547.49609375,6379.433286163519
2023-01-01,16625.080078125,6410.761065297749
2023-01-02,16688.470703125,6435.955732820665
2023-01-03,16679.857421875,6430.079443021602
2023-01-04,16863.23828125,6507.0312488201635
2023-01-05,16836.736328125,6493.415094582789
2023-01-06,16951.96875,6540.947103513042
2023-01-07,16955.078125,6540.093898421973
2023-01-08,17091.14453125,6596.598444544685
2023-01-09,17196.5546875,6639.860156178551
2023-01-10,17446.29296875,6745.371906963883
2023-01-11,17934.896484375,6953.898669916795
2023-01-12,18869.587890625,7354.806139897853
2023-01-13,19909.57421875,7801.017222505917
2023-01-14,20976.298828125,8258.628661708959
2023-01-15,20880.798828125,8214.71401892844
2023-01-16,21169.6328125,8336.61483822146
2023-01-17,21161.51953125,8330.374119268141
2023-01-18,20688.78125,8123.693511680649
2023-01-19,21086.79296875,8292.718866919457
2023-01-20,22676.552734375,8975.817199305864
2023-01-21,22777.625,9016.48444228491
2023-01-22,22720.416015625,8988.855485312173
2023-01-23,22934.431640625,9078.241231630209
2023-01-24,22636.46875,8946.729851192707
2023-01-25,23117.859375,9151.47302665253
2023-01-26,23032.77734375,9111.775487712239
2023-01-27,23078.728515625,9128.617170690268
2023-01-28,23031.08984375,9105.07790098998
2023-01-29,23774.56640625,9422.834829084666
2023-01-30,22840.138671875,9016.641403365167
2023-01-31,23139.283203125,9142.736574587412
2023-02-01,23723.76953125,9391.890522359132
2023-02-02,23471.87109375,9280.149329289647
2023-02-03,23449.322265625,9267.383014521916
2023-02-04,23331.84765625,9213.668286716369
2023-02-05,22955.666015625,9048.361599528294
2023-02-06,22760.109375,8961.025904111475
2023-02-07,23264.291015625,9175.585201278402
2023-02-08,22939.3984375,9032.413550734653
2023-02-09,21819.0390625,8546.116650155738
2023-02-10,21651.18359375,8470.878490136536
2023-02-11,21870.875,8562.851212193678
2023-02-12,21788.203125,8524.354858078777
2023-02-13,21808.1015625,8530.118417849653
2023-02-14,22220.8046875,8705.336792794875
2023-02-15,24307.841796875,9602.8155966127
2023-02-16,23623.474609375,9304.430175473755
2023-02-17,24565.6015625,9706.748837657075
2023-02-18,24641.27734375,9729.471395237877
2023-02-19,24327.642578125,9640.83571314151
2023-02-20,24829.1484375,9776.599273104483
2023-02-21,24436.353515625,9688.193483162104
2023-02-22,24188.84375,9631.904123845008
2023-02-23,23947.4921875,9575.90206013622
2023-02-24,23198.126953125,9338.354385391847
2023-02-25,23175.375,9324.904345800816
2023-02-26,23561.212890625,9496.408793806642
2023-02-27,23522.87109375,9475.852568278207
2023-02-28,23147.353515625,9302.676289445719
2023-03-01,23646.55078125,9525.497553916934
2023-03-02,23475.466796875,9444.84294408923
2023-03-03,22362.6796875,8935.491285857284
2023-03-04,22353.349609375,8924.715090823793
2023-03-05,22435.513671875,8975.40609314316
2023-03-06,22429.7578125,8967.01635753458
2023-03-07,22219.76953125,8821.425439641436
2023-03-08,21718.080078125,8479.913433844566
2023-03-09,20363.021484375,7561.536875658291
2023-03-10,20187.244140625,7373.68648469308
2023-03-11,20632.41015625,7827.188509783439
2023-03-12,22163.94921875,9402.537017856355
2023-03-13,24197.533203125,11495.912859671083
2023-03-14,24746.07421875,12054.935629576168
2023-03-15,24375.9609375,11665.02052539351
2023-03-16,25052.7890625,12356.480367952976
2023-03-17,27423.9296875,14797.582657608045
2023-03-18,26965.87890625,14316.017514631283
2023-03-19,28038.67578125,15415.62331250682
2023-03-20,27767.236328125,15126.596107169034
2023-03-21,28175.81640625,15539.963660199994
2023-03-22,27307.4375,14634.386769800472
2023-03-23,28333.97265625,15686.10852743985
2023-03-24,27493.28515625,14809.081753156688
2023-03-25,27494.70703125,14802.02932582565
2023-03-26,27994.330078125,15309.508708406516
2023-03-27,27139.888671875,14418.382438010405
2023-03-28,27268.130859375,14542.417031413945
2023-03-29,28348.44140625,15649.689123954144
2023-03-30,28033.5625,15315.702511622923
2023-03-31,28478.484375,15766.520607189235
2023-04-01,28411.03515625,15688.034145688041
2023-04-02,28199.30859375,15460.56182061385
2023-04-03,27790.220703125,15029.324265308598
2023-04-04,28168.08984375,15410.967050098976
2023-04-05,28177.984375,15412.455873247598
2023-04-06,28044.140625,15265.491594923129
2023-04-07,27925.859375,15134.641438525034
2023-04-08,27947.794921875,15148.641056625182
2023-04-09,28333.05078125,15537.863860957368
2023-04-10,29652.98046875,16889.216363611125
2023-04-11,30235.05859375,17360.292271259415
2023-04-12,30139.052734375,17288.844439849257
2023-04-13,30399.06640625,17419.944876134206
2023-04-14,30485.69921875,17451.443814522165
2023-04-15,30318.49609375,17390.736319138654
2023-04-16,30315.35546875,17386.601798452313
2023-04-17,29445.044921875,17195.493183315037
2023-04-18,30397.552734375,17358.477955986695
2023-04-19,28822.6796875,17136.95923597052
2023-04-20,28245.98828125,16976.664408123703
2023-04-21,27276.91015625,16706.038199268227
2023-04-22,27817.5,16965.953160248544
2023-04-23,27591.384765625,16851.490454298215
2023-04-24,27525.33984375,16815.20575021985
2023-04-25,28307.59765625,17193.06442785044
2023-04-26,28422.701171875,17245.109822989893
2023-04-27,29473.787109375,17754.07649009252
2023-04-28,29340.26171875,17684.572658541176
2023-04-29,29248.48828125,17635.471313706807
2023-04-30,29268.806640625,17641.10561304694
2023-05-01,28091.568359375,17062.100638224067
2023-05-02,28680.537109375,17345.51439430747
2023-05-03,29006.30859375,17500.35134624209
2023-05-04,28847.7109375,17418.675948041586
2023-05-05,29534.384765625,17749.67766186432
2023-05-06,28904.623046875,17437.90687509488
2023-05-07,28454.978515625,17214.1599275778
2023-05-08,27694.2734375,16838.62191395499
2023-05-09,27658.775390625,16817.234844062714
2023-05-10,27621.755859375,16795.110199796614
2023-05-11,27000.7890625,16487.913216660472
2023-05-12,26804.990234375,16388.370354616407
2023-05-13,26784.078125,16374.234288291273
2023-05-14,26930.638671875,16441.859918452774
2023-05-15,27192.693359375,16565.847269947102
2023-05-16,27036.650390625,16485.68474389363
2023-05-17,27398.802734375,16658.52333305333
2023-05-18,26832.208984375,16377.903441480597
2023-05-19,26890.12890625,16402.248470710867
2023-05-20,27129.5859375,16515.20978597589
2023-05-21,26753.826171875,16327.792756479657
2023-05-22,26851.27734375,16371.448066833771
2023-05-23,27225.7265625,16550.317036291235
2023-05-24,26334.818359375,16107.008863117022
2023-05-25,26476.20703125,16216.628243556266
2023-05-26,26719.291015625,16409.725577740643
2023-05-27,26868.353515625,16525.55200379426
2023-05-28,28085.646484375,17518.578925584512
2023-05-29,27745.884765625,17232.643269885113
2023-05-30,27702.349609375,17190.05436292955
2023-05-31,27219.658203125,16786.83845370487
2023-06-01,26819.97265625,16451.906403509736
2023-06-02,27249.58984375,16798.101200140452
2023-06-03,27075.12890625,16648.11756579812
2023-06-04,27119.06640625,16677.527023897095
2023-06-05,25760.09765625,15554.850677161592
2023-06-06,27238.783203125,16762.807856442247
2023-06-07,26345.998046875,16022.934753931413
2023-06-08,26508.216796875,16149.657163648004
2023-06-09,26480.375,16120.260742576167
2023-06-10,25851.240234375,15597.085811683668
2023-06-11,25940.16796875,15663.743128382548
2023-06-12,25902.5,15626.417383901877
2023-06-13,25918.728515625,15633.3610364706
2023-06-14,25124.67578125,14968.313504617785
2023-06-15,25576.39453125,15565.640321525902
2023-06-16,26327.462890625,16565.346682610325
2023-06-17,26510.67578125,16801.10457974726
2023-06-18,26336.212890625,16555.79035038548
2023-06-19,26851.029296875,17237.481229367062
2023-06-20,28327.48828125,19212.169994422184
2023-06-21,30027.296875,21486.620854657536
2023-06-22,29912.28125,21319.8314509017
2023-06-23,30695.46875,22360.981475250555
2023-06-24,30548.6953125,22151.21489245458
2023-06-25,30480.26171875,22046.858042923177
2023-06-26,30271.130859375,21753.32078002787
2023-06-27,30688.1640625,22301.925990126867
2023-06-28,30086.24609375,21480.089335454355
2023-06-29,30445.3515625,21950.868620396228
2023-06-30,30477.251953125,21981.481439732357
2023-07-01,30590.078125,22120.909425538823
2023-07-02,30620.76953125,22149.838011391483
2023-07-03,31156.439453125,22857.843388097815
2023-07-04,30777.58203125,22335.786960845322
2023-07-05,30514.166015625,21969.12767157474
2023-07-06,29909.337890625,21143.447691182773
2023-07-07,30342.265625,21713.573684499795
2023-07-08,30292.541015625,21634.459763667684
2023-07-09,30171.234375,21459.103234716436
2023-07-10,30414.470703125,21774.028762621376
2023-07-11,30620.951171875,22039.427282698583
2023-07-12,30391.646484375,21718.703716401767
2023-07-13,31476.048828125,23164.730473259046
2023-07-14,30334.068359375,21616.30615503408
2023-07-15,30295.806640625,21552.610702945807
2023-07-16,30249.1328125,21477.618185779447
2023-07-17,30145.888671875,21326.569412383462
2023-07-18,29856.5625,20925.32137393529
2023-07-19,29913.923828125,20990.411373238505
2023-07-20,29792.015625,20814.39866392505
2023-07-21,29908.744140625,20959.35100806103
2023-07-22,29771.802734375,20763.123914059084
2023-07-23,30084.5390625,21171.673419305553
2023-07-24,29176.916015625,19938.971763642818
2023-07-25,29227.390625,19995.07486092455
2023-07-26,29354.97265625,20154.85074407145
2023-07-27,29210.689453125,19948.973966524827
2023-07-28,29319.24609375,20083.171467705288
2023-07-29,29356.91796875,20122.00015979695
2023-07-30,29275.30859375,20000.405625133688
2023-07-31,29230.111328125,19927.810601559475
2023-08-01,29675.732421875,20515.28058247764
2023-08-02,29151.958984375,19798.940350011806
2023-08-03,29178.6796875,19823.109544767573
2023-08-04,29074.091796875,19670.68570158825
2023-08-05,29042.126953125,19615.9666860868
2023-08-06,29041.85546875,19603.881427673252
2023-08-07,29180.578125,19778.713966580177
2023-08-08,29765.4921875,20553.52348530965
2023-08-09,29561.494140625,20267.177219013334
2023-08-10,29429.591796875,20077.866732432252
2023-08-11,29397.71484375,20023.122446504225
2023-08-12,29415.96484375,20035.801162558946
2023-08-13,29282.9140625,19845.005000162375
2023-08-14,29408.443359375,20001.997983330053
2023-08-15,29170.34765625,19669.941679149786
2023-08-16,28701.779296875,19028.044539171427
2023-08-17,26664.55078125,16276.820740015964
2023-08-18,26049.556640625,15439.023162484009
2023-08-19,26096.205078125,15491.242938235828
2023-08-20,26189.583984375,15606.286474162447
2023-08-21,26124.140625,15507.710008956787
2023-08-22,26031.65625,15372.795513709438
2023-08-23,26431.640625,15900.184531952056
2023-08-24,26162.373046875,15527.40996759946
2023-08-25,26047.66796875,15362.59790279997
2023-08-26,26008.462890625,15299.363641317013
2023-08-27,26089.693359375,15398.105510204408
2023-08-28,26106.150390625,15409.708039967873
2023-08-29,27727.392578125,17579.400157540334
2023-08-30,27297.265625,16989.780884581454
2023-08-31,25931.47265625,15142.062524624414
2023-09-01,25800.724609375,14955.769245476602
2023-09-02,25868.798828125,15036.902578240843
2023-09-03,25969.56640625,15161.974084829186
2023-09-04,25812.416015625,14940.15987089415
2023-09-05,25779.982421875,14886.126759764758
2023-09-06,25753.236328125,14839.755220654428
2023-09-07,26240.1953125,15484.219030486594
2023-09-08,25905.654296875,15023.742773251292
2023-09-09,25895.677734375,14999.871986966747
2023-09-10,25832.2265625,14904.093200196214
2023-09-11,25162.654296875,13993.235491927237
2023-09-12,25833.34375,14885.01621196742
2023-09-13,26228.32421875,15405.756066363641
2023-09-14,26539.673828125,15813.870726008416
2023-09-15,26608.693359375,15895.977095387934
2023-09-16,26568.28125,15830.89322642858
2023-09-17,26534.1875,15774.322521556212
2023-09-18,26754.28125,16059.593939922037
2023-09-19,27211.1171875,16663.144650896338
2023-09-20,27132.0078125,16545.778040961784
2023-09-21,26567.6328125,15775.86384338542
2023-09-22,26579.568359375,15781.193057996645
2023-09-23,26579.390625,15770.227657579078
2023-09-24,26256.826171875,15325.72045609629
2023-09-25,26298.48046875,15371.140525011242
2023-09-26,26217.25,15251.289794547367
2023-09-27,26352.716796875,15422.883782853065
2023-09-28,27021.546875,16311.683778533226
2023-09-29,26911.720703125,16153.08608347406
2023-09-30,26967.916015625,16217.796451782076
2023-10-01,27983.75,17572.9949565775
2023-10-02,27530.78515625,16952.56010157643
2023-10-03,27429.978515625,16805.886259253726
2023-10-04,27799.39453125,17291.6030033499
2023-10-05,27415.912109375,16764.68169122271
2023-10-06,27946.59765625,17467.277483361704
2023-10-07,27968.83984375,17485.910455563997
2023-10-08,27935.08984375,17429.236815668333
2023-10-09,27583.677734375,16945.388522243236
2023-10-10,27391.01953125,16675.172432311454
2023-10-11,26873.3203125,15967.922750998085
2023-10-12,26756.798828125,15800.381096275978
2023-10-13,26862.375,15931.560784161391
2023-10-14,26861.70703125,15919.821993561147
2023-10-15,27159.65234375,16309.655105796212
2023-10-16,28519.466796875,18127.357128112544
2023-10-17,28415.748046875,17976.36812537212
2023-10-18,28328.341796875,17847.357837517688
2023-10-19,28719.806640625,18362.36304542344
2023-10-20,29682.94921875,19645.995777301905
2023-10-21,29918.412109375,19950.66472891777
2023-10-22,29993.896484375,20040.101428918337
2023-10-23,33086.234375,24186.53684007813
2023-10-24,33901.52734375,25269.581048981447
2023-10-25,34502.8203125,26064.511553787677
2023-10-26,34156.6484375,25585.059808825925
2023-10-27,33909.80078125,25239.31780690102
2023-10-28,34089.57421875,25467.390458219408
2023-10-29,34538.48046875,26057.317205769403
2023-10-30,34502.36328125,25994.808971894367
2023-10-31,34667.78125,26203.337424382542
2023-11-01,35437.25390625,27224.124770044997
2023-11-02,34938.2421875,26538.758700658364
2023-11-03,34732.32421875,26247.74304369116
2023-11-04,35082.1953125,26704.229089719513
2023-11-05,35049.35546875,26645.908768998757
2023-11-06,35037.37109375,26615.647890462384
2023-11-07,35443.5625,27147.749727264592
2023-11-08,35655.27734375,27418.157845429407
2023-11-09,36693.125,28794.51829827232
2023-11-10,37313.96875,29446.579219057377
2023-11-11,37138.05078125,29282.338238647826
2023-11-12,37054.51953125,29214.598729880225
2023-11-13,36502.35546875,28902.316559030885
2023-11-14,35537.640625,28472.378119492758
2023-11-15,37880.58203125,29498.450019272757
2023-11-16,36154.76953125,28884.770159210246
2023-11-17,36596.68359375,29005.30760998969
2023-11-18,36585.703125,28999.52672628539
2023-11-19,37386.546875,29141.417899839184
2023-11-20,37476.95703125,29152.31138898946
2023-11-21,35813.8125,28955.597814306777
2023-11-22,37432.33984375,29436.97866589379
2023-11-23,37289.62109375,29390.884386680606
2023-11-24,37720.28125,29516.4766859398
2023-11-25,37796.79296875,29535.99570954592
2023-11-26,37479.12109375,29437.486464609563
2023-11-27,37254.16796875,29366.766420695873
2023-11-28,37831.0859375,29536.152543031523
2023-11-29,37858.4921875,29540.959081534536
2023-11-30,37712.74609375,29493.92010449142
2023-12-01,38688.75,29782.75421489136
2023-12-02,39476.33203125,30015.085771964426
2023-12-03,39978.390625,30161.858801274033
2023-12-04,41980.09765625,30757.59221485171
2023-12-05,44080.6484375,31382.74030424452
2023-12-06,43746.4453125,31278.716885745533
2023-12-07,43292.6640625,31138.920947168666
2023-12-08,44166.6015625,31396.69429314277
2023-12-09,43725.984375,31260.80201859372
2023-12-10,43779.69921875,31272.955887330663
2023-12-11,41243.83203125,30509.76550390253
2023-12-12,41450.22265625,30567.8546153091
2023-12-13,42890.7421875,30995.43222521135
2023-12-14,43023.97265625,31031.46868791696
2023-12-15,41929.7578125,30699.987253361578
2023-12-16,42240.1171875,30789.143724094934
2023-12-17,41364.6640625,30523.231545238752
2023-12-18,42623.5390625,30896.43116756355
2023-12-19,42270.52734375,30786.90724122331
2023-12-20,43652.25,31196.806941569135
2023-12-21,43869.15234375,31257.826942731994
2023-12-22,43997.90234375,31292.43401169413
2023-12-23,43739.54296875,31211.12619036268
2023-12-24,43016.1171875,30990.597366106478
2023-12-25,43613.140625,31165.485503946693
2023-12-26,42520.40234375,30834.39322657488
2023-12-27,43442.85546875,31106.76188552713
2023-12-28,42627.85546875,30858.84174075046
2023-12-29,42099.40234375,30696.789011742167
2023-12-30,42156.90234375,30710.222330338318
2023-12-31,42265.1875,30738.855922491814
2024-01-01,44167.33203125,31304.57414311119
2024-01-02,44957.96875,31535.981572066925
2024-01-03,42848.17578125,31023.871129815656
2024-01-04,44179.921875,31556.973470417903
2024-01-05,44162.69140625,31544.64986737525
2024-01-06,43989.1953125,31469.164852894868
2024-01-07,43943.09765625,31445.196094572122
2024-01-08,46970.50390625,32663.56161319504
2024-01-09,46139.73046875,32322.06057753152
2024-01-10,46627.77734375,32513.73538158988
2024-01-11,46368.5859375,32403.31279813558
2024-01-12,42853.16796875,30976.735376806744
2024-01-13,42842.3828125,30967.177940518228
2024-01-14,41796.26953125,30539.135983992914
2024-01-15,42511.96875,30823.35608268332
2024-01-16,43154.9453125,31078.094435181927
2024-01-17,42742.65234375,30906.208531502572
2024-01-18,41262.05859375,30297.265290173254
2024-01-19,41618.40625,30524.530696702066
2024-01-20,41665.5859375,30547.451414553165
2024-01-21,41545.78515625,30460.03513292677
2024-01-22,39507.3671875,29097.02963820294
2024-01-23,39845.55078125,29443.780726086814
2024-01-24,40077.07421875,29677.088483730906
2024-01-25,39933.80859375,29512.077140222296
2024-01-26,41816.87109375,31500.25756167056
2024-01-27,42120.0546875,31809.081736645494
2024-01-28,42035.59375,31705.90393050806
2024-01-29,43288.24609375,33023.549711702326
2024-01-30,42952.609375,32653.103759307072
2024-01-31,42582.60546875,32246.246770284746
2024-02-01,43075.7734375,32756.70134151609
2024-02-02,43185.859375,32859.94139562836
2024-02-03,42992.25,32640.44423125413
2024-02-04,42583.58203125,32192.490745101324
2024-02-05,42658.66796875,32258.697266230236
2024-02-06,43084.671875,32697.760050977082
2024-02-07,44318.22265625,33994.77427560067
2024-02-08,45301.56640625,35025.52889206419
2024-02-09,47147.19921875,36972.225461788024
2024-02-10,47771.27734375,37620.32769757534
2024-02-11,48293.91796875,38160.44495632792
2024-02-12,49958.22265625,39913.51078675808
2024-02-13,49742.44140625,39668.29460672236
2024-02-14,51826.6953125,41867.13032908539
2024-02-15,51938.5546875,41969.464394573675
2024-02-16,52160.203125,42188.42301373702
2024-02-17,51662.99609375,41643.46584249272
2024-02-18,52122.546875,42115.30381605649
2024-02-19,51779.14453125,41733.78922218625
2024-02-20,52284.875,42254.66000740946
2024-02-21,51839.1796875,41764.39866692686
2024-02-22,51304.97265625,41180.228211956644
2024-02-23,50731.94921875,40554.982365143005
2024-02-24,51571.1015625,41430.4761885458
2024-02-25,51733.23828125,41586.315712061245
2024-02-26,54522.40234375,44527.74845060237
2024-02-27,57085.37109375,46687.68378325799
2024-02-28,62504.7890625,50357.281394352205
2024-02-29,61198.3828125,49633.00435205206
2024-03-01,62440.6328125,50162.963306893005
2024-03-02,62029.84765625,50011.248160185074
2024-03-03,63167.37109375,50321.16052320284
2024-03-04,68330.4140625,51465.947026261216
2024-03-05,63801.19921875,50653.72068047839
2024-03-06,66106.8046875,50978.86730663915
2024-03-07,66925.484375,51069.24670599377
2024-03-08,68300.09375,51192.25793598019
2024-03-09,68498.8828125,51204.77660365946
2024-03-10,69019.7890625,51233.601882113435
2024-03-11,72123.90625,51377.361452229816
2024-03-12,71481.2890625,51352.25981422087
2024-03-13,73083.5,51399.32029330356
2024-03-14,71396.59375,51358.261550871124
2024-03-15,69403.7734375,51319.572307299866
2024-03-16,65315.1171875,51256.54182259372
2024-03-17,68390.625,51293.895238950754
2024-03-18,67548.59375,51285.375449432424
2024-03-19,61912.7734375,51240.98034379495
2024-03-20,67913.671875,51278.46120295456
2024-03-21,65491.390625,51266.17125932413
2024-03-22,63778.76171875,51259.19169100045
2024-03-23,64062.203125,51260.01990857822
2024-03-24,67234.171875,51268.10257578723
2024-03-25,69958.8125,51273.6467822314
2024-03-26,69987.8359375,51273.648473547604
2024-03-27,69455.34375,51272.91125820983
2024-03-28,70744.953125,51274.238976527355
2024-03-29,69892.828125,51273.49784238879
2024-03-30,69645.3046875,51273.312319090415
2024-03-31,71333.6484375,51274.206884377905
2024-04-01,69702.1484375,51273.491417303674
2024-04-02,65446.97265625,51272.01464084895
2024-04-03,65980.8125,51272.154668783645
2024-04-04,68508.84375,51272.70669865246
2024-04-05,67837.640625,51272.58336848774
2024-04-06,68896.109375,51272.729019796854
2024-04-07,69362.5546875,51272.778604922736
2024-04-08,71631.359375,51272.98116366895
2024-04-09,69139.015625,51272.79887322533
2024-04-10,70587.8828125,51272.881085196736
2024-04-11,70060.609375,51272.855377136664
2024-04-12,67195.8671875,51272.748280771026
2024-04-13,63821.47265625,51272.64754295835
2024-04-14,65738.7265625,51272.69236538707
2024-04-15,63426.2109375,51272.64803242548
2024-04-16,63811.86328125,51272.65349565926
2024-04-17,61276.69140625,51272.622430793876
2024-04-18,63512.75390625,51272.64389400991
2024-04-19,63843.5703125,51272.646265166535
2024-04-20,64994.44140625,51272.653254840916
2024-04-21,64926.64453125,51272.652788723
2024-04-22,66837.6796875,51272.66028219986
2024-04-23,66407.2734375,51272.6588283814
2024-04-24,64276.8984375,51272.65334082107
2024-04-25,64481.70703125,51272.65370531885
2024-04-26,63755.3203125,51272.65248057042
2024-04-27,63419.140625,51272.65200943211
2024-04-28,63113.23046875,51272.65166420481
2024-04-29,63841.12109375,51272.652249964354
2024-04-30,60636.85546875,51272.650095909645
2024-05-01,58254.01171875,51272.64881161389
2024-05-02,59123.43359375,51272.64917276316
2024-05-03,62889.8359375,51272.650450788526
2024-05-04,63891.47265625,51272.65071753495
2024-05-05,64031.1328125,51272.65074246882
2024-05-06,63161.94921875,51272.650586028605
2024-05-07,62334.81640625,51272.65046680652
2024-05-08,61187.94140625,51272.65033568927
2024-05-09,63049.9609375,51272.650500173724
2024-05-10,60792.77734375,51272.65033672796
2024-05-11,60793.7109375,51272.65033538779
2024-05-12,61448.39453125,51272.650364277644
2024-05-13,62901.44921875,51272.650416652046
2024-05-14,61552.7890625,51272.65037635506
2024-05-15,66267.4921875,51272.6504864098
2024-05-16,65231.58203125,51272.65046646551
2024-05-17,67051.875,51272.65049341047
2024-05-18,66940.8046875,51272.65049175367
2024-05-19,66278.3671875,51272.65048512923
2024-05-20,71448.1953125,51272.65052467695
2024-05-21,70136.53125,51272.65051643259
2024-05-22,69122.3359375,51272.65051130356
2024-05-23,67929.5625,51272.650506498896
2024-05-24,68526.1015625,51272.65050829208
2024-05-25,69265.9453125,51272.65051008708
2024-05-26,68518.09375,51272.65050852378
2024-05-27,69394.5546875,51272.65050989289
2024-05-28,68296.21875,51272.65050844019
2024-05-29,67578.09375,51272.65048384937
2024-05-30,68364.9921875,51272.65048384937
2024-05-31,67491.4140625,51272.65048384937
2024-06-01,67706.9375,51272.65048384937
2024-06-02,67751.6015625,51272.65048384937
2024-06-03,68804.78125,51272.65048384937
2024-06-04,70567.765625,51272.65048384937
2024-06-05,71082.8203125,51272.65048384937
2024-06-06,70757.1640625,51272.65048384937
2024-06-07,69342.5859375,51272.65048384937
2024-06-08,69305.7734375,51272.65048384937
2024-06-09,69647.9921875,51272.65048384937
2024-06-10,69512.28125,51272.65048384937
2024-06-11,67332.03125,51272.65048384937
2024-06-12,68241.1875,51272.65048384937
2024-06-13,66756.3984375,51272.65048384937
2024-06-14,66011.09375,51272.65048384937
2024-06-15,66191.0,51272.65048384937
2024-06-16,66639.046875,51272.65048384937
2024-06-17,66490.296875,51272.65048384937
2024-06-18,65140.74609375,51266.818523604765
2024-06-19,64960.296875,51231.01830636751
2024-06-20,64828.65625,51203.9646912893
2024-06-21,64096.19921875,51069.36991012032
2024-06-22,64252.578125,51093.91921506144
2024-06-23,63180.796875,50889.86721721747
2024-06-24,60277.4140625,49544.63009312365
2024-06-25,61804.640625,50889.41004866211
2024-06-26,60811.27734375,49987.70544387442
2024-06-27,61604.80078125,50678.5460268752
2024-06-28,60320.13671875,49517.31921258886
2024-06-29,60887.37890625,50006.65383335891
2024-06-30,62678.29296875,51586.240367797254
2024-07-01,62851.98046875,51724.25116526163
2024-07-02,62029.015625,50974.10709191881
2024-07-03,60173.921875,49304.461797189746
2024-07-04,56977.703125,46420.56462378691
2024-07-05,56662.375,45894.73848033753
2024-07-06,58303.5390625,48463.804880891694
2024-07-07,55849.109375,44553.75842403553
2024-07-08,56705.09765625,45881.234451075296
2024-07-09,58009.2265625,47917.16464575279
2024-07-10,57742.49609375,47467.71972864317
2024-07-11,57344.9140625,46811.422860355095
2024-07-12,57899.46484375,47661.38064614346
2024-07-13,59231.953125,49741.60223305324
2024-07-14,60787.79296875,52174.484656039225
2024-07-15,64870.15234375,58603.0300476556
2024-07-16,65097.1484375,58931.29587963464
2024-07-17,64118.79296875,57352.85133302402
2024-07-18,63974.06640625,57093.48985067064
2024-07-19,66710.15625,61391.01874769539
2024-07-20,67163.6484375,62076.678470756975
2024-07-21,68154.5234375,63612.14504536085
2024-07-22,67585.25,62679.32756378366
2024-07-23,65927.671875,60025.320238933244
2024-07-24,65372.1328125,59115.2845704609
2024-07-25,65777.2265625,59725.023676129415
2024-07-26,67912.0625,63070.64443580498
2024-07-27,67813.3359375,62882.24431874093
2024-07-28,68255.8671875,63550.042581407666
2024-07-29,66819.9140625,61246.2792231205
2024-07-30,66201.015625,60235.599349879674
2024-07-31,64619.25,57702.167888026815
2024-08-01,65357.5,58839.244714542074
2024-08-02,61415.06640625,52572.15306967234
2024-08-03,60680.09375,51380.43471716074
2024-08-04,58116.9765625,47297.34030379317
2024-08-05,53991.45703125,40725.68167386642
2024-08-06,56034.31640625,45312.49138747731
2024-08-07,55027.4609375,42995.67950067604
2024-08-08,61710.13671875,58082.799892059695
2024-08-09,60880.11328125,56162.34630956854
2024-08-10,60945.8125,56269.691074038456
2024-08-11,58719.484375,51189.58511755734
2024-08-12,59354.515625,52586.93189120642
2024-08-13,60609.56640625,55387.099866364595
2024-08-14,58737.26953125,51108.479678047086
2024-08-15,57560.09765625,48404.36524704717
2024-08-16,58894.10546875,51384.45059407314
2024-08-17,59478.97265625,52668.14549737549
2024-08-18,58483.96484375,50375.80816430093
2024-08-19,59493.453125,52620.800723628
2024-08-20,59012.79296875,51492.54532660179
2024-08-21,61175.19140625,56346.49016232637
2024-08-22,60381.9140625,54509.56510089552
2024-08-23,64094.35546875,62870.69804989103
2024-08-24,64178.9921875,63018.71987187299
2024-08-25,64333.54296875,63324.91645656763
2024-08-26,62880.66015625,59993.0013759646
2024-08-27,59504.1328125,52308.4053748153
2024-08-28,59027.625,51189.54047149544
2024-08-29,59388.1796875,51965.471851703194
2024-08-30,59119.4765625,51316.99741268068
2024-08-31,58969.8984375,50938.31383826636
2024-09-01,57325.48828125,47176.56942410844
2024-09-02,59112.48046875,51182.02610020038
2024-09-03,57431.0234375,47336.33890860179
2024-09-04,57971.5390625,48520.649307178355
2024-09-05,56160.48828125,44382.43536178486
2024-09-06,53948.75390625,39338.60862718307
2024-09-07,54139.6875,39734.096346109
2024-09-08,54841.56640625,41285.84584074331
2024-09-09,57019.53515625,46177.86301277683
2024-09-10,57648.7109375,47563.11202397374
2024-09-11,57343.171875,46832.45045232261
2024-09-12,58127.01171875,48567.5214242952
2024-09-13,60571.30078125,54060.053769603386
2024-09-14,60005.12109375,52737.51517055789
2024-09-15,59182.8359375,50835.73317427766
2024-09-16,58192.5078125,48554.188222137636
2024-09-17,60308.5390625,53303.750139757845
2024-09-18,61649.6796875,56298.11207345037
2024-09-19,62940.45703125,59177.57898561885
2024-09-20,63192.9765625,59706.34346705678
2024-09-21,63394.83984375,60120.28923340025
2024-09-22,63648.7109375,60651.80401837274
2024-09-23,63329.80078125,59886.80541033693
2024-09-24,64301.96875,62044.04200289534
2024-09-25,63143.14453125,59377.67329906962
2024-09-26,65181.01953125,63946.986577852134
2024-09-27,65790.6640625,65282.488618398405
2024-09-28,65887.6484375,65457.30404860841
2024-09-29,65635.3046875,64841.44050815073
2024-09-30,63329.5,59578.275092814016
2024-10-01,60837.0078125,53894.1572580207
2024-10-02,60632.78515625,53390.63353402337
2024-10-03,60759.40234375,53636.018211701994
2024-10-04,62067.4765625,56555.236743732596
2024-10-05,62089.94921875,56563.94303001822
2024-10-06,62818.953125,58171.68326452645
2024-10-07,62236.66015625,56811.149905518316
2024-10-08,62131.96875,56531.93859715566
2024-10-09,60582.1015625,52982.01993391686
2024-10-10,60274.5,52244.69814437552
2024-10-11,62445.08984375,57116.32517119871
2024-10-12,63193.0234375,58766.66661342023
2024-10-13,62851.375,57950.5153280277
2024-10-14,66046.125,65138.31160277931
2024-10-15,67041.109375,67345.34231916298
2024-10-16,67612.71875,68593.49837617503
2024-10-17,67399.8359375,68065.77275027521
2024-10-18,68418.7890625,70326.13107358295
2024-10-19,68362.734375,70152.79754242832
2024-10-20,69001.703125,71552.50636115034
2024-10-21,67367.8515625,67807.8452140668
2024-10-22,67361.40625,67747.50333541371
2024-10-23,66432.1953125,65598.72651230864
2024-10-24,68161.0546875,69466.42967678278
2024-10-25,66642.4140625,65983.08938592956
2024-10-26,67014.6953125,66780.38900367066
2024-10-27,67929.296875,68804.83635969277
2024-10-28,69907.7578125,73236.4307665771
2024-10-29,72720.4921875,79554.84178679797
2024-10-30,72339.5390625,78643.2637690314
2024-10-31,70215.1875,73786.21682481798
2024-11-01,69482.46875,72080.21060186508
2024-11-02,69289.2734375,71595.7726090318
2024-11-03,68741.1171875,70308.10432649052
2024-11-04,67811.5078125,68157.48867814481
2024-11-05,69359.5625,71615.05079359649
2024-11-06,75639.078125,85779.98930877451
2024-11-07,75904.859375,86330.14363932272
2024-11-08,76545.4765625,87728.46083980874
2024-11-09,76778.8671875,88204.6918349798
2024-11-10,80474.1875,96515.93924471844
2024-11-11,88701.484375,115061.54253755891
2024-11-12,87955.8125,113647.31040875551
2024-11-13,90584.1640625,117403.05012191267
2024-11-14,87250.4296875,113498.37755680618
2024-11-15,91066.0078125,117002.78857971617
2024-11-16,90558.4765625,116599.4092191396
2024-11-17,89845.8515625,116155.15737592547
2024-11-18,90542.640625,116468.78249265341
2024-11-19,92343.7890625,117138.8694488922
2024-11-20,94339.4921875,117733.81344387618
2024-11-21,98504.7265625,118736.74713970622
2024-11-22,98997.6640625,118824.90745996573
2024-11-23,97777.28125,118628.96136452569
2024-11-24,98013.8203125,118653.52154123332
2024-11-25,93102.296875,118160.78206860878
2024-11-26,91985.3203125,118068.87898804923
2024-11-27,95962.53125,118319.87530073881
2024-11-28,95652.46875,118302.11814921186
2024-11-29,97461.5234375,118374.30714299163
2024-11-30,96449.0546875,118340.01511113721
2024-12-01,97279.7890625,118360.68262880929
2024-12-02,95865.3046875,118330.34613141576
2024-12-03,96002.1640625,118331.99085807559
2024-12-04,98768.53125,118368.43210828767
2024-12-05,96593.5703125,118344.7664126328
2024-12-06,99920.7109375,118372.88107747404
2024-12-07,99923.3359375,118372.62555732825
2024-12-08,101236.015625,118379.58926893777
2024-12-09,97432.71875,118362.76375753524
2024-12-10,96675.4296875,118359.97531813777
2024-12-11,101173.03125,118372.46685580224
2024-12-12,100043.0,118369.84351808019
2024-12-13,101459.2578125,118372.31101096692
2024-12-14,101372.96875,118372.1290071173
2024-12-15,104298.6953125,118375.43968282688
2024-12-16,106029.71875,118376.9904266574
2024-12-17,106140.6015625,118377.04069853153
2024-12-18,100041.5390625,118373.43247436616
2024-12-19,97490.953125,118372.2148593689
2024-12-20,97755.9296875,118372.29982374326
2024-12-21,97224.7265625,118372.12826772344
2024-12-22,95104.9375,118371.60878912034
2024-12-23,94686.2421875,118371.52085702827
2024-12-24,98676.09375,118372.1295092337
2024-12-25,99299.1953125,118372.20141655793
2024-12-26,95795.515625,118371.8521488171
2024-12-27,94164.859375,118371.72054148337
2024-12-28,95163.9296875,118371.78118937122
2024-12-29,93530.2265625,118371.69681966616
2024-12-30,92643.2109375,118371.65949668181
2024-12-31,93429.203125,118371.68368589992
2025-01-01,94419.7578125,118371.70831484573
2025-01-02,96886.875,118371.75853217271
2025-01-03,98107.4296875,118371.77807532351
2025-01-04,98236.2265625,118371.77925987697
2025-01-05,98314.9609375,118371.77967712929
2025-01-06,102078.0859375,118371.81120616426
2025-01-07,96922.703125,118371.77600924385
2025-01-08,95043.5234375,118371.76561610402
2025-01-09,92484.0390625,118371.75435568271
2025-01-10,94701.453125,118371.7619174538
2025-01-11,94566.59375,118371.76143815414
2025-01-12,94488.4375,118371.76118068995
2025-01-13,94516.5234375,118371.76116342258
2025-01-14,96534.046875,118371.76397562084
2025-01-15,100504.4921875,118371.76844378763
2025-01-16,99756.90625,118371.76772757126
2025-01-17,104462.0390625,118371.77112060138
2025-01-18,104408.0703125,118371.77106487808
2025-01-19,101089.609375,118371.76950077084
2025-01-20,102016.6640625,118371.76983092376
2025-01-21,106146.265625,118371.77104898656
2025-01-22,103653.0703125,118371.77044467772
2025-01-23,103960.171875,118371.77049532112
2025-01-24,104819.484375,118371.77062004404
2025-01-25,104714.6484375,118371.77060213368
2025-01-26,102682.5,118371.77039967077
2025-01-27,102087.6875,118371.77035001083
2025-01-28,101332.4765625,118371.77030027687
2025-01-29,103703.2109375,118371.77041673945
2025-01-30,104735.3046875,118371.77045634741
2025-01-31,102405.0234375,118371.77038046767
2025-02-01,100655.90625,118371.77033465958
2025-02-02,97688.9765625,118371.77027309666
2025-02-03,101405.421875,118371.77033332227
2025-02-04,97871.8203125,118371.77028649354
2025-02-05,96615.4453125,118371.77027291426
2025-02-06,96593.296875,118371.77027240436
2025-02-07,96529.0859375,118371.77027171434
2025-02-08,96482.453125,118371.77027125677
2025-02-09,96500.09375,118371.77027116674
2025-02-10,97437.5546875,118371.77027425391
2025-02-11,95747.4296875,118371.77026950286
2025-02-12,97885.859375,118371.77027411922
2025-02-13,96623.8671875,118371.7702718311
2025-02-14,97508.96875,118371.7702730219
2025-02-15,97580.3515625,118371.77023751338
2025-02-16,96175.03125,118371.77023751338
2025-02-17,95773.3828125,118371.77023751338
2025-02-18,95539.546875,118371.77023751338
2025-02-19,96635.609375,118371.77023751338
2025-02-20,98333.9375,118371.77023751338
2025-02-21,96125.546875,118371.77023751338
2025-02-22,96577.7578125,118371.77023751338
2025-02-23,96273.921875,118371.77023751338
2025-02-24,91418.171875,118358.30614990342
2025-02-25,88736.171875,117560.45365078647
2025-02-26,84347.0234375,116239.9345181454
2025-02-27,84704.2265625,116496.55638217651
2025-02-28,84373.0078125,116220.80048687717
2025-03-01,86031.9140625,117483.90657040759
2025-03-02,94248.3515625,123816.97836261088
2025-03-03,86065.671875,117468.17754221812
2025-03-04,87222.1953125,118342.44331298968
2025-03-05,90623.5625,120952.17701591435
2025-03-06,89961.7265625,120419.41103023203
2025-03-07,86742.671875,117909.53076487563
2025-03-08,86154.59375,117434.69557218587
2025-03-09,80601.0390625,113090.34507067264
2025-03-10,78532.0,109898.8188889415
2025-03-11,82862.2109375,116465.125534827
2025-03-12,83722.359375,117738.67391064888
2025-03-13,81066.703125,113651.30897227052
2025-03-14,83969.1015625,118039.4813876626
2025-03-15,84343.109375,118571.30852354087
2025-03-16,82579.6875,115844.0422989212
2025-03-17,84075.6875,118087.19781871443
2025-03-18,82718.5,115979.43630842182
2025-03-19,86854.2265625,122247.29864548819
2025-03-20,84167.1953125,118110.66352148024
2025-03-21,84043.2421875,117883.1628952838
2025-03-22,83832.484375,117523.36855883547
2025-03-23,86054.375,120872.71059511375
2025-03-24,87498.9140625,123035.81420264606
2025-03-25,87471.703125,122954.29121798444
2025-03-26,86900.8828125,122043.94374459682
2025-03-27,87177.1015625,122425.33124435338
2025-03-28,84353.1484375,118079.78468451757
2025-03-29,82597.5859375,115364.49699382998
2025-03-30,82334.5234375,114925.61556434087
2025-03-31,82548.9140625,115214.82352260793
2025-04-01,85169.171875,119172.14016784147
2025-04-02,82485.7109375,115041.71965940976
2025-04-03,83102.828125,115944.89246528529
2025-04-04,83843.8046875,117036.6303273308
2025-04-05,83504.796875,116481.3854760916
2025-04-06,78214.484375,108377.08041769556
2025-04-07,79235.3359375,109897.778127991
2025-04-08,76271.953125,105297.83663885004
2025-04-09,82573.953125,122351.24080141957
2025-04-10,79626.140625,114277.99438015069
2025-04-11,83404.8359375,124475.63565660054
2025-04-12,85287.109375,129519.71561486101
2025-04-13,83684.9765625,125098.98192254436
2025-04-14,84542.390625,127359.42368058224
2025-04-15,83668.9921875,124918.4625835176
2025-04-16,84033.8671875,125841.23326593467
2025-04-17,84895.75,128113.52732692927
2025-04-18,84450.8046875,126835.91169896148
2025-04-19,85063.4140625,128430.86560670214
2025-04-20,85174.3046875,128662.70506457145
2025-04-21,87518.90625,134960.97726888605
2025-04-22,93441.890625,150975.84859031352
2025-04-23,93699.109375,151598.271223858
2025-04-24,93943.796875,152186.4506685732
2025-04-25,94720.5,154219.328969672
2025-04-26,94646.9296875,153942.32134332048
2025-04-27,93754.84375,151442.3716397942
2025-04-28,94978.75,154689.96042245618
2025-04-29,94284.7890625,152727.82686775067
2025-04-30,94207.3125,152440.56538873614
2025-05-01,96492.3359375,158569.66767708087
2025-05-02,96910.0703125,159625.5476525832
2025-05-03,95891.796875,156781.04153029606
2025-05-04,94315.9765625,152423.1268540821
2025-05-05,94748.0546875,153519.73670133797
2025-05-06,96802.4765625,159022.10877558295
2025-05-07,97032.3203125,159567.44487805568
2025-05-08,103241.4609375,176351.73281427094
2025-05-09,102970.8515625,175532.64320035974
2025-05-10,104696.328125,180134.93284313456
2025-05-11,104106.359375,178447.31114172068
2025-05-12,102812.953125,174849.70827475312
2025-05-13,104169.8125,178451.00123544078
2025-05-14,103539.4140625,176654.00588738307
2025-05-15,103744.640625,177126.99361656382
2025-05-16,103489.2890625,176348.93251293802
2025-05-17,103191.0859375,175454.69920362096
2025-05-18,106446.0078125,184210.62137853674
2025-05-19,105606.1796875,181842.98197747726
2025-05-20,106791.0859375,184974.9918859157
2025-05-21,109678.078125,192728.72182070784
2025-05-22,111673.28125,198058.09386011472
2025-05-23,107287.796875,186056.5660558691
2025-05-24,107791.15625,187336.19605385867
2025-05-25,109035.390625,190627.554103386
2025-05-26,109440.3671875,191638.56245622272
2025-05-27,108994.640625,190338.82085763564
2025-05-28,107802.328125,187011.79393260484
2025-05-29,105641.7578125,181056.05274464202
2025-05-30,103998.5703125,176507.2295548934
2025-05-31,104638.09375,178159.34753551445
2025-06-01,105652.1015625,180828.00432959583
2025-06-02,105881.53125,181365.00332404854
2025-06-03,105432.46875,180059.10216831462
2025-06-04,104731.984375,178070.73173097492
2025-06-05,101575.953125,169413.92608362137
2025-06-06,104390.34375,176974.72823841273
2025-06-07,105615.625,180217.38330690752
2025-06-08,105793.6484375,180614.79808148643
2025-06-09,110294.1015625,192751.33053574053
2025-06-10,110257.234375,192561.31203744805
2025-06-11,108686.625,188205.84170146566
2025-06-12,105929.0546875,180627.99081737865
2025-06-13,106090.96875,180981.39878068666
2025-06-14,105472.40625,179214.9828225143
2025-06-15,105552.0234375,179345.25333462408
2025-06-16,106796.7578125,182639.794253359
2025-06-17,104601.1171875,176589.6253512558
2025-06-18,104883.328125,177270.82921506593
2025-06-19,104684.2890625,176644.77887236467
2025-06-20,103309.6015625,172825.95369004042
2025-06-21,102257.40625,169884.1036358058
2025-06-22,100987.140625,166350.85518422854
2025-06-23,105577.7734375,178736.22351625597
2025-06-24,106045.6328125,179920.83295255134
2025-06-25,107361.2578125,183407.50302784884
2025-06-26,106960.0,182230.22836112988
2025-06-27,107088.4296875,182491.85606276468
2025-06-28,107327.703125,183054.4190172865
2025-06-29,108385.5703125,185840.00117806246
2025-06-30,107135.3359375,182356.16095468053
2025-07-01,105698.28125,178365.95543969603
2025-07-02,108859.3203125,186864.85840943072
2025-07-03,109647.9765625,188918.04379322944
2025-07-04,108034.3359375,184446.20167740976
2025-07-05,108231.1796875,184892.7591536711
2025-07-06,109232.0703125,187522.8626399425
2025-07-07,108299.8515625,184902.02937710437
2025-07-08,108950.2734375,186580.24076414143
2025-07-09,111326.5546875,192945.17393597015
2025-07-10,115987.203125,205480.76020655653
2025-07-11,117516.9921875,208703.39108882542
2025-07-12,117435.2265625,208479.552110998
2025-07-13,119116.1171875,210751.32166151624
2025-07-14,119849.703125,211514.28404222277
2025-07-15,117777.1875,209627.36846424243
2025-07-16,118738.5078125,210278.16631265442
2025-07-17,119289.84375,210565.0963878185
2025-07-18,118003.2265625,209957.1576464125
2025-07-19,117939.9765625,209916.89295441128
2025-07-20,117300.7890625,209716.75224681574
2025-07-21,117439.5390625,209738.16899768962
2025-07-22,119995.4140625,210206.36666133485
2025-07-23,118754.9609375,210014.00711167153
2025-07-24,118368.0,209962.11504361016
2025-07-25,117635.8828125,209887.6373737229
2025-07-26,117947.3671875,209907.84843267352
2025-07-27,119448.4921875,209996.75664426442
2025-07-28,117924.4765625,209919.8630079095
2025-07-29,117922.1484375,209917.9251064604
2025-07-30,117831.1875,209913.59980983756
2025-07-31,115758.203125,209860.49634848392
2025-08-01,113320.0859375,209810.71375781967
2025-08-02,112526.9140625,209797.45259472015
2025-08-03,114217.671875,209823.83397256688
2025-08-04,115071.8828125,209834.20238239045
2025-08-05,114141.4453125,209824.18430119636
2025-08-06,115028.0,209831.08579406978
2025-08-07,117496.8984375,209846.99428529455
2025-08-08,116688.7265625,209842.5021646878
2025-08-09,116500.359375,209841.51438452204
2025-08-10,119306.7578125,209850.79215146822
2025-08-11,118731.4453125,209849.11649519714
2025-08-12,120172.90625,209852.1156302368
2025-08-13,123344.0625,209857.49114962408
2025-08-14,118359.578125,209850.5596283987
2025-08-15,117398.3515625,209849.4485790226
2025-08-16,117491.3515625,209849.48913671315
2025-08-17,117453.0625,209849.42899574147
2025-08-18,116252.3125,209848.72524877658
2025-08-19,112831.1796875,209847.16060857498
2025-08-20,114274.7421875,209847.6653908001
2025-08-21,112419.03125,209847.11955125583
2025-08-22,116874.0859375,209848.39306694904
2025-08-23,115374.328125,209848.03578903957
2025-08-24,113458.4296875,209847.67316830324
2025-08-25,110124.3515625,209847.17513242856
2025-08-26,111802.65625,209847.4184123041
2025-08-27,111222.0625,209847.32760036268
2025-08-28,112544.8046875,209847.51825544133
2025-08-29,108410.8359375,209823.0331404621
2025-08-30,108808.0703125,209983.63167843653
2025-08-31,108236.7109375,209717.65137770984
