swing_w,tol%,1.b,d%,N,cooldown,lifetime_w,W1-BEAR,W2-EARLYBULL,W3-MIDCHOP,W4-LATEBULL,W5-FULL,geo_4w,worst_4w
2,1.0,1.5,20,7,7,13,0.5897907839569351,3.0058436959235832,0.9812795026273456,1.4002675583074953,5.538668565385441,1.2493008413516353,0.5897907839569351
2,2.0,1.5,50,7,7,13,0.7598043858757989,1.6452568381233084,0.931265780057614,1.866835897948563,4.12619630047536,1.2141681107031221,0.7598043858757989
2,3.0,1.5,50,7,7,26,0.7191495925607982,1.895550255534525,0.8845574931268232,1.6726527266751041,4.54307941148934,1.1917127823063496,0.7191495925607982
2,3.0,1.5,50,7,7,13,0.8599550509648479,1.4752230211929087,0.9277316737657447,1.6809843769136474,3.3832401213139867,1.1859868494831802,0.8599550509648479
2,1.0,1.5,33,7,7,13,0.6620956828430005,2.095016691361761,0.9812795026273456,1.4036770414830964,3.567957784518862,1.175687881912185,0.6620956828430005
2,2.0,1.5,33,7,7,13,0.5293765771842411,1.997144931353667,0.931265780057614,1.8794996002503768,5.317431070266189,1.166332954318999,0.5293765771842411
2,3.0,1.5,33,7,7,13,0.7057153342125181,1.6307204224597907,0.9277316737657447,1.686862224952562,3.898513400959043,1.1584512575306753,0.7057153342125181
2,1.0,1.5,50,7,7,13,0.7566482429247758,1.5772356176764784,0.9812795026273456,1.394949101552856,2.548483530674397,1.1305386730732307,0.7566482429247758
2,2.0,1.5,50,7,7,26,0.5261268243742483,1.9079237238521252,0.8880880069199681,1.812821618521411,5.318075054732232,1.1274976164675163,0.5261268243742483
2,3.0,1.5,50,5,7,13,0.6295114138214207,1.721539069149369,0.8245598534166677,1.6559209543387508,4.447542716112066,1.1029239560381392,0.6295114138214207
2,3.0,1.5,33,7,7,26,0.38032875544687783,2.5891302731243346,0.8845574931268232,1.6879582702366913,6.567850712977045,1.101159447288207,0.38032875544687783
2,3.0,1.0,50,7,7,13,0.470798604430666,2.1182688342007037,0.8641442871642281,1.6913508173015779,4.88848750176277,1.098775712228726,0.470798604430666
2,1.0,1.0,50,7,7,13,0.44560912570837113,1.9461053906638646,0.9425040891564923,1.6950406031180139,3.9804210590417615,1.0849155780994744,0.44560912570837113
2,3.0,1.5,50,5,14,13,0.49621555417820634,1.557862179766589,0.9485821635146912,1.879371086188173,4.535541569197286,1.0834820622097046,0.49621555417820634
2,3.0,1.5,50,7,14,13,0.7921579721191605,1.2084761552801737,0.9789234317660995,1.4702834130843923,2.169869213489694,1.0834276530289781,0.7921579721191605
2,1.0,1.5,20,7,14,13,0.7601975909249571,1.5358189253005479,0.9812795026273456,1.1933890385984476,2.55761429136664,1.081335146165133,0.7601975909249571
2,1.0,1.5,20,5,14,13,0.414984407244653,2.3134308444712164,0.9543299714569974,1.4889165191054128,5.942217012652458,1.0807227729748439,0.414984407244653
2,2.0,1.5,50,5,7,13,0.47251427661281425,2.016616569388591,0.8331815653301263,1.6759208213391708,4.842020633796126,1.074008834482413,0.47251427661281425
2,3.0,1.5,33,7,14,13,0.6894283407383157,1.3237875799134131,0.9789234317660995,1.4808724987168844,2.5783701505859717,1.0724905064955645,0.6894283407383157
2,3.0,1.5,20,7,14,13,0.5695616407460941,1.58539544766821,0.9789234317660995,1.480471841771358,3.4216176746688434,1.0695640663871475,0.5695616407460941
2,3.0,1.5,20,7,7,13,0.4227688514149127,1.9587054229678953,0.9277316737657447,1.676264263565572,4.790529805243908,1.065268891104185,0.4227688514149127
2,1.0,1.0,50,7,14,13,0.5843728835759076,1.480190543612192,0.9425040891564923,1.5543639975481438,3.071628549660302,1.0609890776297666,0.5843728835759076
2,1.0,1.5,33,5,14,13,0.5179027632542803,1.7298926273629796,0.9543299714569974,1.4747853484179663,4.152906950110626,1.059677439759832,0.5179027632542803
2,1.0,1.5,50,5,14,13,0.6524883057284075,1.3893168769480118,0.9543299714569974,1.44354835728786,2.9995092014811573,1.0571241295907539,0.6524883057284075
2,2.0,1.5,50,7,14,13,0.7476574096616354,1.2337491365778106,0.9812795026273456,1.3769394989493353,1.9561845350594251,1.0565967542612444,0.7476574096616354
2,2.0,1.5,20,7,14,13,0.5467985649377148,1.6497954185052237,0.9812795026273456,1.3905025992758973,2.9994142170464504,1.0533082793455624,0.5467985649377148
2,1.0,1.5,33,7,14,13,0.8023846198089424,1.2950070022324152,0.9812795026273456,1.188452731550748,2.008932845007698,1.0491977199632765,0.8023846198089424
2,2.0,1.5,33,7,14,13,0.6455036725369012,1.3776894934616712,0.9812795026273456,1.3880316902013596,2.3127562131511756,1.0490846756520842,0.6455036725369012
2,2.0,1.0,50,7,7,13,0.35395733481153574,2.237479587092712,0.8790225986166974,1.7261369596693374,5.250468978717917,1.0469991342616947,0.35395733481153574
2,1.0,1.0,33,7,14,13,0.42418186252218576,1.8554894885565407,0.9425040891564923,1.6171848279661625,4.267886789948896,1.04655817294929,0.42418186252218576
2,2.0,1.5,20,7,7,13,0.24869198808886203,2.747781027778461,0.931265780057614,1.867390129326471,7.455240991212536,1.0440905250249017,0.24869198808886203
2,2.0,1.5,50,5,14,13,0.3948707392818824,1.6110637590782861,0.9543299714569974,1.9413707184426803,4.2562004194312,1.0419423247157258,0.3948707392818824
2,1.0,1.0,50,5,14,13,0.4181220370062699,1.6871986007166822,0.9195057248190897,1.797060583972895,4.270093033049089,1.0390743041691795,0.4181220370062699
2,1.0,1.0,20,7,14,13,0.30168284642227966,2.4529194012923945,0.9425040891564923,1.655119105859222,5.570667818441509,1.0365412684492104,0.30168284642227966
2,1.0,1.5,50,7,14,13,0.8575522729649225,1.155689509799893,0.9812795026273456,1.1769119630284917,1.6645956569387415,1.034331186710255,0.8575522729649225
2,1.0,1.5,50,5,7,13,0.40632551206411377,1.7429342220454038,0.9543299714569974,1.6721269773062866,3.6474684302365183,1.0310523736575439,0.40632551206411377
2,3.0,1.0,50,7,14,13,0.33830005267561514,1.9044387951370458,0.9276257777040228,1.7249314695166518,4.309197484784162,1.0076354423340894,0.33830005267561514
2,3.0,1.5,33,5,7,13,0.36195569712016484,2.0640677318783798,0.8245598534166677,1.6688108988835637,5.749228247505311,1.0069366969006275,0.36195569712016484
2,3.0,1.0,33,7,7,13,0.25038603577127067,2.768903323980955,0.8641442871642281,1.71196228476028,6.6087832522762815,1.006351244998315,0.25038603577127067
2,1.0,1.0,33,7,7,13,0.2315359445972303,2.6349275943599433,0.9425040891564923,1.7506392757289237,5.347012530833816,1.0016517512729863,0.2315359445972303
2,3.0,1.5,50,7,14,26,0.5184837715149493,1.3974547239324737,0.959680410302151,1.4300032547398287,2.626645529671119,0.9985829403130851,0.5184837715149493
2,3.0,1.5,50,5,7,26,0.30280779786777334,2.252615158561294,0.8245598534166677,1.7257697918621608,4.908921056673702,0.9925783002985886,0.30280779786777334
2,3.0,1.5,33,5,14,13,0.26662685380004275,1.8856908720067704,0.9485821635146912,1.913416100100967,6.192613124671646,0.9773827982176596,0.26662685380004275
4,2.0,1.5,50,7,14,13,0.6927162786545793,1.2142186074131112,0.9736462300430819,1.1101479261587264,1.6799122474688402,0.9764692669982331,0.6927162786545793
2,2.0,1.5,50,7,14,26,0.4031821760607336,1.703116292069031,0.9620364811633972,1.3698816101746691,2.9996251484010683,0.9753377891952266,0.4031821760607336
4,3.0,1.5,50,5,7,13,0.4202499108332669,1.657630383308429,0.7950673044826081,1.632469993121095,4.0011365808142285,0.9751268334604419,0.4202499108332669
2,3.0,1.0,50,5,7,13,0.2502997510518691,2.4876591218048505,0.8101020020299187,1.6869782724239226,5.795859523571174,0.9604507952708382,0.2502997510518691
4,3.0,1.0,50,7,7,13,0.3066210757623234,2.238012544847329,0.8433387478351082,1.4409407248816222,4.242768716868999,0.9556044699719721,0.3066210757623234
2,2.0,1.5,33,7,7,26,0.20485427913600351,2.45627701114162,0.8880880069199681,1.8410824359159275,7.130282939720646,0.9523857878929008,0.20485427913600351
4,2.0,1.5,33,7,14,13,0.6003386783755056,1.251824211784874,0.9736462300430819,1.1078207391372112,1.9220846559655203,0.9488609797755643,0.6003386783755056
4,2.0,1.5,50,7,14,26,0.5498157862477049,1.3123524821261017,0.9736462300430819,1.1306738413994666,1.9561158984856848,0.9440642638031225,0.5498157862477049
2,2.0,1.0,50,7,14,13,0.27174758544520683,1.8202623833392428,0.9425040891564923,1.6984861729609968,3.9895691422890196,0.9433247664908347,0.27174758544520683
4,3.0,1.5,50,7,7,13,0.5401859416722302,1.2530664995817946,0.9140939865010309,1.264486652201327,2.248123425557617,0.9404931235202365,0.5401859416722302
4,1.0,1.5,50,7,14,26,0.6812699879431597,1.0915117211807797,0.9779942459061368,1.0534973476192553,1.4545957462956882,0.9355766017273369,0.6812699879431597
4,1.0,1.5,50,7,14,13,0.7602748948175388,1.0,0.9864224583721313,1.0207746355713112,1.1434695875542231,0.9353860050462542,0.7602748948175388
2,1.0,1.0,33,5,14,13,0.19385460753105846,2.213361826430999,0.9195057248190897,1.8902639704612738,5.219558032140295,0.9292902044109551,0.19385460753105846
4,2.0,1.5,20,7,14,13,0.5296969840444483,1.3028285432496773,0.9736462300430819,1.1012363872055544,2.2094960766298932,0.9274684097329726,0.5296969840444483
2,1.0,1.0,50,5,7,13,0.22385277599171968,2.077316122963406,0.9195057248190897,1.7014465465097943,4.67817988543639,0.9235479653336657,0.22385277599171968
4,3.0,1.5,50,7,14,13,0.5375428617818994,1.264665980916688,0.968790365401965,1.092618490405603,1.7184266245591902,0.9210258575939199,0.5375428617818994
4,2.0,1.5,33,7,14,26,0.4562468046039125,1.4193587595717327,0.9736462300430819,1.1410477366463705,2.441265567471844,0.9209779970605189,0.4562468046039125
4,2.0,1.5,20,7,14,26,0.38469405393512995,1.6313001502846813,0.9736462300430819,1.1507925471853637,3.407388539692453,0.9157183019338959,0.38469405393512995
4,3.0,1.5,50,7,7,26,0.3802878656027719,1.5375765615702393,0.9140939865010309,1.315173215088966,3.8400078792215093,0.915652649369109,0.3802878656027719
4,1.0,1.5,33,7,14,26,0.5873697706385412,1.1397348846998456,0.9779942459061368,1.0644940846376256,1.6985791357334201,0.9136897358616829,0.5873697706385412
2,2.0,1.0,50,5,7,13,0.19148405852873254,2.52570855780501,0.8309316380633763,1.7244427669187672,6.037088849756926,0.9123941350991875,0.19148405852873254
2,3.0,1.0,50,5,14,13,0.16747343502564283,2.384360086905598,0.8986760887856313,1.9211523087630207,6.469464725479882,0.9112146401202423,0.16747343502564283
4,3.0,1.0,50,5,7,13,0.19252738828110239,2.841796941315458,0.7872306770508065,1.5915702770789872,5.649183049872473,0.9099202869345957,0.19252738828110239
2,2.0,1.5,33,5,14,13,0.18172371212166205,1.9785057814595006,0.9543299714569974,1.9763943615756727,5.643104927910986,0.9074658138841185,0.18172371212166205
4,1.0,1.5,33,7,14,13,0.6658175964467662,1.0,0.9864224583721313,1.0203151594646942,1.1667597421842186,0.9047698913861774,0.6658175964467662
2,3.0,1.0,50,7,7,26,0.18835061108679396,2.3774516477294325,0.838223733863283,1.772138320615778,4.850092360972025,0.9030963234464662,0.18835061108679396
2,3.0,1.5,33,7,14,26,0.2667663375190789,1.774124427456497,0.959680410302151,1.4586423149573526,3.7499633421328586,0.9021892230063997,0.2667663375190789
2,2.0,1.0,33,7,7,13,0.14780970125023654,2.864286111942722,0.8790225986166974,1.741835611354224,7.024728803540132,0.897287536893555,0.14780970125023654
2,1.0,1.5,33,5,7,13,0.17565759594044486,2.325209760619811,0.9543299714569974,1.6596022581273573,5.108131377817985,0.8968254272966943,0.17565759594044486
2,3.0,1.0,33,7,14,13,0.15694055416942437,2.486555183649587,0.9276257777040228,1.7862700234835165,6.271062275049142,0.8967333064788081,0.15694055416942437
4,1.0,1.5,20,7,14,26,0.5155637221114823,1.1846078396127595,0.9779942459061368,1.0741300546588048,1.9620189397789523,0.8949783512568049,0.5155637221114823
4,1.0,1.5,50,7,7,13,0.6107321757036984,1.0,0.9864224583721313,1.0502721962662003,1.1374325963542475,0.8918748250136073,0.6107321757036984
2,2.0,1.5,33,5,7,13,0.17493085399469757,2.5429246828506407,0.8331815653301263,1.6941132260458467,6.438000208053841,0.8901649698651823,0.17493085399469757
4,1.0,1.5,50,7,7,26,0.5308810261566044,1.0915117211807797,0.9779942459061368,1.0729329805802192,1.4353428031119615,0.8830466058299781,0.5308810261566044
4,1.0,1.5,20,7,14,13,0.5935855447514693,1.0,0.9864224583721313,1.0189972045086426,1.1800449362052496,0.8788804723514307,0.5935855447514693
4,3.0,1.5,50,7,14,26,0.3899378640117984,1.403601156106754,0.968790365401965,1.110448769277652,2.3094278240244845,0.8759753110714305,0.3899378640117984
2,1.0,1.5,50,7,14,26,0.34306553358040753,1.4754922443173426,0.9685585049579801,1.1950651097041662,2.2714634864573653,0.8748988817353526,0.34306553358040753
4,3.0,1.5,50,5,7,26,0.16510339956932524,2.4955072217790066,0.7950673044826081,1.7820851475147939,5.070707724797968,0.8741013640006917,0.16510339956932524
2,2.0,1.5,33,7,14,26,0.1820384172749478,2.297302047107366,0.9620364811633972,1.3981778932144964,4.285891627095781,0.8660316832086612,0.1820384172749478
2,2.0,1.5,50,5,7,26,0.2038890474024148,1.9758694074009107,0.8331815653301263,1.6733426038629737,5.288147784237463,0.8657034806891634,0.2038890474024148
4,3.0,1.5,33,7,14,13,0.39161415177605474,1.3413104806696128,0.968790365401965,1.0947030855476445,2.0338250570921033,0.8639298151339474,0.39161415177605474
2,3.0,1.0,33,5,7,13,0.10166549476327184,3.464996792238853,0.8101020020299187,1.7134144654171048,8.435431638881424,0.8362182421765805,0.10166549476327184
2,2.0,1.0,33,7,14,13,0.12845320623491158,2.2923807597007215,0.9425040891564923,1.7578944101981786,5.596238358087777,0.8357510539827223,0.12845320623491158
4,2.0,1.5,50,5,14,13,0.26700523616999466,1.5379360920566199,0.9357080422496522,1.2687139572995494,2.9287586905636065,0.8355848107409551,0.26700523616999466
4,1.0,1.5,33,7,7,13,0.4572451477997347,1.0,0.9864224583721313,1.0494704139047895,1.1658102319563401,0.8294602230666993,0.4572451477997347
4,2.0,1.0,50,7,14,13,0.18991796778405776,2.0567063634481286,0.9216985498273726,1.3143537575621995,3.6541485942518266,0.8293920732685597,0.18991796778405776
4,1.0,1.0,50,7,14,13,0.4519032264294356,1.0,0.9477960241622075,1.0954798541101118,1.5652212649735904,0.8276394434237611,0.4519032264294356
4,1.0,1.5,33,7,7,26,0.3782992191156171,1.1397348846998456,0.9779942459061368,1.0826844397335205,1.6562571200146057,0.8219953678900448,0.3782992191156171
4,2.0,1.5,50,7,7,13,0.3338025650098712,1.207952424579208,0.9213777834627058,1.1839525845763008,2.074185503961009,0.814381475603968,0.3338025650098712
2,1.0,1.5,50,7,7,26,0.13792300777417976,2.3402605272152397,0.9685585049579801,1.3946770063774305,4.013016621916383,0.8125967981119666,0.13792300777417976
4,3.0,1.5,20,7,14,13,0.28002160883040933,1.461682652621551,0.968790365401965,1.0927676352383267,2.4813406723940905,0.8113356673950094,0.28002160883040933
4,1.0,1.5,50,5,14,13,0.4151729957693265,1.0,0.9668765897964687,1.0506812495750364,1.3558477925111936,0.8058751818412793,0.4151729957693265
4,3.0,1.5,33,7,14,26,0.2413327377819187,1.5520485034172369,0.968790365401965,1.1222596721500735,2.9834811134971595,0.798842522398128,0.2413327377819187
2,1.0,1.0,20,7,7,13,0.06783292374753286,3.6903032280336703,0.9425040891564923,1.7114147435729528,8.241288355889038,0.7971412355327283,0.06783292374753286
2,3.0,1.5,33,5,7,26,0.07869382619123111,3.2665658563377646,0.8245598534166677,1.7653928690810434,7.634281189995592,0.7821209308433302,0.07869382619123111
4,1.0,1.0,50,7,7,13,0.31313946856190084,1.0,0.9477960241622075,1.1860449073579906,1.5347642747825885,0.7702619707294713,0.31313946856190084
4,1.0,1.5,20,7,7,13,0.33987271469670527,1.0,0.9864224583721313,1.0463501227773773,1.187739154029954,0.7695982480436441,0.33987271469670527
4,3.0,1.5,20,7,14,26,0.16154195613254263,1.8802695524747872,0.968790365401965,1.1355858055957344,4.39237433934025,0.7603066768239745,0.16154195613254263
4,1.0,1.5,20,7,7,26,0.26161901373133434,1.1846078396127595,0.9779942459061368,1.0937474436307528,1.9232743352008173,0.7587947445357464,0.26161901373133434
2,2.0,1.0,50,5,14,13,0.0808010427783742,2.216905232101361,0.9195057248190897,1.9957322000764428,6.074016038498154,0.7571905740698072,0.0808010427783742
2,3.0,1.5,20,5,14,13,0.059763353914524225,2.614089441564054,0.9485821635146912,1.9275612220454308,9.5243980463417,0.7310711317579206,0.059763353914524225
4,1.0,1.5,50,5,14,26,0.21779698672764608,1.2232495662455307,0.9463153463515844,1.1322843143837436,2.2362103507820774,0.7309532103485232,0.21779698672764608
4,2.0,1.5,50,7,7,26,0.1967966946406168,1.304832050304638,0.9213777834627058,1.190429942824079,2.7789465555726633,0.7284982258566237,0.1967966946406168
4,3.0,1.0,50,7,14,13,0.10168297275577294,2.2761738989726203,0.9068202383749028,1.2581508297348771,3.7403334281661813,0.7168477005793263,0.10168297275577294
2,1.0,1.5,33,7,14,26,0.11182918724866055,1.890521923411453,0.9685585049579801,1.2236201695148925,3.176694206295765,0.7075014644919803,0.11182918724866055
4,1.0,1.0,33,7,14,13,0.23820864750715828,1.0,0.9477960241622075,1.0933681101290313,1.6527166170505325,0.7048710959299653,0.23820864750715828
4,1.0,1.0,50,5,14,13,0.23266451700120952,1.0,0.9269144338270899,1.1336717957541582,1.8069018545447393,0.7031763985209943,0.23266451700120952
4,1.0,1.0,50,7,14,26,0.14319411344367045,1.4205862364089887,0.9305800623889114,1.2542193663846077,2.845131903512534,0.6980395074403718,0.14319411344367045
4,3.0,1.5,33,7,7,13,0.1372014354225135,1.3039590196444109,0.9140939865010309,1.2734959336084941,2.6948844283574047,0.6755426187419894,0.1372014354225135
4,1.0,1.5,33,5,14,13,0.18473747758754988,1.0,0.9668765897964687,1.0495603238599607,1.4133111322369971,0.6580113197971322,0.18473747758754988
2,2.0,1.0,50,7,7,26,0.05356621578717776,2.289148683924727,0.853087121108152,1.7540333047815007,5.409784785419892,0.6544840200927377,0.05356621578717776
4,2.0,1.5,33,5,14,13,0.09057133265230914,1.6320134633505168,0.9357080422496522,1.263036613606064,3.6174609510669558,0.646498764710045,0.09057133265230914
4,3.0,1.5,33,5,7,13,0.068180030037445,1.791667951099252,0.7950673044826081,1.6540258225371112,4.830859301178697,0.6330896642084239,0.068180030037445
2,3.0,1.5,20,7,7,26,0.025913151924085078,3.8472551763797633,0.8845574931268232,1.7081126331919827,9.80116864371626,0.6229862352237325,0.025913151924085078
4,2.0,1.5,33,7,7,13,0.11131737565835725,1.2384584053982794,0.9213777834627058,1.1811048083721167,2.4324793490472896,0.6223613862683809,0.11131737565835725
2,3.0,1.5,50,5,14,26,0.042314739663697115,2.0793792534536593,0.9017429806785437,1.8472801640223524,5.773535729991244,0.6187429011025045,0.042314739663697115
4,2.0,1.0,33,7,14,13,0.05087569165632288,2.2405329315605615,0.9216985498273726,1.3076099573575486,4.595584671996221,0.6088105859912312,0.05087569165632288
2,3.0,1.5,20,5,7,13,0.03683133607148765,2.658950383189897,0.8245598534166677,1.6727209102771285,8.247472661961416,0.6062382644377512,0.03683133607148765
4,2.0,1.5,50,5,14,26,0.05379518859829204,1.8257071946523105,0.9357080422496522,1.3269587638878808,4.02273669695493,0.5909395915799454,0.05379518859829204
2,1.0,1.0,20,5,14,13,0.02235598499119104,3.042802089175616,0.9195057248190897,1.9466689237045072,6.987086026148727,0.5907156979352411,0.02235598499119104
2,3.0,1.5,20,7,14,26,0.02865027832101636,2.3287307109269313,0.959680410302151,1.501975783487552,5.035410681347294,0.5568771768356368,0.02865027832101636
2,1.0,1.5,50,5,14,26,0.02962989531090469,2.1898162168845086,0.923379529866523,1.4983331132188429,5.035262443073877,0.5473707689277493,0.02962989531090469
4,3.0,1.5,33,7,7,26,0.04129991230162484,1.7046264249539522,0.9140939865010309,1.338948495893599,5.035598003137561,0.5417928475298505,0.04129991230162484
4,1.0,1.0,50,5,7,13,0.07134502739134053,1.0,0.9269144338270899,1.2604628703011866,1.7726633111165437,0.5373204289552772,0.07134502739134053
4,1.0,1.5,50,5,7,13,0.07192846179148701,1.0,0.9668765897964687,1.1226427157726393,1.3464675430556743,0.5286014440416991,0.07192846179148701
4,1.0,1.0,20,7,14,13,0.07479514597835714,1.0,0.9477960241622075,1.0873108126859277,1.7007763843781525,0.5269088594842738,0.07479514597835714
4,3.0,1.0,50,7,7,26,0.018603455931238647,2.7602418367823334,0.8433387478351082,1.6764847002182783,5.339173176978232,0.5190815625452267,0.018603455931238647
2,2.0,1.5,50,5,14,26,0.01773846213507295,2.1354293507019504,0.9074849458444872,1.9456891532469929,6.869806051141275,0.5085439769383584,0.01773846213507295
4,1.0,1.0,33,7,7,13,0.0455627295822039,1.0,0.9477960241622075,1.1830928762727282,1.6446984246956555,0.4754292133475972,0.0455627295822039
4,1.0,1.5,33,5,14,26,0.02769181262924966,1.3408935161101716,0.9463153463515844,1.1594459059334203,2.93231280278754,0.4492706132956307,0.02769181262924966
4,1.0,1.0,50,7,7,26,0.012536247763343064,1.4205862364089887,0.9305800623889114,1.3082320366123856,2.8084169419275478,0.3837235231571252,0.012536247763343064
4,3.0,1.0,20,5,7,13,0.0,3.7263837598432614,0.7872306770508065,1.610027100734089,8.872103658343969,0.0,0.0
4,3.0,1.0,20,5,7,26,0.0,5.454239527401681,0.7872306770508065,2.10987311962818,9.770030230047261,0.0,0.0
4,3.0,1.0,33,5,14,13,0.0,3.34694981733651,0.8695483337248641,1.3698390499556525,7.226147361027903,0.0,0.0
4,3.0,1.0,33,5,7,26,0.0,4.277996686353442,0.7872306770508065,1.9985553668752178,7.366435637708029,0.0,0.0
4,3.0,1.0,33,5,7,13,0.0,3.1827680352561,0.7872306770508065,1.6125822015069646,7.003019938660308,0.0,0.0
4,3.0,1.0,33,7,14,26,0.0,2.968003353829538,0.9068202383749028,1.4251280034316862,5.544420700390925,0.0,0.0
4,3.0,1.0,20,5,14,13,0.0,3.9897842113243387,0.8695483337248641,1.3620141448985137,9.319683570255847,0.0,0.0
4,3.0,1.0,33,7,7,26,0.0,3.1312049444113406,0.8433387478351082,1.767316271187188,6.8558719920917115,0.0,0.0
4,3.0,1.0,33,7,7,13,0.0,2.4625281630575993,0.8433387478351082,1.456558639208095,5.426276933739002,0.0,0.0
4,3.0,1.0,33,5,14,26,0.0,3.9805013589458116,0.8695483337248641,1.6121253907603157,7.3865924395828415,0.0,0.0
4,2.0,1.5,33,7,7,26,0.0,1.3905553116367018,0.9213777834627058,1.198645326104695,3.48067008098053,0.0,0.0
2,1.0,1.5,20,5,7,13,0.0,3.263691532687732,0.9543299714569974,1.6201894900694895,7.8267535072572,0.0,0.0
2,1.0,1.5,20,5,7,26,0.0,3.987150632897372,0.923379529866523,1.6737385386166885,9.388879284741247,0.0,0.0
2,1.0,1.5,20,5,14,26,0.0,3.979855890696678,0.923379529866523,1.6604672518500514,9.731098338259455,0.0,0.0
2,1.0,1.5,20,7,7,26,0.0,4.195018933882243,0.9685585049579801,1.4489982944761088,8.443555592091395,0.0,0.0
2,1.0,1.5,20,7,14,26,0.0,2.505855581705421,0.9685585049579801,1.2557989193500108,4.426151384065007,0.0,0.0
2,1.0,1.0,50,5,7,26,0.0,2.4892214611291554,0.89552065738382,1.7983802167886982,5.906670357858298,0.0,0.0
2,1.0,1.0,50,5,14,26,0.0,2.464838164368386,0.89552065738382,1.8878742373385664,6.26744456819878,0.0,0.0
2,1.0,1.0,50,7,7,26,0.0,2.5327887294189,0.9252881273831967,1.7552745362086088,5.8291892889611026,0.0,0.0
4,2.0,1.5,50,5,7,13,0.0,1.523236055767395,0.8105261635119041,1.4487658431784438,3.511644291958942,0.0,0.0
4,3.0,1.0,20,7,14,26,0.0,3.755635139889883,0.9068202383749028,1.488962742502708,8.016849911878465,0.0,0.0
4,3.0,1.0,20,7,14,13,0.0,3.040312999209872,0.9068202383749028,1.2585815320703673,6.384210005087177,0.0,0.0
4,3.0,1.0,33,7,14,13,0.0,2.586627151968382,0.9068202383749028,1.2641707499683226,4.874543922822022,0.0,0.0
4,2.0,1.5,50,5,7,26,0.0,1.8080647760353525,0.8105261635119041,1.4766308987770858,4.848168504664367,0.0,0.0
4,3.0,1.0,20,7,7,26,0.0,3.93539515162191,0.8433387478351082,1.9029349878760464,9.53054699002505,0.0,0.0
4,3.0,1.0,20,5,14,26,0.0,5.112996628639571,0.8695483337248641,1.7058940296088434,10.466279803754842,0.0,0.0
2,2.0,1.5,20,5,7,13,0.0,3.439453691844947,0.8331815653301263,1.689119015076385,8.824128379628997,0.0,0.0
2,2.0,1.5,33,5,14,26,0.0,2.757993685299987,0.9074849458444872,2.0306123279844277,9.378521148683872,0.0,0.0
2,2.0,1.5,33,5,7,26,0.0,2.661964657878222,0.8331815653301263,1.7134414920183132,7.522320253212886,0.0,0.0
2,3.0,1.0,20,7,14,26,0.0,5.2018901355206095,0.9015283033691879,1.9720040123644322,14.980473340031487,0.0,0.0
2,3.0,1.0,20,7,7,26,0.0,5.739816599445224,0.838223733863283,1.904507781974258,13.197609196730543,0.0,0.0
2,3.0,1.0,20,7,14,13,0.0,3.6268932456163063,0.9276257777040228,1.845427318917516,10.212301489723624,0.0,0.0
2,3.0,1.0,20,7,7,13,0.0,3.762466783964443,0.8641442871642281,1.732297515865082,9.611251024743105,0.0,0.0
2,3.0,1.0,20,5,14,26,0.0,6.403251515295493,0.8622905921719294,2.101772459319453,17.40376172301936,0.0,0.0
2,3.0,1.0,33,7,14,26,0.0,3.3761820783032803,0.9015283033691879,1.8137688405848218,8.225127467315874,0.0,0.0
2,3.0,1.0,20,5,14,13,0.0,4.836512953823763,0.8986760887856313,1.9745296168425432,14.330907251572091,0.0,0.0
2,3.0,1.0,20,5,7,26,0.0,6.713685713390165,0.8101020020299187,2.0015076919053545,14.538130719288093,0.0,0.0
2,3.0,1.0,20,5,7,13,0.0,5.062559603549536,0.8101020020299187,1.7464923583418281,13.20771910902674,0.0,0.0
2,3.0,1.0,33,5,14,26,0.0,4.394398541092353,0.8622905921719294,2.028750389904758,10.889037939937937,0.0,0.0
2,3.0,1.0,33,7,7,26,0.0,3.605803773475109,0.838223733863283,1.815865081941125,7.691442782800534,0.0,0.0
2,3.0,1.0,33,5,14,13,0.0,3.2916891978779024,0.8986760887856313,1.97611358365032,9.32038377882915,0.0,0.0
2,3.0,1.0,33,5,7,26,0.0,4.062313699051625,0.8101020020299187,1.8833340747655802,8.278418974522971,0.0,0.0
2,1.0,1.0,20,5,7,26,0.0,4.492549550330652,0.89552065738382,2.074790184102466,11.1929596867248,0.0,0.0
2,3.0,1.0,50,7,14,26,0.0,2.203892731589373,0.9015283033691879,1.7117603177156293,4.68052859799801,0.0,0.0
2,3.0,1.0,50,5,14,26,0.0,2.784550535996728,0.8622905921719294,1.9298603780179757,6.435664098471083,0.0,0.0
2,3.0,1.0,50,5,7,26,0.0,2.563531858849909,0.8101020020299187,1.8264826390484497,5.014041711697311,0.0,0.0
2,3.0,1.5,20,5,14,26,0.0,4.338244285215062,0.9017429806785437,2.0113615542464047,14.955027330025674,0.0,0.0
2,1.0,1.0,20,7,7,26,0.0,4.467092982616668,0.9252881273831967,1.7933351747133832,10.074327153383924,0.0,0.0
2,1.0,1.0,20,7,14,26,0.0,4.192621563333052,0.9252881273831967,1.857833446713513,9.896918478951221,0.0,0.0
2,3.0,1.5,20,5,7,26,0.0,5.01482287276132,0.8245598534166677,1.8504390591615802,12.459447884455749,0.0,0.0
2,1.0,1.0,20,5,14,26,0.0,4.622887044352226,0.89552065738382,2.1661959792898853,11.018792519606805,0.0,0.0
2,1.0,1.0,50,7,14,26,0.0,2.05240414309715,0.9252881273831967,1.611588719625029,4.482807073173812,0.0,0.0
2,1.0,1.0,33,5,7,13,0.0,2.8141948927960194,0.9195057248190897,1.778361477709536,6.444720906928855,0.0,0.0
2,1.0,1.0,33,5,7,26,0.0,3.3042774220558666,0.89552065738382,1.897450745828043,8.095262648956544,0.0,0.0
2,1.0,1.0,33,5,14,26,0.0,3.4445435435887264,0.89552065738382,2.0597525514427404,8.868280900219867,0.0,0.0
2,1.0,1.0,33,7,7,26,0.0,3.5014540747087586,0.9252881273831967,1.8092880972842182,7.570498640265049,0.0,0.0
2,1.0,1.0,33,7,14,26,0.0,2.921346463413138,0.9252881273831967,1.727703701239879,7.115176181546128,0.0,0.0
2,1.0,1.0,20,5,7,13,0.0,3.87455729987578,0.9195057248190897,1.8344209034548422,8.656869907957658,0.0,0.0
4,2.0,1.5,33,5,14,26,0.0,2.0977849307843752,0.9357080422496522,1.353877759585479,5.5303027967320855,0.0,0.0
4,2.0,1.5,33,5,7,26,0.0,2.0301729856061934,0.8105261635119041,1.4988347306162928,6.425087145032189,0.0,0.0
4,2.0,1.5,33,5,7,13,0.0,1.600639158069046,0.8105261635119041,1.4418184839315065,4.322217909950639,0.0,0.0
4,3.0,1.0,20,7,7,13,0.0,2.841677084809323,0.8433387478351082,1.4546594630948828,6.77446315027255,0.0,0.0
4,1.0,1.5,50,5,7,26,0.0,1.2232495662455307,0.9463153463515844,1.1816124486730628,2.202911153705483,0.0,0.0
2,3.0,1.5,33,5,14,26,0.0,3.0907811881862353,0.9017429806785437,1.9248792524448934,9.00626355191628,0.0,0.0
4,1.0,1.0,20,7,7,13,0.0,1.0,0.9477960241622075,1.171604476369562,1.728538426711504,0.0,0.0
4,1.0,1.0,20,7,7,26,0.0,1.8484543342916784,0.9305800623889114,1.4092604535252198,5.041511481386224,0.0,0.0
4,1.0,1.0,33,7,14,26,0.0,1.6422190348146988,0.9305800623889114,1.3063331108162295,3.9245085491160374,0.0,0.0
4,1.0,1.0,20,5,7,13,0.0,1.0,0.9269144338270899,1.2402462669173884,2.050963852727213,0.0,0.0
4,1.0,1.0,33,5,7,13,0.0,1.0,0.9269144338270899,1.2563300267818205,1.9310029498698988,0.0,0.0
2,2.0,1.0,50,7,14,26,0.0,2.352512024008115,0.9164066148216575,1.729420138928962,5.399598979688908,0.0,0.0
4,1.0,1.0,33,5,7,26,0.0,1.899106648740576,0.9028120873444754,1.5094063061770557,5.420432730182162,0.0,0.0
4,1.0,1.5,20,5,7,13,0.0,1.0,0.9668765897964687,1.1130745293822526,1.4724183908499688,0.0,0.0
4,1.0,1.5,33,5,7,13,0.0,1.0,0.9668765897964687,1.1206867088032733,1.4177399835478302,0.0,0.0
4,1.0,1.5,33,5,7,26,0.0,1.3408935161101716,0.9463153463515844,1.2060892949219386,2.844625981039766,0.0,0.0
4,1.0,1.0,50,5,7,26,0.0,1.5888207309725855,0.9028120873444754,1.441530894020712,3.812506266839072,0.0,0.0
4,1.0,1.5,20,5,7,26,0.0,1.45036438597473,0.9463153463515844,1.2338468473353361,3.6288833786558987,0.0,0.0
4,1.0,1.0,20,7,14,26,0.0,1.8484543342916784,0.9305800623889114,1.3518536911563341,5.108622486589045,0.0,0.0
4,1.0,1.0,20,5,7,26,0.0,2.187836068008349,0.9028120873444754,1.5869223685933098,7.399685294374151,0.0,0.0
4,1.0,1.0,20,5,14,13,0.0,1.0,0.9269144338270899,1.1222351377602995,1.9987832950799116,0.0,0.0
4,1.0,1.0,20,5,14,26,0.0,2.187836068008349,0.9028120873444754,1.5005779002273063,7.415558650514697,0.0,0.0
4,1.0,1.0,33,5,14,13,0.0,1.0,0.9269144338270899,1.1307153541806458,1.9311340334887146,0.0,0.0
4,1.0,1.0,33,5,14,26,0.0,1.899106648740576,0.9028120873444754,1.4359659963925882,5.538362173199429,0.0,0.0
4,1.0,1.0,33,7,7,26,0.0,1.6422190348146988,0.9305800623889114,1.3553820232367115,3.81227468780771,0.0,0.0
2,2.0,1.0,50,5,7,26,0.0,2.4594821403740257,0.8309316380633763,1.7896454467704108,6.0532381794210615,0.0,0.0
2,2.0,1.0,50,5,14,26,0.0,2.762395564117802,0.8830993343147477,2.055254910312624,7.764752456483108,0.0,0.0
2,2.0,1.5,20,5,7,26,0.0,3.7839964486411066,0.8331815653301263,1.7699609100542537,10.880650962105415,0.0,0.0
2,2.0,1.5,20,7,7,26,0.0,3.526448411611512,0.8880880069199681,1.884875020373482,9.979855782009828,0.0,0.0
2,2.0,1.5,20,7,14,26,0.0,3.3626961449574955,0.9620364811633972,1.4359567096747479,6.931344328147128,0.0,0.0
2,2.0,1.5,20,5,14,26,0.0,4.008439604181404,0.9074849458444872,2.1212955118180292,13.542751239359811,0.0,0.0
2,2.0,1.5,20,5,14,13,0.0,2.6531955806724725,0.9543299714569974,1.990686993084554,7.87341922538692,0.0,0.0
4,2.0,1.0,50,7,7,13,0.0,2.030668447688292,0.8582170592875781,1.4031043664936427,3.9318948926638395,0.0,0.0
4,2.0,1.0,50,5,14,26,0.0,3.074484077398457,0.8903779697583212,1.6369521741699733,5.974239060926533,0.0,0.0
4,2.0,1.0,50,5,14,13,0.0,2.5310369909765433,0.8903779697583212,1.4400952605870798,5.195158573348541,0.0,0.0
4,2.0,1.0,50,5,7,26,0.0,3.048310715386342,0.8053518951351473,1.7160752564568351,6.338895879967995,0.0,0.0
4,2.0,1.0,50,5,7,13,0.0,2.496560287215597,0.8053518951351473,1.5643461130910983,5.411524779305274,0.0,0.0
4,2.0,1.5,20,7,7,26,0.0,1.5806544513078875,0.9213777834627058,1.2100170679889035,4.804224396518897,0.0,0.0
4,2.0,1.5,20,7,7,13,0.0,1.2863445325346912,0.9213777834627058,1.1703867808369737,2.881928260462744,0.0,0.0
4,2.0,1.5,20,5,14,26,0.0,2.623077561645548,0.9357080422496522,1.3793035788072048,8.347091280215079,0.0,0.0
4,2.0,1.5,20,5,14,13,0.0,1.7572509410618409,0.9357080422496522,1.2469736033841665,4.405323621303715,0.0,0.0
4,2.0,1.5,20,5,7,26,0.0,2.5041597210513533,0.8105261635119041,1.5295579278348068,9.549312497000018,0.0,0.0
4,2.0,1.5,20,5,7,13,0.0,1.7185459177694162,0.8105261635119041,1.4156710684162686,5.262200456012327,0.0,0.0
4,1.0,1.0,50,5,14,26,0.0,1.5888207309725855,0.9028120873444754,1.3618809566618044,3.8340479391828137,0.0,0.0
4,1.0,1.5,20,5,14,26,0.0,1.45036438597473,0.9463153463515844,1.1832157481583832,3.6911277898889976,0.0,0.0
4,1.0,1.5,20,5,14,13,0.0,1.0,0.9668765897964687,1.0463450759280766,1.4458542590696581,0.0,0.0
4,2.0,1.0,33,5,7,26,0.0,3.4789572994849722,0.8053518951351473,1.7778341268150775,8.151926400877386,0.0,0.0
4,2.0,1.0,50,7,14,26,0.0,2.384626605192508,0.9216985498273726,1.442775411830285,4.059627724992606,0.0,0.0
4,2.0,1.0,20,7,7,13,0.0,2.4100942212164274,0.8582170592875781,1.3725332396948065,6.155941807276062,0.0,0.0
4,2.0,1.0,20,7,7,26,0.0,3.235804116432068,0.8582170592875781,1.598079440707164,8.29775167812605,0.0,0.0
4,2.0,1.0,20,7,14,26,0.0,3.369240045301742,0.9216985498273726,1.546265252223949,7.459103586549586,0.0,0.0
4,2.0,1.0,20,7,14,13,0.0,2.478753469306646,0.9216985498273726,1.2885296026229804,5.70123497406648,0.0,0.0
2,2.0,1.0,33,5,7,26,0.0,3.552334363777337,0.8309316380633763,1.8611472957714958,9.05965435154932,0.0,0.0
4,2.0,1.0,33,5,14,13,0.0,2.7962613989732126,0.8903779697583212,1.430653940300567,6.677371923587954,0.0,0.0
4,2.0,1.0,33,5,14,26,0.0,3.5794603368558757,0.8903779697583212,1.7121562497064404,7.941672696798959,0.0,0.0
4,2.0,1.0,50,7,7,26,0.0,2.364859640231231,0.8582170592875781,1.4976918382652589,4.64542739507752,0.0,0.0
4,2.0,1.0,33,7,7,13,0.0,2.1849043066239897,0.8582170592875781,1.3966867793675337,4.896123349949145,0.0,0.0
4,2.0,1.0,33,7,7,26,0.0,2.6527111084725084,0.8582170592875781,1.5393346732992894,5.907807760334801,0.0,0.0
4,2.0,1.0,33,7,14,26,0.0,2.7285412203062496,0.9216985498273726,1.4940883885598928,5.28123285515225,0.0,0.0
4,2.0,1.0,20,5,7,13,0.0,3.0414533152976677,0.8053518951351473,1.5215465355727287,7.973332300497847,0.0,0.0
4,2.0,1.0,20,5,7,26,0.0,4.317074307948871,0.8053518951351473,1.8648433115453291,10.918504573248187,0.0,0.0
4,2.0,1.0,20,5,14,13,0.0,3.132493889334378,0.8903779697583212,1.4039414436721724,8.255907862440697,0.0,0.0
4,2.0,1.0,20,5,14,26,0.0,4.494007261619646,0.8903779697583212,1.7886480829531655,11.320497862769496,0.0,0.0
4,2.0,1.0,33,5,7,13,0.0,2.7225328281496566,0.8053518951351473,1.5553614911145466,6.611348896242594,0.0,0.0
2,2.0,1.0,20,7,7,26,0.0,4.778496798859958,0.853087121108152,1.8721560685744392,11.648102943480996,0.0,0.0
2,2.0,1.0,20,7,7,13,0.0,3.8960055418705433,0.8790225986166974,1.7515891638602579,9.581820910596754,0.0,0.0
2,2.0,1.0,20,5,14,26,0.0,5.374680022948501,0.8830993343147477,2.1661926163439333,14.784129257630639,0.0,0.0
2,2.0,1.0,20,5,14,13,0.0,4.057841140443789,0.9195057248190897,1.9989634285392464,11.238873607419459,0.0,0.0
2,2.0,1.0,20,5,7,26,0.0,5.677758776755464,0.8309316380633763,1.9560619869311047,14.63723078709845,0.0,0.0
2,2.0,1.0,20,5,7,13,0.0,4.5432724957922215,0.8309316380633763,1.7951927608123672,12.258796012686062,0.0,0.0
2,2.0,1.0,33,7,14,26,0.0,3.176866554153276,0.9164066148216575,1.832582282304017,7.9693499970956045,0.0,0.0
2,2.0,1.0,33,7,7,26,0.0,3.279224222739433,0.853087121108152,1.787353800060247,8.139992699696068,0.0,0.0
2,2.0,1.0,33,5,7,13,0.0,3.329584362840802,0.8309316380633763,1.767435251508031,8.442705697943214,0.0,0.0
2,2.0,1.0,33,5,14,26,0.0,3.684960926056137,0.8830993343147477,2.1319173649540715,10.296657909227305,0.0,0.0
2,2.0,1.0,33,5,14,13,0.0,2.908242282980859,0.9195057248190897,2.0257047156227377,8.265238243540594,0.0,0.0
2,1.0,1.5,33,5,14,26,0.0,3.01360958343737,0.923379529866523,1.574735235658185,7.1459792380985485,0.0,0.0
2,1.0,1.5,33,7,7,26,0.0,3.184237643826859,0.9685585049579801,1.4145586443622873,5.734009824105335,0.0,0.0
2,1.0,1.5,50,5,7,26,0.0,2.382246683294266,0.923379529866523,1.701009643601747,5.716316684126692,0.0,0.0
2,2.0,1.0,20,7,14,26,0.0,4.689380862338662,0.9164066148216575,1.981281239624098,12.963629251720626,0.0,0.0
2,2.0,1.0,20,7,14,13,0.0,3.0972281992919783,0.9425040891564923,1.8129715629373973,8.536213125658,0.0,0.0
4,3.0,1.5,33,5,14,26,0.0,2.4808102306998427,0.923861803747212,1.3065808681094524,5.772914340349631,0.0,0.0
4,3.0,1.5,33,5,14,13,0.0,1.8792459244093394,0.923861803747212,1.2310351340552144,4.053484465610365,0.0,0.0
4,3.0,1.5,33,5,7,26,0.0,2.946916688754183,0.7950673044826081,1.8194202415540652,6.2212711567391255,0.0,0.0
4,3.0,1.5,50,5,14,26,0.0,2.095942097864686,0.923861803747212,1.2759402982975292,4.2377380541862255,0.0,0.0
4,3.0,1.5,50,5,14,13,0.0,1.6847274925101707,0.923861803747212,1.2259496110724382,3.109321796086826,0.0,0.0
2,1.0,1.5,33,5,7,26,0.0,3.1610415313261684,0.923379529866523,1.6860719310948422,6.985432321320943,0.0,0.0
4,3.0,1.5,20,5,7,13,0.0,2.035905968040859,0.7950673044826081,1.6514045816036775,6.034810579497043,0.0,0.0
4,3.0,1.5,20,5,7,26,0.0,4.0091519692865205,0.7950673044826081,1.8739098437501227,8.544225288907363,0.0,0.0
4,3.0,1.5,20,7,7,26,0.0,2.123943685613771,0.9140939865010309,1.3742775821454996,7.52702364512465,0.0,0.0
4,3.0,1.5,20,7,7,13,0.0,1.4021274503213847,0.9140939865010309,1.2724003832239783,3.333599981704618,0.0,0.0
4,3.0,1.5,20,5,14,26,0.0,3.299427128400447,0.923861803747212,1.34124434735219,8.595502330437553,0.0,0.0
4,3.0,1.5,20,5,14,13,0.0,2.1757482745428716,0.923861803747212,1.2263134608480042,5.320266291176479,0.0,0.0
4,3.0,1.0,50,5,14,13,0.0,2.891984761299051,0.8695483337248641,1.3614111616288291,5.392167946492387,0.0,0.0
4,3.0,1.0,50,5,7,26,0.0,3.7023735329209284,0.7872306770508065,1.9275833351645,6.07439954475122,0.0,0.0
4,3.0,1.0,50,5,14,26,0.0,3.3962877318541285,0.8695483337248641,1.5310263971419749,5.578673836026542,0.0,0.0
4,3.0,1.0,50,7,14,26,0.0,2.5777386961934545,0.9068202383749028,1.369866828592275,4.214000555236062,0.0,0.0
