tol%,d%,N,cd,lt_w,stop,W1-BEAR,W2-EARLYBULL,W3-MIDCHOP,W4-LATEBULL,W5-FULL,geo_4w,worst_4w,any_liq,max_dd_any%,stops
1.0,20,5,7,13,0.2,0.673445022391311,3.263691532687732,0.9543299714569974,1.6201894900694895,7.8267535072572,1.357747170822452,0.673445022391311,False,58.42354450882541,1
1.0,20,5,7,13,0.25,0.5435424218904531,3.263691532687732,0.9543299714569974,1.6201894900694895,7.8267535072572,1.2869205354248228,0.5435424218904531,False,58.42354450882541,1
1.0,20,5,7,13,0.3,0.496058010082501,3.263691532687732,0.9543299714569974,1.6201894900694895,7.8267535072572,1.2578431423998353,0.496058010082501,False,58.42354450882541,1
1.0,20,5,7,13,1.0,0.0,3.263691532687732,0.9543299714569974,1.6201894900694895,7.8267535072572,0.0,0.0,True,100.0,0
1.0,20,5,7,26,0.2,0.22299666059986836,3.987150632897372,0.923379529866523,1.6737385386166885,9.388879284741247,1.0826977029827414,0.22299666059986836,False,83.32771265123394,1
1.0,20,5,7,26,0.25,0.22299666059986836,3.987150632897372,0.923379529866523,1.6737385386166885,9.388879284741247,1.0826977029827414,0.22299666059986836,False,83.32771265123394,1
1.0,20,5,7,26,0.3,0.13895315296736624,3.987150632897372,0.923379529866523,1.6737385386166885,9.388879284741247,0.9619438600858993,0.13895315296736624,False,89.61120364736823,1
1.0,20,5,7,26,1.0,0.0,3.987150632897372,0.923379529866523,1.6737385386166885,9.388879284741247,0.0,0.0,True,100.0,0
1.0,20,5,14,13,0.2,0.8083419016985341,2.3134308444712164,0.9543299714569974,1.4889165191054128,5.942217012652458,1.2767478384713513,0.8083419016985341,False,45.0884999392693,1
1.0,20,5,14,13,0.25,0.7325489078092814,2.3134308444712164,0.9543299714569974,1.4889165191054128,5.942217012652458,1.245705880615258,0.7325489078092814,False,45.0884999392693,1
1.0,20,5,14,13,0.3,0.7048436446342683,2.3134308444712164,0.9543299714569974,1.4889165191054128,5.942217012652458,1.2337567887314456,0.7048436446342683,False,45.0884999392693,1
1.0,20,5,14,13,1.0,0.414984407244653,2.3134308444712164,0.9543299714569974,1.4889165191054128,5.942217012652458,1.0807227729748439,0.414984407244653,False,62.20653771169998,0
1.0,20,5,14,26,0.2,0.33309790477634643,3.979855890696678,0.923379529866523,1.6604672518500514,9.731098338259455,1.194022336641699,0.33309790477634643,False,75.91157480396915,1
1.0,20,5,14,26,0.25,0.33309790477634643,3.979855890696678,0.923379529866523,1.6604672518500514,9.731098338259455,1.194022336641699,0.33309790477634643,False,75.91157480396915,1
1.0,20,5,14,26,0.3,0.2539287757455683,3.979855890696678,0.923379529866523,1.6604672518500514,9.731098338259455,1.1157000581486058,0.2539287757455683,False,81.63679737411194,1
1.0,20,5,14,26,1.0,0.0,3.979855890696678,0.923379529866523,1.6604672518500514,9.731098338259455,0.0,0.0,True,100.0,0
1.0,20,7,7,13,0.2,0.8661425929569047,3.0058436959235832,0.9812795026273456,1.4002675583074953,5.538668565385441,1.3752760688031047,0.8661425929569047,False,37.073048131841446,1
1.0,20,7,7,13,0.25,0.8128945138783596,3.0058436959235832,0.9812795026273456,1.4002675583074953,5.538668565385441,1.3536334727518875,0.8128945138783596,False,37.073048131841446,1
1.0,20,7,7,13,0.3,0.7934302867943812,3.0058436959235832,0.9812795026273456,1.4002675583074953,5.538668565385441,1.3454567149996504,0.7934302867943812,False,37.073048131841446,1
1.0,20,7,7,13,1.0,0.5897907839569351,3.0058436959235832,0.9812795026273456,1.4002675583074953,5.538668565385441,1.2493008413516353,0.5897907839569351,False,44.86202322884944,0
1.0,20,7,7,26,0.2,0.39862237610514706,4.195018933882243,0.9685585049579801,1.4489982944761088,8.443555592091395,1.2377197845461216,0.39862237610514706,False,72.45752711102126,1
1.0,20,7,7,26,0.25,0.39862237610514706,4.195018933882243,0.9685585049579801,1.4489982944761088,8.443555592091395,1.2377197845461216,0.39862237610514706,False,72.45752711102126,1
1.0,20,7,7,26,0.3,0.270173116791777,4.195018933882243,0.9685585049579801,1.4489982944761088,8.443555592091395,1.1230328185616736,0.270173116791777,False,81.33261906349787,1
1.0,20,7,7,26,1.0,0.0,4.195018933882243,0.9685585049579801,1.4489982944761088,8.443555592091395,0.0,0.0,True,100.0,0
1.0,20,7,14,13,0.2,0.9214378654849746,1.5358189253005479,0.9812795026273456,1.1933890385984476,2.55761429136664,1.134606351597706,0.9214378654849746,False,28.881090470196767,1
1.0,20,7,14,13,0.25,0.8903697320014734,1.5358189253005479,0.9812795026273456,1.1933890385984476,2.55761429136664,1.1249191074625393,0.8903697320014734,False,28.881090470196767,1
1.0,20,7,14,13,0.3,0.879013130680584,1.5358189253005479,0.9812795026273456,1.1933890385984476,2.55761429136664,1.121314755994987,0.879013130680584,False,28.881090470196767,1
1.0,20,7,14,13,1.0,0.7601975909249571,1.5358189253005479,0.9812795026273456,1.1933890385984476,2.55761429136664,1.081335146165133,0.7601975909249571,False,28.881090470196767,0
1.0,20,7,14,26,0.2,0.5406779005250508,2.505855581705421,0.9685585049579801,1.2557989193500108,4.426151384065007,1.133013684240031,0.5406779005250508,False,56.83424947200335,1
1.0,20,7,14,26,0.25,0.5406779005250508,2.505855581705421,0.9685585049579801,1.2557989193500108,4.426151384065007,1.133013684240031,0.5406779005250508,False,56.83424947200335,1
1.0,20,7,14,26,0.3,0.48681123857428055,2.505855581705421,0.9685585049579801,1.2557989193500108,4.426151384065007,1.1036735877081243,0.48681123857428055,False,61.1347671911202,1
1.0,20,7,14,26,1.0,0.0,2.505855581705421,0.9685585049579801,1.2557989193500108,4.426151384065007,0.0,0.0,True,100.0,0
1.0,33,5,7,13,0.2,0.7402837971693064,2.325209760619811,0.9543299714569974,1.6596022581273573,5.108131377817985,1.2849633489174774,0.7402837971693064,False,48.65565755097511,1
1.0,33,5,7,13,0.25,0.6314903692498378,2.325209760619811,0.9543299714569974,1.6596022581273573,5.108131377817985,1.2349030474087925,0.6314903692498378,False,48.65565755097511,1
1.0,33,5,7,13,0.3,0.5917221743606779,2.325209760619811,0.9543299714569974,1.6596022581273573,5.108131377817985,1.2149842287691024,0.5917221743606779,False,49.42325491845935,1
1.0,33,5,7,13,1.0,0.17565759594044486,2.325209760619811,0.9543299714569974,1.6596022581273573,5.108131377817985,0.8968254272966943,0.17565759594044486,False,84.98587709491365,0
1.0,33,5,7,26,0.2,0.3632323297539425,3.1610415313261684,0.923379529866523,1.6860719310948422,6.985432321320943,1.156292636034136,0.3632323297539425,False,72.84302930936781,1
1.0,33,5,7,26,0.25,0.3632323297539425,3.1610415313261684,0.923379529866523,1.6860719310948422,6.985432321320943,1.156292636034136,0.3632323297539425,False,72.84302930936781,1
1.0,33,5,7,26,0.3,0.291468936242746,3.1610415313261684,0.923379529866523,1.6860719310948422,6.985432321320943,1.0943839237233501,0.291468936242746,False,78.20840076615431,1
1.0,33,5,7,26,1.0,0.0,3.1610415313261684,0.923379529866523,1.6860719310948422,6.985432321320943,0.0,0.0,True,100.0,0
1.0,33,5,14,13,0.2,0.8473396648594054,1.7298926273629796,0.9543299714569974,1.4747853484179663,4.152906950110626,1.198466821686468,0.8473396648594054,False,36.03775154978148,1
1.0,33,5,14,13,0.25,0.7838630324771564,1.7298926273629796,0.9543299714569974,1.4747853484179663,4.152906950110626,1.1753620853579596,0.7838630324771564,False,36.03775154978148,1
1.0,33,5,14,13,0.3,0.7606598745680828,1.7298926273629796,0.9543299714569974,1.4747853484179663,4.152906950110626,1.1665658486107076,0.7606598745680828,False,36.03775154978148,1
1.0,33,5,14,13,1.0,0.5179027632542803,1.7298926273629796,0.9543299714569974,1.4747853484179663,4.152906950110626,1.059677439759832,0.5179027632542803,False,52.83355660995329,0
1.0,33,5,14,26,0.2,0.4635644223717592,3.01360958343737,0.923379529866523,1.574735235658185,7.1459792380985485,1.1938402539227382,0.4635644223717592,False,66.4767122466862,1
1.0,33,5,14,26,0.25,0.4635644223717592,3.01360958343737,0.923379529866523,1.574735235658185,7.1459792380985485,1.1938402539227382,0.4635644223717592,False,66.4767122466862,1
1.0,33,5,14,26,0.3,0.3958199453909583,3.01360958343737,0.923379529866523,1.574735235658185,7.1459792380985485,1.147606799233974,0.3958199453909583,False,71.37574566237804,1
1.0,33,5,14,26,1.0,0.0,3.01360958343737,0.923379529866523,1.574735235658185,7.1459792380985485,0.0,0.0,True,100.0,0
1.0,33,7,7,13,0.2,0.893540322880474,2.095016691361761,0.9812795026273456,1.4036770414830964,3.567957784518862,1.2671860747344437,0.893540322880474,False,25.88839623053385,1
1.0,33,7,7,13,0.25,0.8489450566521926,2.095016691361761,0.9812795026273456,1.4036770414830964,3.567957784518862,1.251070399582249,0.8489450566521926,False,25.88839623053385,1
1.0,33,7,7,13,0.3,0.8326437664693606,2.095016691361761,0.9812795026273456,1.4036770414830964,3.567957784518862,1.2450209563510253,0.8326437664693606,False,25.88839623053385,1
1.0,33,7,7,13,1.0,0.6620956828430005,2.095016691361761,0.9812795026273456,1.4036770414830964,3.567957784518862,1.175687881912185,0.6620956828430005,False,38.10242992277403,0
1.0,33,7,7,26,0.2,0.5385260424409282,3.184237643826859,0.9685585049579801,1.4145586443622873,5.734009824105335,1.2380544616611686,0.5385260424409282,False,62.79100268062761,1
1.0,33,7,7,26,0.25,0.5385260424409282,3.184237643826859,0.9685585049579801,1.4145586443622873,5.734009824105335,1.2380544616611686,0.5385260424409282,False,62.79100268062761,1
1.0,33,7,7,26,0.3,0.4299350726306766,3.184237643826859,0.9685585049579801,1.4145586443622873,5.734009824105335,1.1702773262068324,0.4299350726306766,False,70.29400306713336,1
1.0,33,7,7,26,1.0,0.0,3.184237643826859,0.9685585049579801,1.4145586443622873,5.734009824105335,0.0,0.0,True,100.0,0
1.0,33,7,14,13,0.2,0.9374233497529569,1.2950070022324152,0.9812795026273456,1.188452731550748,2.008932845007698,1.0908012601770882,0.9374233497529569,False,20.532164146608366,1
1.0,33,7,14,13,0.25,0.9114037879605245,1.2950070022324152,0.9812795026273456,1.188452731550748,2.008932845007698,1.0831519766194304,0.9114037879605245,False,20.532164146608366,1
1.0,33,7,14,13,0.3,0.9018926343542797,1.2950070022324152,0.9812795026273456,1.188452731550748,2.008932845007698,1.080314982728637,0.9018926343542797,False,20.532164146608366,1
1.0,33,7,14,13,1.0,0.8023846198089424,1.2950070022324152,0.9812795026273456,1.188452731550748,2.008932845007698,1.0491977199632765,0.8023846198089424,False,22.86129363990095,0
1.0,33,7,14,26,0.2,0.6341900701480265,1.890521923411453,0.9685585049579801,1.2236201695148925,3.176694206295765,1.091800805722377,0.6341900701480265,False,49.368579095320264,1
1.0,33,7,14,26,0.25,0.6341900701480265,1.890521923411453,0.9685585049579801,1.2236201695148925,3.176694206295765,1.091800805722377,0.6341900701480265,False,49.368579095320264,1
1.0,33,7,14,26,0.3,0.5885213913432071,1.890521923411453,0.9685585049579801,1.2236201695148925,3.176694206295765,1.071591140284851,0.5885213913432071,False,53.01459975626774,1
1.0,33,7,14,26,1.0,0.11182918724866055,1.890521923411453,0.9685585049579801,1.2236201695148925,3.176694206295765,0.7075014644919803,0.11182918724866055,False,91.07196577881834,0
1.0,50,5,7,13,0.2,0.8276883488020698,1.7429342220454038,0.9543299714569974,1.6721269773062866,3.6474684302365183,1.2317679903802279,0.8276883488020698,False,38.46060308144514,1
1.0,50,5,7,13,0.25,0.7464992234890336,1.7429342220454038,0.9543299714569974,1.6721269773062866,3.6474684302365183,1.2003821912272403,0.7464992234890336,False,38.46060308144514,1
1.0,50,5,7,13,0.3,0.7168214661090637,1.7429342220454038,0.9543299714569974,1.6721269773062866,3.6474684302365183,1.1882695114116981,0.7168214661090637,False,38.73054259028695,1
1.0,50,5,7,13,1.0,0.40632551206411377,1.7429342220454038,0.9543299714569974,1.6721269773062866,3.6474684302365183,1.0310523736575439,0.40632551206411377,False,65.269812871223,0
1.0,50,5,7,26,0.2,0.546617435570808,2.382246683294266,0.923379529866523,1.701009643601747,5.716316684126692,1.1958846939659846,0.546617435570808,False,59.13228955461985,1
1.0,50,5,7,26,0.25,0.546617435570808,2.382246683294266,0.923379529866523,1.701009643601747,5.716316684126692,1.1958846939659846,0.546617435570808,False,59.13228955461985,1
1.0,50,5,7,26,0.3,0.49091265283362734,2.382246683294266,0.923379529866523,1.701009643601747,5.716316684126692,1.1641782836461863,0.49091265283362734,False,63.29704315225919,1
1.0,50,5,7,26,1.0,0.0,2.382246683294266,0.923379529866523,1.701009643601747,5.716316684126692,0.0,0.0,True,100.0,0
1.0,50,5,14,13,0.2,0.8983367397620836,1.3893168769480118,0.9543299714569974,1.44354835728786,2.9995092014811573,1.1450978343502263,0.8983367397620836,False,25.543139753471078,1
1.0,50,5,14,13,0.25,0.8509661185813007,1.3893168769480118,0.9543299714569974,1.44354835728786,2.9995092014811573,1.129694124820496,0.8509661185813007,False,25.543139753471078,1
1.0,50,5,14,13,0.3,0.8336503290969174,1.3893168769480118,0.9543299714569974,1.44354835728786,2.9995092014811573,1.1239028807861473,0.8336503290969174,False,25.543139753471078,1
1.0,50,5,14,13,1.0,0.6524883057284075,1.3893168769480118,0.9543299714569974,1.44354835728786,2.9995092014811573,1.0571241295907539,0.6524883057284075,False,40.57658132305385,0
1.0,50,5,14,26,0.2,0.6341744838426834,2.1898162168845086,0.923379529866523,1.4983331132188429,5.035262443073877,1.1773382747461454,0.6341744838426834,False,54.13881505639316,1
1.0,50,5,14,26,0.25,0.6341744838426834,2.1898162168845086,0.923379529866523,1.4983331132188429,5.035262443073877,1.1773382747461454,0.6341744838426834,False,54.13881505639316,1
1.0,50,5,14,26,0.3,0.5813699364656993,2.1898162168845086,0.923379529866523,1.4983331132188429,5.035262443073877,1.1520258240677648,0.5813699364656993,False,57.95744727011063,1
1.0,50,5,14,26,1.0,0.02962989531090469,2.1898162168845086,0.923379529866523,1.4983331132188429,5.035262443073877,0.5473707689277493,0.02962989531090469,False,97.85727407309217,0
1.0,50,7,7,13,0.2,0.929368123549756,1.5772356176764784,0.9812795026273456,1.394949101552856,2.548483530674397,1.1901696170232812,0.929368123549756,False,17.37460453932571,1
1.0,50,7,7,13,0.25,0.8960880741256653,1.5772356176764784,0.9812795026273456,1.394949101552856,2.548483530674397,1.1793686807883614,0.8960880741256653,False,17.37460453932571,1
1.0,50,7,7,13,0.3,0.8839229321981789,1.5772356176764784,0.9812795026273456,1.394949101552856,2.548483530674397,1.1753454122294387,0.8839229321981789,False,17.37460453932571,1
1.0,50,7,7,13,1.0,0.7566482429247758,1.5772356176764784,0.9812795026273456,1.394949101552856,2.548483530674397,1.1305386730732307,0.7566482429247758,False,29.262961753291037,0
1.0,50,7,7,26,0.2,0.7214769907261789,2.3402605272152397,0.9685585049579801,1.3946770063774305,4.013016621916383,1.2289141594228097,0.7214769907261789,False,50.150163040882155,1
1.0,50,7,7,26,0.25,0.7214769907261789,2.3402605272152397,0.9685585049579801,1.3946770063774305,4.013016621916383,1.2289141594228097,0.7214769907261789,False,50.150163040882155,1
1.0,50,7,7,26,0.3,0.638854553343083,2.3402605272152397,0.9685585049579801,1.3946770063774305,4.013016621916383,1.1921102591729693,0.638854553343083,False,55.85888984111828,1
1.0,50,7,7,26,1.0,0.13792300777417976,2.3402605272152397,0.9685585049579801,1.3946770063774305,4.013016621916383,0.8125967981119666,0.13792300777417976,False,90.47032748260793,0
1.0,50,7,14,13,0.2,0.9583274445649336,1.155689509799893,0.9812795026273456,1.1769119630284917,1.6645956569387415,1.0634643855529187,0.9583274445649336,False,12.944602487232903,1
1.0,50,7,14,13,0.25,0.9389098611377453,1.155689509799893,0.9812795026273456,1.1769119630284917,1.6645956569387415,1.0580359977738751,0.9389098611377453,False,12.944602487232903,1
1.0,50,7,14,13,0.3,0.9318119853121896,1.155689509799893,0.9812795026273456,1.1769119630284917,1.6645956569387415,1.0560306955946077,0.9318119853121896,False,12.944602487232903,1
1.0,50,7,14,13,1.0,0.8575522729649225,1.155689509799893,0.9812795026273456,1.1769119630284917,1.6645956569387415,1.034331186710255,0.8575522729649225,False,17.557650857729655,0
1.0,50,7,14,26,0.2,0.756475215039611,1.4754922443173426,0.9685585049579801,1.1950651097041662,2.2714634864573653,1.0661351576451488,0.756475215039611,False,39.60577937196539,1
1.0,50,7,14,26,0.25,0.756475215039611,1.4754922443173426,0.9685585049579801,1.1950651097041662,2.2714634864573653,1.0661351576451488,0.756475215039611,False,39.60577937196539,1
1.0,50,7,14,26,0.3,0.7215269757333415,1.4754922443173426,0.9685585049579801,1.1950651097041662,2.2714634864573653,1.053602354556136,0.7215269757333415,False,42.39591926453764,1
1.0,50,7,14,26,1.0,0.34306553358040753,1.4754922443173426,0.9685585049579801,1.1950651097041662,2.2714634864573653,0.8748988817353526,0.34306553358040753,False,72.61089971884321,0
2.0,20,5,7,13,0.2,0.6465523653824178,3.439453691844947,0.8331815653301263,1.689119015076385,8.824128379628997,1.3300662352256702,0.6465523653824178,False,51.84923591513741,2
2.0,20,5,7,13,0.25,0.5002857784779478,3.439453691844947,0.8331815653301263,1.689119015076385,8.824128379628997,1.247460726818583,0.5002857784779478,False,59.83408646619781,2
2.0,20,5,7,13,0.3,0.4453771039150159,3.439453691844947,0.8331815653301263,1.689119015076385,8.824128379628997,1.2117256862733483,0.4453771039150159,False,64.24248096715726,2
2.0,20,5,7,13,1.0,0.0,3.439453691844947,0.8331815653301263,1.689119015076385,8.824128379628997,0.0,0.0,True,100.0,0
2.0,20,5,7,26,0.2,0.4676247115621536,3.7839964486411066,0.8331815653301263,1.7699609100542537,10.880650962105415,1.2709775376103796,0.4676247115621536,False,63.87748724822595,2
2.0,20,5,7,26,0.25,0.4005822671655994,3.7839964486411066,0.8331815653301263,1.7699609100542537,10.880650962105415,1.2227465381383604,0.4005822671655994,False,69.0563015682274,2
2.0,20,5,7,26,0.3,0.31198305642478125,3.7839964486411066,0.8331815653301263,1.7699609100542537,10.880650962105415,1.148672606030601,0.31198305642478125,False,75.90030711509198,1
2.0,20,5,7,26,1.0,0.0,3.7839964486411066,0.8331815653301263,1.7699609100542537,10.880650962105415,0.0,0.0,True,100.0,0
2.0,20,5,14,13,0.2,0.6966952976034592,2.6531955806724725,0.9543299714569974,1.990686993084554,7.87341922538692,1.3689211128934216,0.6966952976034592,False,40.08838689359958,2
2.0,20,5,14,13,0.25,0.576411460655298,2.6531955806724725,0.9543299714569974,1.990686993084554,7.87341922538692,1.3055720789706398,0.576411460655298,False,50.43207476831418,2
2.0,20,5,14,13,0.3,0.5222271607108652,2.6531955806724725,0.9543299714569974,1.990686993084554,7.87341922538692,1.2737452155856057,0.5222271607108652,False,55.091599277635204,2
2.0,20,5,14,13,1.0,0.0,2.6531955806724725,0.9543299714569974,1.990686993084554,7.87341922538692,0.0,0.0,True,100.0,0
2.0,20,5,14,26,0.2,0.39672204894623725,4.008439604181404,0.9074849458444872,2.1212955118180292,13.542751239359811,1.3227433026313702,0.39672204894623725,False,70.2225690165782,2
2.0,20,5,14,26,0.25,0.3213172287109898,4.008439604181404,0.9074849458444872,2.1212955118180292,13.542751239359811,1.2548375029687802,0.3213172287109898,False,75.88235484480853,2
2.0,20,5,14,26,0.3,0.2094288716316006,4.008439604181404,0.9074849458444872,2.1212955118180292,13.542751239359811,1.1274911065012718,0.2094288716316006,False,84.28054657534044,1
2.0,20,5,14,26,1.0,0.0,4.008439604181404,0.9074849458444872,2.1212955118180292,13.542751239359811,0.0,0.0,True,100.0,0
2.0,20,7,7,13,0.2,0.7045912765152818,2.747781027778461,0.931265780057614,1.867390129326471,7.455240991212536,1.3545873686605674,0.7045912765152818,False,40.0989256174487,2
2.0,20,7,7,13,0.25,0.701137834259428,2.747781027778461,0.931265780057614,1.867390129326471,7.455240991212536,1.3529244854264417,0.701137834259428,False,40.392521221508446,2
2.0,20,7,7,13,0.3,0.6647523068711617,2.747781027778461,0.931265780057614,1.867390129326471,7.455240991212536,1.3350196846688525,0.6647523068711617,False,43.485849588149996,2
2.0,20,7,7,13,1.0,0.24869198808886203,2.747781027778461,0.931265780057614,1.867390129326471,7.455240991212536,1.0440905250249017,0.24869198808886203,False,78.85736344830777,0
2.0,20,7,7,26,0.2,0.5706336556646288,3.526448411611512,0.8880880069199681,1.884875020373482,9.979855782009828,1.3547475378877196,0.5706336556646288,False,57.51694335040073,2
2.0,20,7,7,26,0.25,0.5678367854154956,3.526448411611512,0.8880880069199681,1.884875020373482,9.979855782009828,1.3530844580308228,0.5678367854154956,False,57.725167306446764,2
2.0,20,7,7,26,0.3,0.47308902995607516,3.526448411611512,0.8880880069199681,1.884875020373482,9.979855782009828,1.2927208222875712,0.47308902995607516,False,64.77903491948955,2
2.0,20,7,7,26,1.0,0.0,3.526448411611512,0.8880880069199681,1.884875020373482,9.979855782009828,0.0,0.0,True,100.0,0
2.0,20,7,14,13,0.2,0.8702546883282932,1.6497954185052237,0.9812795026273456,1.3905025992758973,2.9994142170464504,1.1830694756433462,0.8702546883282932,False,20.074158094076754,2
2.0,20,7,14,13,0.25,0.8158929579993263,1.6497954185052237,0.9812795026273456,1.3905025992758973,2.9994142170464504,1.1641446658727335,0.8158929579993263,False,23.516902310376842,2
2.0,20,7,14,13,0.3,0.7908458702099436,1.6497954185052237,0.9812795026273456,1.3905025992758973,2.9994142170464504,1.1551054132950351,0.7908458702099436,False,25.86485597691346,2
2.0,20,7,14,13,1.0,0.5467985649377148,1.6497954185052237,0.9812795026273456,1.3905025992758973,2.9994142170464504,1.0533082793455624,0.5467985649377148,False,48.74223677426135,0
2.0,20,7,14,26,0.2,0.610844549576314,3.3626961449574955,0.9620364811633972,1.4359567096747479,6.931344328147128,1.2978897552196649,0.610844549576314,False,50.56890633856125,2
2.0,20,7,14,26,0.25,0.6078505920159853,3.3626961449574955,0.9620364811633972,1.4359567096747479,6.931344328147128,1.2962964736317582,0.6078505920159853,False,50.81118499470318,2
2.0,20,7,14,26,0.3,0.5283641676674786,3.3626961449574955,0.9620364811633972,1.4359567096747479,6.931344328147128,1.2516660362833198,0.5283641676674786,False,57.24342850004207,2
2.0,20,7,14,26,1.0,0.0,3.3626961449574955,0.9620364811633972,1.4359567096747479,6.931344328147128,0.0,0.0,True,100.0,0
2.0,33,5,7,13,0.2,0.799154903218807,2.5429246828506407,0.8331815653301263,1.6941132260458467,6.438000208053841,1.3014025032698535,0.799154903218807,False,47.241450011806116,2
2.0,33,5,7,13,0.25,0.6975266585402637,2.5429246828506407,0.8331815653301263,1.6941132260458467,6.438000208053841,1.2578941525698,0.6975266585402637,False,47.241450011806116,2
2.0,33,5,7,13,0.3,0.6370141876789872,2.5429246828506407,0.8331815653301263,1.6941132260458467,6.438000208053841,1.2296773452127476,0.6370141876789872,False,47.675300219057206,2
2.0,33,5,7,13,1.0,0.17493085399469757,2.5429246828506407,0.8331815653301263,1.6941132260458467,6.438000208053841,0.8901649698651823,0.17493085399469757,False,85.6310823295052,0
2.0,33,5,7,26,0.2,0.6523801656137129,2.661964657878222,0.8331815653301263,1.7134414920183132,7.522320253212886,1.2548100587033562,0.6523801656137129,False,48.53831906855517,2
2.0,33,5,7,26,0.25,0.5995175733989613,2.661964657878222,0.8331815653301263,1.7134414920183132,7.522320253212886,1.2285795545172242,0.5995175733989613,False,52.7082770120274,2
2.0,33,5,7,26,0.3,0.5565198061009453,2.661964657878222,0.8331815653301263,1.7134414920183132,7.522320253212886,1.2059323914767817,0.5565198061009453,False,56.100068329553764,1
2.0,33,5,7,26,1.0,0.0,2.661964657878222,0.8331815653301263,1.7134414920183132,7.522320253212886,0.0,0.0,True,100.0,0
2.0,33,5,14,13,0.2,0.7811682385921401,1.9785057814595006,0.9543299714569974,1.9763943615756727,5.643104927910986,1.3066627712498875,0.7811682385921401,False,31.80604373090987,2
2.0,33,5,14,13,0.25,0.6858444963778096,1.9785057814595006,0.9543299714569974,1.9763943615756727,5.643104927910986,1.2648347469093213,0.6858444963778096,False,40.1275585939381,2
2.0,33,5,14,13,0.3,0.6290086939822386,1.9785057814595006,0.9543299714569974,1.9763943615756727,5.643104927910986,1.2377745114928527,0.6290086939822386,False,45.08917637561785,2
2.0,33,5,14,13,1.0,0.18172371212166205,1.9785057814595006,0.9543299714569974,1.9763943615756727,5.643104927910986,0.9074658138841185,0.18172371212166205,False,84.13599239542093,0
2.0,33,5,14,26,0.2,0.5583825374956416,2.757993685299987,0.9074849458444872,2.0306123279844277,9.378521148683872,1.297919883948235,0.5583825374956416,False,57.25016612238966,2
2.0,33,5,14,26,0.25,0.4954953418074006,2.757993685299987,0.9074849458444872,2.0306123279844277,9.378521148683872,1.2597223155969426,0.4954953418074006,False,62.06481734833717,2
2.0,33,5,14,26,0.3,0.4237267276349665,2.757993685299987,0.9074849458444872,2.0306123279844277,9.378521148683872,1.211396720464096,0.4237267276349665,False,67.55943103604014,1
2.0,33,5,14,26,1.0,0.0,2.757993685299987,0.9074849458444872,2.0306123279844277,9.378521148683872,0.0,0.0,True,100.0,0
2.0,33,7,7,13,0.2,0.8430621457156148,1.997144931353667,0.931265780057614,1.8794996002503768,5.317431070266189,1.31022615185893,0.8430621457156148,False,27.196886793161923,2
2.0,33,7,7,13,0.25,0.8389300104829392,1.997144931353667,0.931265780057614,1.8794996002503768,5.317431070266189,1.308617726185366,0.8389300104829392,False,27.553719691732027,2
2.0,33,7,7,13,0.3,0.8099564003089558,1.997144931353667,0.931265780057614,1.8794996002503768,5.317431070266189,1.2971696432550193,0.8099564003089558,False,30.055752349973165,2
2.0,33,7,7,13,1.0,0.5293765771842411,1.997144931353667,0.931265780057614,1.8794996002503768,5.317431070266189,1.166332954318999,0.5293765771842411,False,54.28538326189618,0
2.0,33,7,7,26,0.2,0.7872065931197986,2.45627701114162,0.8880880069199681,1.8410824359159275,7.130282939720646,1.3334410679620978,0.7872065931197986,False,40.34403929948984,2
2.0,33,7,7,26,0.25,0.7833482250085562,2.45627701114162,0.8880880069199681,1.8410824359159275,7.130282939720646,1.331804143798394,0.7833482250085562,False,40.3977448594169,2
2.0,33,7,7,26,0.3,0.697142333898364,2.45627701114162,0.8880880069199681,1.8410824359159275,7.130282939720646,1.293546394857149,0.697142333898364,False,46.95685274086373,1
2.0,33,7,7,26,1.0,0.20485427913600351,2.45627701114162,0.8880880069199681,1.8410824359159275,7.130282939720646,0.9523857878929008,0.20485427913600351,False,84.41334693575013,0
2.0,33,7,14,13,0.2,0.9068218277090433,1.3776894934616712,0.9812795026273456,1.3880316902013596,2.3127562131511756,1.1421321458602323,0.9068218277090433,False,14.422147791454965,2
2.0,33,7,14,13,0.25,0.8641676399865112,1.3776894934616712,0.9812795026273456,1.3880316902013596,2.3127562131511756,1.128457906316642,0.8641676399865112,False,18.44747411406481,2
2.0,33,7,14,13,0.3,0.8383511826683331,1.3776894934616712,0.9812795026273456,1.3880316902013596,2.3127562131511756,1.1199338184095293,0.8383511826683331,False,20.883803833327075,2
2.0,33,7,14,13,1.0,0.6455036725369012,1.3776894934616712,0.9812795026273456,1.3880316902013596,2.3127562131511756,1.0490846756520842,0.6455036725369012,False,39.08305225956672,0
2.0,33,7,14,26,0.2,0.7370172883456572,2.297302047107366,0.9620364811633972,1.3981778932144964,4.285891627095781,1.2284640077516376,0.7370172883456572,False,39.44042677586241,2
2.0,33,7,14,26,0.25,0.7334049151419247,2.297302047107366,0.9620364811633972,1.3981778932144964,4.285891627095781,1.2269559527900467,0.7334049151419247,False,39.73724990742746,2
2.0,33,7,14,26,0.3,0.6499609205531452,2.297302047107366,0.9620364811633972,1.3981778932144964,4.285891627095781,1.1904600596201906,0.6499609205531452,False,46.59371417267785,1
2.0,33,7,14,26,1.0,0.1820384172749478,2.297302047107366,0.9620364811633972,1.3981778932144964,4.285891627095781,0.8660316832086612,0.1820384172749478,False,85.0421841727571,0
2.0,50,5,7,13,0.2,0.9209802848477029,2.016616569388591,0.8331815653301263,1.6759208213391708,4.842020633796126,1.2690148475874161,0.8331815653301263,False,45.459249863176595,2
2.0,50,5,7,13,0.25,0.8374236975905268,2.016616569388591,0.8331815653301263,1.6759208213391708,4.842020633796126,1.2391972234183508,0.8331815653301263,False,45.459249863176595,2
2.0,50,5,7,13,0.3,0.8601261771418589,2.016616569388591,0.8331815653301263,1.6759208213391708,4.842020633796126,1.2475117974446392,0.8331815653301263,False,45.459249863176595,1
2.0,50,5,7,13,1.0,0.47251427661281425,2.016616569388591,0.8331815653301263,1.6759208213391708,4.842020633796126,1.074008834482413,0.47251427661281425,False,59.97844782582271,0
2.0,50,5,7,26,0.2,0.8018885264510349,1.9758694074009107,0.8331815653301263,1.6733426038629737,5.288147784237463,1.2191276727810514,0.8018885264510349,False,45.344282865174144,2
2.0,50,5,7,26,0.25,0.7609751247528513,1.9758694074009107,0.8331815653301263,1.6733426038629737,5.288147784237463,1.2032705973874236,0.7609751247528513,False,45.344282865174144,2
2.0,50,5,7,26,0.3,0.7558196397543107,1.9758694074009107,0.8331815653301263,1.6733426038629737,5.288147784237463,1.2012274076233944,0.7558196397543107,False,45.344282865174144,1
2.0,50,5,7,26,1.0,0.2038890474024148,1.9758694074009107,0.8331815653301263,1.6733426038629737,5.288147784237463,0.8657034806891634,0.2038890474024148,False,83.4584565070525,0
2.0,50,5,14,13,0.2,0.8675726565081848,1.6110637590782861,0.9543299714569974,1.9413707184426803,4.2562004194312,1.2685465414584902,0.8675726565081848,False,22.731659601605926,2
2.0,50,5,14,13,0.25,0.7769497754855421,1.6110637590782861,0.9543299714569974,1.9413707184426803,4.2562004194312,1.234036990711298,0.7769497754855421,False,30.80277568187011,2
2.0,50,5,14,13,0.3,0.7913957267614374,1.6110637590782861,0.9543299714569974,1.9413707184426803,4.2562004194312,1.2397335857341665,0.7913957267614374,False,29.516180637419254,1
2.0,50,5,14,13,1.0,0.3948707392818824,1.6110637590782861,0.9543299714569974,1.9413707184426803,4.2562004194312,1.0419423247157258,0.3948707392818824,False,64.83175620241535,0
2.0,50,5,14,26,0.2,0.7246828222832327,2.1354293507019504,0.9074849458444872,1.9456891532469929,6.869806051141275,1.285690738451774,0.7246828222832327,False,43.027886495066994,2
2.0,50,5,14,26,0.25,0.6748940790063404,2.1354293507019504,0.9074849458444872,1.9456891532469929,6.869806051141275,1.2630147666953293,0.6748940790063404,False,46.94210916741074,2
2.0,50,5,14,26,0.3,0.6448358279603811,2.1354293507019504,0.9074849458444872,1.9456891532469929,6.869806051141275,1.248710643722756,0.6448358279603811,False,49.30518724473386,1
2.0,50,5,14,26,1.0,0.01773846213507295,2.1354293507019504,0.9074849458444872,1.9456891532469929,6.869806051141275,0.5085439769383584,0.01773846213507295,False,98.6054620765285,0
2.0,50,7,7,13,0.2,0.9547853740552894,1.6452568381233084,0.931265780057614,1.866835897948563,4.12619630047536,1.285522885619429,0.931265780057614,False,20.37104527049982,2
2.0,50,7,7,13,0.25,0.938882605703456,1.6452568381233084,0.931265780057614,1.866835897948563,4.12619630047536,1.2801362520311945,0.931265780057614,False,20.37104527049982,2
2.0,50,7,7,13,0.3,0.9445488952595608,1.6452568381233084,0.931265780057614,1.866835897948563,4.12619630047536,1.2820633470550369,0.931265780057614,False,20.37104527049982,1
2.0,50,7,7,13,1.0,0.7598043858757989,1.6452568381233084,0.931265780057614,1.866835897948563,4.12619630047536,1.2141681107031221,0.7598043858757989,False,33.00556409465059,0
2.0,50,7,7,26,0.2,0.9621471382565618,1.9079237238521252,0.8880880069199681,1.812821618521411,5.318075054732232,1.3111530646255234,0.8880880069199681,False,40.34403929948984,2
2.0,50,7,7,26,0.25,0.9360245028590278,1.9079237238521252,0.8880880069199681,1.812821618521411,5.318075054732232,1.3021614248648474,0.8880880069199681,False,40.34403929948984,2
2.0,50,7,7,26,0.3,0.9229329954271807,1.9079237238521252,0.8880880069199681,1.812821618521411,5.318075054732232,1.2975842468880672,0.8880880069199681,False,40.34403929948984,1
2.0,50,7,7,26,1.0,0.5261268243742483,1.9079237238521252,0.8880880069199681,1.812821618521411,5.318075054732232,1.1274976164675163,0.5261268243742483,False,58.78323926199214,0
2.0,50,7,14,13,0.2,0.9442250760873844,1.2337491365778106,0.9812795026273456,1.3769394989493353,1.9561845350594251,1.120088902258097,0.9442250760873844,False,11.402439779536778,2
2.0,50,7,14,13,0.25,0.9043561863403597,1.2337491365778106,0.9812795026273456,1.3769394989493353,1.9561845350594251,1.1080732999028562,0.9043561863403597,False,13.898608925032264,2
2.0,50,7,14,13,0.3,0.9123821859916265,1.2337491365778106,0.9812795026273456,1.3769394989493353,1.9561845350594251,1.1105236481762784,0.9123821859916265,False,13.134474455473622,1
2.0,50,7,14,13,1.0,0.7476574096616354,1.2337491365778106,0.9812795026273456,1.3769394989493353,1.9561845350594251,1.0565967542612444,0.7476574096616354,False,28.817490285684666,0
2.0,50,7,14,26,0.2,0.8667132512865705,1.703116292069031,0.9620364811633972,1.3698816101746691,2.9996251484010683,1.1809964147339247,0.8667132512865705,False,27.320193394777505,2
2.0,50,7,14,26,0.25,0.8381365173660984,1.703116292069031,0.9620364811633972,1.3698816101746691,2.9996251484010683,1.1711389115591375,0.8381365173660984,False,29.716547081150402,2
2.0,50,7,14,26,0.3,0.8169492413144813,1.703116292069031,0.9620364811633972,1.3698816101746691,2.9996251484010683,1.1636663836874945,0.8169492413144813,False,31.493244418634447,1
2.0,50,7,14,26,1.0,0.4031821760607336,1.703116292069031,0.9620364811633972,1.3698816101746691,2.9996251484010683,0.9753377891952266,0.4031821760607336,False,66.1904297190928,0
3.0,20,5,7,13,0.2,0.6300671228447391,2.658950383189897,0.8245598534166677,1.6727209102771285,8.247472661961416,1.2329222237275552,0.6300671228447391,False,48.88832502348151,2
3.0,20,5,7,13,0.25,0.6222762274531979,2.658950383189897,0.8245598534166677,1.6727209102771285,8.247472661961416,1.2290930949619037,0.6222762274531979,False,49.520330247354515,2
3.0,20,5,7,13,0.3,0.566675507515411,2.658950383189897,0.8245598534166677,1.6727209102771285,8.247472661961416,1.2006670345835964,0.566675507515411,False,54.03071624097646,2
3.0,20,5,7,13,1.0,0.03683133607148765,2.658950383189897,0.8245598534166677,1.6727209102771285,8.247472661961416,0.6062382644377512,0.03683133607148765,False,97.01220519214317,0
3.0,20,5,7,26,0.2,0.5905544173439304,5.01482287276132,0.8245598534166677,1.8504390591615802,12.459447884455749,1.457985226247192,0.5905544173439304,False,57.691242137074205,2
3.0,20,5,7,26,0.25,0.5229003666914552,5.01482287276132,0.8245598534166677,1.8504390591615802,12.459447884455749,1.4143043570349663,0.5229003666914552,False,62.5381432243193,2
3.0,20,5,7,26,0.3,0.4447301588232572,5.01482287276132,0.8245598534166677,1.8504390591615802,12.459447884455749,1.3581955027647477,0.4447301588232572,False,68.13844744635011,1
3.0,20,5,7,26,1.0,0.0,5.01482287276132,0.8245598534166677,1.8504390591615802,12.459447884455749,0.0,0.0,True,100.0,0
3.0,20,5,14,13,0.2,0.7115429817939752,2.614089441564054,0.9485821635146912,1.9275612220454308,9.5243980463417,1.3580044070405877,0.7115429817939752,False,37.27426024118168,2
3.0,20,5,14,13,0.25,0.5982893905794551,2.614089441564054,0.9485821635146912,1.9275612220454308,9.5243980463417,1.3004052671250639,0.5982893905794551,False,47.25807776315746,2
3.0,20,5,14,13,0.3,0.5470306052296989,2.614089441564054,0.9485821635146912,1.9275612220454308,9.5243980463417,1.2716096080490962,0.5470306052296989,False,51.77677208306418,2
3.0,20,5,14,13,1.0,0.059763353914524225,2.614089441564054,0.9485821635146912,1.9275612220454308,9.5243980463417,0.7310711317579206,0.059763353914524225,False,94.73158940405088,0
3.0,20,5,14,26,0.2,0.36965647585085465,4.338244285215062,0.9017429806785437,2.0113615542464047,14.955027330025674,1.3059342418086584,0.36965647585085465,False,72.45770725158653,2
3.0,20,5,14,26,0.25,0.36508560581218835,4.338244285215062,0.9017429806785437,2.0113615542464047,14.955027330025674,1.3018783571185115,0.36508560581218835,False,72.79827274669961,2
3.0,20,5,14,26,0.3,0.2956616715759543,4.338244285215062,0.9017429806785437,2.0113615542464047,14.955027330025674,1.2350100353821747,0.2956616715759543,False,77.97089772528226,2
3.0,20,5,14,26,1.0,0.0,4.338244285215062,0.9017429806785437,2.0113615542464047,14.955027330025674,0.0,0.0,True,100.0,0
3.0,20,7,7,13,0.2,0.8564477496493893,1.9587054229678953,0.9277316737657447,1.676264263565572,4.790529805243908,1.2708922086020717,0.8564477496493893,False,38.17308755692154,2
3.0,20,7,7,13,0.25,0.7816355423443407,1.9587054229678953,0.9277316737657447,1.676264263565572,4.790529805243908,1.2421801183238403,0.7816355423443407,False,38.17308755692154,2
3.0,20,7,7,13,0.3,0.7529314711038533,1.9587054229678953,0.9277316737657447,1.676264263565572,4.790529805243908,1.230615445423409,0.7529314711038533,False,38.17308755692154,2
3.0,20,7,7,13,1.0,0.4227688514149127,1.9587054229678953,0.9277316737657447,1.676264263565572,4.790529805243908,1.065268891104185,0.4227688514149127,False,62.98720847920537,0
3.0,20,7,7,26,0.2,0.6887914253729199,3.8472551763797633,0.8845574931268232,1.7081126331919827,9.80116864371626,1.4145565818758212,0.6887914253729199,False,48.40818581861301,2
3.0,20,7,7,26,0.25,0.6854154235784939,3.8472551763797633,0.8845574931268232,1.7081126331919827,9.80116864371626,1.412820080799446,0.6854154235784939,False,48.66105490327062,2
3.0,20,7,7,26,0.3,0.6044567980917935,3.8472551763797633,0.8845574931268232,1.7081126331919827,9.80116864371626,1.3691143025305268,0.6044567980917935,False,54.72501303142092,2
3.0,20,7,7,26,1.0,0.025913151924085078,3.8472551763797633,0.8845574931268232,1.7081126331919827,9.80116864371626,0.6229862352237325,0.025913151924085078,False,98.0590546431416,0
3.0,20,7,14,13,0.2,0.8764598945323369,1.58539544766821,0.9789234317660995,1.480471841771358,3.4216176746688434,1.1912547152211388,0.8764598945323369,False,19.41894288873676,2
3.0,20,7,14,13,0.25,0.8251959072821153,1.58539544766821,0.9789234317660995,1.480471841771358,3.4216176746688434,1.1734399964049793,0.8251959072821153,False,21.804358775571686,2
3.0,20,7,14,13,0.3,0.7993476672313407,1.58539544766821,0.9789234317660995,1.480471841771358,3.4216176746688434,1.1641409024832383,0.7993476672313407,False,24.253740416290693,2
3.0,20,7,14,13,1.0,0.5695616407460941,1.58539544766821,0.9789234317660995,1.480471841771358,3.4216176746688434,1.0695640663871475,0.5695616407460941,False,46.02828574166443,0
3.0,20,7,14,26,0.2,0.6257013561151408,2.3287307109269313,0.959680410302151,1.501975783487552,5.035410681347294,1.2038405883723495,0.6257013561151408,False,47.08364825287718,2
3.0,20,7,14,26,0.25,0.6226345802767576,2.3287307109269313,0.959680410302151,1.501975783487552,5.035410681347294,1.2023627609709737,0.6226345802767576,False,47.34300934808249,2
3.0,20,7,14,26,0.3,0.5624323251087346,2.3287307109269313,0.959680410302151,1.501975783487552,5.035410681347294,1.1721812657767534,0.5624323251087346,False,52.43438989138263,2
3.0,20,7,14,26,1.0,0.02865027832101636,2.3287307109269313,0.959680410302151,1.501975783487552,5.035410681347294,0.5568771768356368,0.02865027832101636,False,97.57700987784197,0
3.0,33,5,7,13,0.2,0.835329870783451,2.0640677318783798,0.8245598534166677,1.6688108988835637,5.749228247505311,1.2410886884098655,0.8245598534166677,False,46.143670992518615,2
3.0,33,5,7,13,0.25,0.7995151779633577,2.0640677318783798,0.8245598534166677,1.6688108988835637,5.749228247505311,1.2275663996603703,0.7995151779633577,False,46.143670992518615,2
3.0,33,5,7,13,0.3,0.8076325103176695,2.0640677318783798,0.8245598534166677,1.6688108988835637,5.749228247505311,1.2306704212297146,0.8076325103176695,False,46.143670992518615,1
3.0,33,5,7,13,1.0,0.36195569712016484,2.0640677318783798,0.8245598534166677,1.6688108988835637,5.749228247505311,1.0069366969006275,0.36195569712016484,False,70.2082105588955,0
3.0,33,5,7,26,0.2,0.8116617016592343,3.2665658563377646,0.8245598534166677,1.7653928690810434,7.634281189995592,1.4016271669604006,0.8116617016592343,False,44.166213886378515,2
3.0,33,5,7,26,0.25,0.7596816480944749,3.2665658563377646,0.8245598534166677,1.7653928690810434,7.634281189995592,1.3786265938333124,0.7596816480944749,False,44.599204125027846,2
3.0,33,5,7,26,0.3,0.7335168371066554,3.2665658563377646,0.8245598534166677,1.7653928690810434,7.634281189995592,1.3665995230177563,0.7335168371066554,False,46.50730781066954,1
3.0,33,5,7,26,1.0,0.07869382619123111,3.2665658563377646,0.8245598534166677,1.7653928690810434,7.634281189995592,0.7821209308433302,0.07869382619123111,False,94.26114792640251,0
3.0,33,5,14,13,0.2,0.8118977872684913,1.8856908720067704,0.9485821635146912,1.913416100100967,6.192613124671646,1.2911124193963803,0.8118977872684913,False,26.797015549629965,2
3.0,33,5,14,13,0.25,0.7026934995952506,1.8856908720067704,0.9485821635146912,1.913416100100967,6.192613124671646,1.2453178215003786,0.7026934995952506,False,36.34277488135361,2
3.0,33,5,14,13,0.3,0.7019982611726754,1.8856908720067704,0.9485821635146912,1.913416100100967,6.192613124671646,1.245009680678099,0.7019982611726754,False,36.40575674870047,1
3.0,33,5,14,13,1.0,0.26662685380004275,1.8856908720067704,0.9485821635146912,1.913416100100967,6.192613124671646,0.9773827982176596,0.26662685380004275,False,75.84618946268611,0
3.0,33,5,14,26,0.2,0.5342603274756499,3.0907811881862353,0.9017429806785437,1.9248792524448934,9.00626355191628,1.3011484899121584,0.5342603274756499,False,60.169282607336314,2
3.0,33,5,14,26,0.25,0.46504837043609776,3.0907811881862353,0.9017429806785437,1.9248792524448934,9.00626355191628,1.256791290060862,0.46504837043609776,False,65.3292425730353,2
3.0,33,5,14,26,0.3,0.37845932959049233,3.0907811881862353,0.9017429806785437,1.9248792524448934,9.00626355191628,1.1936951640929265,0.37845932959049233,False,71.7847165018576,1
3.0,33,5,14,26,1.0,0.0,3.0907811881862353,0.9017429806785437,1.9248792524448934,9.00626355191628,0.0,0.0,True,100.0,0
3.0,33,7,7,13,0.2,0.9585697099218363,1.6307204224597907,0.9277316737657447,1.686862224952562,3.898513400959043,1.2506226852899878,0.9277316737657447,False,31.145856854011722,2
3.0,33,7,7,13,0.25,0.9046475661420628,1.6307204224597907,0.9277316737657447,1.686862224952562,3.898513400959043,1.2326512815583008,0.9046475661420628,False,31.145856854011722,2
3.0,33,7,7,13,0.3,0.905817274323852,1.6307204224597907,0.9277316737657447,1.686862224952562,3.898513400959043,1.233049542648447,0.905817274323852,False,31.145856854011722,1
3.0,33,7,7,13,1.0,0.7057153342125181,1.6307204224597907,0.9277316737657447,1.686862224952562,3.898513400959043,1.1584512575306753,0.7057153342125181,False,36.436039785790356,0
3.0,33,7,7,26,0.2,0.9350630954498088,2.5891302731243346,0.8845574931268232,1.6879582702366913,6.567850712977045,1.3788615069667594,0.8845574931268232,False,45.41060090084695,2
3.0,33,7,7,26,0.25,0.9003362779196745,2.5891302731243346,0.8845574931268232,1.6879582702366913,6.567850712977045,1.365877044083471,0.8845574931268232,False,45.41060090084695,2
3.0,33,7,7,26,0.3,0.8702227229800897,2.5891302731243346,0.8845574931268232,1.6879582702366913,6.567850712977045,1.3543098070991009,0.8702227229800897,False,45.41060090084695,1
3.0,33,7,7,26,1.0,0.38032875544687783,2.5891302731243346,0.8845574931268232,1.6879582702366913,6.567850712977045,1.101159447288207,0.38032875544687783,False,71.69735548491468,0
3.0,33,7,14,13,0.2,0.9200499837364653,1.3237875799134131,0.9789234317660995,1.4808724987168844,2.5783701505859717,1.1527205325972556,0.9200499837364653,False,16.37007317142394,2
3.0,33,7,14,13,0.25,0.871340383950476,1.3237875799134131,0.9789234317660995,1.4808724987168844,2.5783701505859717,1.1371509910498951,0.871340383950476,False,16.4332265604479,2
3.0,33,7,14,13,0.3,0.8740435675311568,1.3237875799134131,0.9789234317660995,1.4808724987168844,2.5783701505859717,1.1380319206721288,0.8740435675311568,False,16.37007317142394,1
3.0,33,7,14,13,1.0,0.6894283407383157,1.3237875799134131,0.9789234317660995,1.4808724987168844,2.5783701505859717,1.0724905064955645,0.6894283407383157,False,33.87968351463474,0
3.0,33,7,14,26,0.2,0.7736583739820659,1.774124427456497,0.959680410302151,1.4586423149573526,3.7499633421328586,1.1773407771775406,0.7736583739820659,False,32.76576642732726,2
3.0,33,7,14,26,0.25,0.7698664103155296,1.774124427456497,0.959680410302151,1.4586423149573526,3.7499633421328586,1.1758954807835864,0.7698664103155296,False,33.09530434668403,2
3.0,33,7,14,26,0.3,0.7055922654892026,1.774124427456497,0.959680410302151,1.4586423149573526,3.7499633421328586,1.1505442631519256,0.7055922654892026,False,38.68100342429427,1
3.0,33,7,14,26,1.0,0.2667663375190789,1.774124427456497,0.959680410302151,1.4586423149573526,3.7499633421328586,0.9021892230063997,0.2667663375190789,False,76.81686019403188,0
3.0,50,5,7,13,0.2,0.9557375910578335,1.721539069149369,0.8245598534166677,1.6559209543387508,4.447542716112066,1.2242759965908119,0.8245598534166677,False,46.143670992518615,2
3.0,50,5,7,13,0.25,0.9842432880530692,1.721539069149369,0.8245598534166677,1.6559209543387508,4.447542716112066,1.233304406399939,0.8245598534166677,False,46.143670992518615,1
3.0,50,5,7,13,0.3,0.8270198071499442,1.721539069149369,0.8245598534166677,1.6559209543387508,4.447542716112066,1.1807926617000313,0.8245598534166677,False,46.143670992518615,1
3.0,50,5,7,13,1.0,0.6295114138214207,1.721539069149369,0.8245598534166677,1.6559209543387508,4.447542716112066,1.1029239560381392,0.6295114138214207,False,46.65236120764234,0
3.0,50,5,7,26,0.2,0.9857324757291487,2.252615158561294,0.8245598534166677,1.7257697918621608,4.908921056673702,1.3332536427973092,0.8245598534166677,False,43.74570186375231,2
3.0,50,5,7,26,0.25,0.9241892615560731,2.252615158561294,0.8245598534166677,1.7257697918621608,4.908921056673702,1.3119377907513083,0.8245598534166677,False,43.74570186375231,2
3.0,50,5,7,26,0.3,0.7482722667680767,2.252615158561294,0.8245598534166677,1.7257697918621608,4.908921056673702,1.244480010225235,0.7482722667680767,False,45.917314817167934,1
3.0,50,5,7,26,1.0,0.30280779786777334,2.252615158561294,0.8245598534166677,1.7257697918621608,4.908921056673702,0.9925783002985886,0.30280779786777334,False,78.11403745628154,0
3.0,50,5,14,13,0.2,0.8525889808857816,1.557862179766589,0.9485821635146912,1.879371086188173,4.535541569197286,1.2404779850221435,0.8525889808857816,False,21.380899524004004,2
3.0,50,5,14,13,0.25,0.8221303340356718,1.557862179766589,0.9485821635146912,1.879371086188173,4.535541569197286,1.2292474059433713,0.8221303340356718,False,23.799065961173138,2
3.0,50,5,14,13,0.3,0.8524868895242739,1.557862179766589,0.9485821635146912,1.879371086188173,4.535541569197286,1.2404408487887633,0.8524868895242739,False,21.380899524004004,1
3.0,50,5,14,13,1.0,0.49621555417820634,1.557862179766589,0.9485821635146912,1.879371086188173,4.535541569197286,1.0834820622097046,0.49621555417820634,False,54.007184569675815,0
3.0,50,5,14,26,0.2,0.7639334444367613,2.0793792534536593,0.9017429806785437,1.8472801640223524,5.773535729991244,1.2754140351779482,0.7639334444367613,False,40.63980931935617,2
3.0,50,5,14,26,0.25,0.7129672876095153,2.0793792534536593,0.9017429806785437,1.8472801640223524,5.773535729991244,1.2535876702488224,0.7129672876095153,False,44.60005063298982,2
3.0,50,5,14,26,0.3,0.6842922968236235,2.0793792534536593,0.9017429806785437,1.8472801640223524,5.773535729991244,1.2407883973560125,0.6842922968236235,False,46.82819358603362,1
3.0,50,5,14,26,1.0,0.042314739663697115,2.0793792534536593,0.9017429806785437,1.8472801640223524,5.773535729991244,0.6187429011025045,0.042314739663697115,False,96.7120028147337,0
3.0,50,7,7,13,0.2,0.989018936098534,1.4752230211929087,0.9277316737657447,1.6809843769136474,3.3832401213139867,1.228180187602502,0.9277316737657447,False,29.44967422905107,2
3.0,50,7,7,13,0.25,1.0004360267190981,1.4752230211929087,0.9277316737657447,1.6809843769136474,3.3832401213139867,1.231709429561983,0.9277316737657447,False,29.44967422905107,1
3.0,50,7,7,13,0.3,0.9363261493126439,1.4752230211929087,0.9277316737657447,1.6809843769136474,3.3832401213139867,1.2114841139463985,0.9277316737657447,False,29.44967422905107,1
3.0,50,7,7,13,1.0,0.8599550509648479,1.4752230211929087,0.9277316737657447,1.6809843769136474,3.3832401213139867,1.1859868494831802,0.8599550509648479,False,29.44967422905107,0
3.0,50,7,7,26,0.2,1.1014413033257267,1.895550255534525,0.8845574931268232,1.6726527266751041,4.54307941148934,1.3257362377634165,0.8845574931268232,False,45.41060090084695,2
3.0,50,7,7,26,0.25,1.0798684925886937,1.895550255534525,0.8845574931268232,1.6726527266751041,4.54307941148934,1.3191965455831658,0.8845574931268232,False,45.41060090084695,2
3.0,50,7,7,26,0.3,1.0803956513512942,1.895550255534525,0.8845574931268232,1.6726527266751041,4.54307941148934,1.3193575139678506,0.8845574931268232,False,45.41060090084695,1
3.0,50,7,7,26,1.0,0.7191495925607982,1.895550255534525,0.8845574931268232,1.6726527266751041,4.54307941148934,1.1917127823063496,0.7191495925607982,False,45.45691302995637,0
3.0,50,7,14,13,0.2,0.9376448534328605,1.2084761552801737,0.9789234317660995,1.4702834130843923,2.169869213489694,1.1300731604162013,0.9376448534328605,False,15.753407791855711,2
3.0,50,7,14,13,0.25,0.9243224796145535,1.2084761552801737,0.9789234317660995,1.4702834130843923,2.169869213489694,1.1260374786883347,0.9243224796145535,False,15.753407791855711,2
3.0,50,7,14,13,0.3,0.9383608546959885,1.2084761552801737,0.9789234317660995,1.4702834130843923,2.169869213489694,1.1302888343491266,0.9383608546959885,False,15.753407791855711,1
3.0,50,7,14,13,1.0,0.7921579721191605,1.2084761552801737,0.9789234317660995,1.4702834130843923,2.169869213489694,1.0834276530289781,0.7921579721191605,False,23.26663460689071,0
3.0,50,7,14,26,0.2,0.9014681295044945,1.3974547239324737,0.959680410302151,1.4300032547398287,2.626645529671119,1.1466686651587157,0.9014681295044945,False,19.860721612199573,2
3.0,50,7,14,26,0.25,0.8788138131498293,1.3974547239324737,0.959680410302151,1.4300032547398287,2.626645529671119,1.1393956815095534,0.8788138131498293,False,21.874659216438264,2
3.0,50,7,14,26,0.3,0.8699384570509915,1.3974547239324737,0.959680410302151,1.4300032547398287,2.626645529671119,1.1365079629013402,0.8699384570509915,False,22.663666181761133,1
3.0,50,7,14,26,1.0,0.5184837715149493,1.3974547239324737,0.959680410302151,1.4300032547398287,2.626645529671119,0.9985829403130851,0.5184837715149493,False,53.90750494104288,0
