date,btc,v4_mechanical,v7b_balanced
2018-09-01,7193.25,6999.203791469195,7000.0
2018-09-02,7272.72021484375,7016.3136326231615,7000.0
2018-09-03,7260.06005859375,7013.02880839672,7000.0
2018-09-04,7361.66015625,7035.031780488447,7000.0
2018-09-05,6792.830078125,6907.4606801319715,7000.0
2018-09-06,6529.169921875,6753.465376371453,6999.203791469195
2018-09-07,6467.06982421875,6681.626695235345,6983.584847873946
2018-09-08,6225.97998046875,6406.395820480748,6924.329246898338
2018-09-09,6300.85986328125,6551.280021863806,6942.13088559485
2018-09-10,6329.7001953125,6604.7586691984925,6948.70170248684
2018-09-11,6321.2001953125,6584.1219235322005,6946.166105874399
2018-09-12,6351.7998046875,6641.079571179515,6953.164380736266
2018-09-13,6517.31005859375,6965.735910029997,6991.859957863036
2018-09-14,6512.7099609375,6952.72641571386,6987.859466835275
2018-09-15,6543.2001953125,7009.352975519625,7005.27244530554
2018-09-16,6517.18017578125,6953.8223341250105,6988.196467772009
2018-09-17,6281.2001953125,6481.662282830381,6843.004656086577
2018-09-18,6371.2998046875,6656.715651986238,6896.834529536666
2018-09-19,6398.5400390625,6706.977115875094,6912.290206017502
2018-09-20,6519.669921875,6943.537136817675,6983.24224385819
2018-09-21,6734.9501953125,7366.857220848897,7230.614173049349
2018-09-22,6721.97998046875,7337.108447182556,7213.23013716134
2018-09-23,6710.6298828125,7310.582360580033,7197.729315290876
2018-09-24,6595.41015625,7077.943964086771,7061.784409496538
2018-09-25,6446.47021484375,6778.4597289615895,6886.777373922504
2018-09-26,6495.0,6870.923449837046,6940.809605975703
2018-09-27,6676.75,7227.720692954277,7146.62094900368
2018-09-28,6644.1298828125,7159.0132777102035,7078.609184063372
2018-09-29,6601.9599609375,7071.374638999099,6991.857870911297
2018-09-30,6625.56005859375,7114.275251441357,7034.324122317397
2018-10-01,6589.6201171875,7039.010454919216,6959.821368412889
2018-10-02,6556.10009765625,6968.569157700616,6890.093276743263
2018-10-03,6502.58984375,6858.479166416676,6781.117926951892
2018-10-04,6576.68994140625,7001.6512398631885,6918.917415390802
2018-10-05,6622.47998046875,7088.600658176578,7057.243788005285
2018-10-06,6588.31005859375,7016.8501256168865,6943.09706805407
2018-10-07,6602.9501953125,7041.978704789198,6983.073703588691
2018-10-08,6652.22998046875,7135.8375432474,7132.392156932877
2018-10-09,6642.64013671875,7112.846043567,7095.815365351662
2018-10-10,6585.52978515625,6995.56047782939,6909.227724131953
2018-10-11,6256.240234375,6338.1960538304165,5863.437677212401
2018-10-12,6274.580078125,6370.864085251379,5915.4087009934965
2018-10-13,6285.990234375,6389.769911609629,5945.485663348671
2018-10-14,6290.93017578125,6395.82943785146,5955.125662109485
2018-10-15,6596.5400390625,6998.5359284512,6913.961318667628
2018-10-16,6596.10986328125,6993.754052833204,6906.353912875138
2018-10-17,6544.43017578125,6887.272814867961,6736.9546956642325
2018-10-18,6476.7099609375,6748.991502277769,6516.965272594967
2018-10-19,6465.41015625,6722.71127521929,6475.156499735993
2018-10-20,6489.18994140625,6766.049775137426,6544.102993048021
2018-10-21,6482.35009765625,6748.612470356737,6516.362277063098
2018-10-22,6487.16015625,6754.297324789805,6525.406216721595
2018-10-23,6475.740234375,6727.772513896912,6483.208339538855
2018-10-24,6495.83984375,6763.8019151613225,6540.526910278622
2018-10-25,6476.2900390625,6721.1389821943,6472.655165108889
2018-10-26,6474.75,6714.226300761109,6461.657896050154
2018-10-27,6480.3798828125,6721.542541624752,6473.297181044492
2018-10-28,6486.39013671875,6729.610238945473,6486.131945524512
2018-10-29,6332.6298828125,6420.625488799239,5994.573284063756
2018-10-30,6334.27001953125,6420.109103116235,5993.751774733554
2018-10-31,6317.60986328125,6383.2766081349155,5935.1555756567095
2018-11-01,6377.77978515625,6498.915772411329,6119.123984379962
2018-11-02,6388.43994140625,6516.27184215061,6146.735464898735
2018-11-03,6361.259765625,6458.531144315055,6054.876756252362
2018-11-04,6376.1298828125,6484.251305381169,6095.7945295089075
2018-11-05,6419.66015625,6566.835874278583,6227.176936327737
2018-11-06,6461.009765625,6645.067207447533,6351.633853371764
2018-11-07,6530.14013671875,6778.4021079238055,6563.754112294253
2018-11-08,6453.72021484375,6622.865591560256,6316.313674681228
2018-11-09,6385.6201171875,6483.884456574334,6095.210915889268
2018-11-10,6409.22021484375,6526.9138992121925,6163.665735152867
2018-11-11,6411.27001953125,6527.16484986699,6164.0649683444935
2018-11-12,6371.27001953125,6443.970875681185,6031.713068863951
2018-11-13,6359.490234375,6416.800963958109,5988.488911580196
2018-11-14,5738.35009765625,5178.347016455087,4021.554885058895
2018-11-15,5648.02978515625,4929.142047642151,3730.981707323113
2018-11-16,5575.5498046875,4728.313230268848,3496.8151579037735
2018-11-17,5554.330078125,4666.33063440357,3424.543405335284
2018-11-18,5623.5400390625,4849.204001386973,3637.773886335432
2018-11-19,4871.490234375,2808.4572049514168,1250.5697775271192
2018-11-20,4451.8701171875,1668.3760850342378,1250.5697775271192
2018-11-21,4602.169921875,2071.696254646208,1250.5697775271192
2018-11-22,4365.93994140625,1428.3634469178123,1250.5697775271192
2018-11-23,4347.10986328125,1373.8336350901263,1250.5697775271192
2018-11-24,3880.760009765625,0.0,1250.5697775271192
2018-11-25,4009.969970703125,0.0,1250.5697775271192
2018-11-26,3779.1298828125,0.0,1250.5697775271192
2018-11-27,3820.719970703125,0.0,1250.5697775271192
2018-11-28,4257.419921875,0.0,1250.5697775271192
2018-11-29,4278.8466796875,0.0,1250.5697775271192
2018-11-30,4017.2685546875,0.0,1250.5697775271192
2018-12-01,4214.671875,0.0,1250.5697775271192
2018-12-02,4139.8779296875,0.0,1250.5697775271192
2018-12-03,3894.130859375,0.0,1250.5697775271192
2018-12-04,3956.893798828125,0.0,1250.5697775271192
2018-12-05,3753.994873046875,0.0,1250.5697775271192
2018-12-06,3521.101806640625,0.0,1250.5697775271192
2018-12-07,3419.937255859375,0.0,1250.5697775271192
2018-12-08,3476.11474609375,0.0,1250.5697775271192
2018-12-09,3614.234375,0.0,1250.5697775271192
2018-12-10,3502.656005859375,0.0,1250.5697775271192
2018-12-11,3424.588134765625,0.0,1250.5697775271192
2018-12-12,3486.9501953125,0.0,1250.5697775271192
2018-12-13,3313.67724609375,0.0,1250.5697775271192
2018-12-14,3242.48486328125,0.0,1250.5697775271192
2018-12-15,3236.76171875,0.0,1250.5697775271192
2018-12-16,3252.839111328125,0.0,1250.5697775271192
2018-12-17,3545.86474609375,0.0,1250.5697775271192
2018-12-18,3696.05908203125,0.0,1250.5697775271192
2018-12-19,3745.95068359375,0.0,1250.5697775271192
2018-12-20,4134.44140625,0.0,1250.5697775271192
2018-12-21,3896.543701171875,0.0,1250.5697775271192
2018-12-22,4014.1826171875,0.0,1250.5697775271192
2018-12-23,3998.980224609375,0.0,1250.5697775271192
2018-12-24,4078.59912109375,0.0,1250.5697775271192
2018-12-25,3815.49072265625,0.0,1250.5697775271192
2018-12-26,3857.297607421875,0.0,1250.5697775271192
2018-12-27,3654.83349609375,0.0,1250.5697775271192
2018-12-28,3923.918701171875,0.0,1250.5697775271192
2018-12-29,3820.40869140625,0.0,1250.5697775271192
2018-12-30,3865.95263671875,0.0,1250.5697775271192
2018-12-31,3742.700439453125,0.0,1250.5697775271192
2019-01-01,3843.52001953125,0.0,1250.5697775271192
2019-01-02,3943.409423828125,0.0,1250.5697775271192
2019-01-03,3836.7412109375,0.0,1250.5697775271192
2019-01-04,3857.717529296875,0.0,1250.5697775271192
2019-01-05,3845.194580078125,0.0,1250.5697775271192
2019-01-06,4076.632568359375,0.0,1250.5697775271192
2019-01-07,4025.248291015625,0.0,1250.5697775271192
2019-01-08,4030.847900390625,0.0,1250.5697775271192
2019-01-09,4035.29638671875,0.0,1250.5697775271192
2019-01-10,3678.924560546875,0.0,1250.5697775271192
2019-01-11,3687.365478515625,0.0,1250.5697775271192
2019-01-12,3661.301025390625,0.0,1250.5697775271192
2019-01-13,3552.953125,0.0,1250.5697775271192
2019-01-14,3706.05224609375,0.0,1250.5697775271192
2019-01-15,3630.67529296875,0.0,1250.5697775271192
2019-01-16,3655.0068359375,0.0,1250.5697775271192
2019-01-17,3678.56396484375,0.0,1250.5697775271192
2019-01-18,3657.83935546875,0.0,1250.5697775271192
2019-01-19,3728.568359375,0.0,1250.5697775271192
2019-01-20,3601.013671875,0.0,1250.5697775271192
2019-01-21,3576.032470703125,0.0,1250.5697775271192
2019-01-22,3604.5771484375,0.0,1250.5697775271192
2019-01-23,3585.123046875,0.0,1250.5697775271192
2019-01-24,3600.865478515625,0.0,1250.5697775271192
2019-01-25,3599.765869140625,0.0,1250.5697775271192
2019-01-26,3602.46044921875,0.0,1250.5697775271192
2019-01-27,3583.9658203125,0.0,1250.5697775271192
2019-01-28,3470.450439453125,0.0,1250.5697775271192
2019-01-29,3448.116943359375,0.0,1250.5697775271192
2019-01-30,3486.181640625,0.0,1250.5697775271192
2019-01-31,3457.792724609375,0.0,1250.5697775271192
2019-02-01,3487.9453125,0.0,1250.5697775271192
2019-02-02,3521.060791015625,0.0,1250.5697775271192
2019-02-03,3464.013427734375,0.0,1250.5697775271192
2019-02-04,3459.154052734375,0.0,1250.5697775271192
2019-02-05,3466.357421875,0.0,1250.5697775271192
2019-02-06,3413.767822265625,0.0,1250.5697775271192
2019-02-07,3399.4716796875,0.0,1250.5697775271192
2019-02-08,3666.7802734375,0.0,1250.5697775271192
2019-02-09,3671.20361328125,0.0,1250.5697775271192
2019-02-10,3690.188232421875,0.0,1250.5697775271192
2019-02-11,3648.4306640625,0.0,1250.5697775271192
2019-02-12,3653.528564453125,0.0,1250.5697775271192
2019-02-13,3632.070556640625,0.0,1250.5697775271192
2019-02-14,3616.880859375,0.0,1250.5697775271192
2019-02-15,3620.810791015625,0.0,1250.5697775271192
2019-02-16,3629.78759765625,0.0,1250.5697775271192
2019-02-17,3673.836181640625,0.0,1250.5697775271192
2019-02-18,3915.71435546875,0.0,1250.5697775271192
2019-02-19,3947.094482421875,0.0,1250.5697775271192
2019-02-20,3999.820556640625,0.0,1250.5697775271192
2019-02-21,3954.1181640625,0.0,1250.5697775271192
2019-02-22,4005.526611328125,0.0,1250.5697775271192
2019-02-23,4142.52685546875,0.0,1250.5697775271192
2019-02-24,3810.427490234375,0.0,1250.5697775271192
2019-02-25,3882.6962890625,0.0,1250.5697775271192
2019-02-26,3854.35791015625,0.0,1250.5697775271192
2019-02-27,3851.04736328125,0.0,1250.5697775271192
2019-02-28,3854.785400390625,0.0,1250.5697775271192
2019-03-01,3859.583740234375,0.0,1250.5697775271192
2019-03-02,3864.4150390625,0.0,1250.5697775271192
2019-03-03,3847.17578125,0.0,1250.5697775271192
2019-03-04,3761.55712890625,0.0,1250.5697775271192
2019-03-05,3896.375,0.0,1250.5697775271192
2019-03-06,3903.942626953125,0.0,1250.5697775271192
2019-03-07,3911.484375,0.0,1250.5697775271192
2019-03-08,3901.131591796875,0.0,1250.5697775271192
2019-03-09,3963.313720703125,0.0,1250.5697775271192
2019-03-10,3951.599853515625,0.0,1250.5697775271192
2019-03-11,3905.227294921875,0.0,1250.5697775271192
2019-03-12,3909.15625,0.0,1250.5697775271192
2019-03-13,3906.71728515625,0.0,1250.5697775271192
2019-03-14,3924.369140625,0.0,1250.5697775271192
2019-03-15,3960.9111328125,0.0,1250.5697775271192
2019-03-16,4048.725830078125,0.0,1250.5697775271192
2019-03-17,4025.22900390625,0.0,1250.5697775271192
2019-03-18,4032.50732421875,0.0,1250.5697775271192
2019-03-19,4071.190185546875,0.0,1250.5697775271192
2019-03-20,4087.476318359375,0.0,1250.5697775271192
2019-03-21,4029.326904296875,0.0,1250.5697775271192
2019-03-22,4023.96826171875,0.0,1250.5697775271192
2019-03-23,4035.826416015625,0.0,1250.5697775271192
2019-03-24,4022.168212890625,0.0,1250.5697775271192
2019-03-25,3963.070556640625,0.0,1250.5697775271192
2019-03-26,3985.080810546875,0.0,1250.5697775271192
2019-03-27,4087.066162109375,0.0,1250.5697775271192
2019-03-28,4069.107177734375,0.0,1250.5697775271192
2019-03-29,4098.37451171875,0.0,1250.5697775271192
2019-03-30,4106.66015625,0.0,1250.5697775271192
2019-03-31,4105.404296875,0.0,1250.5697775271192
2019-04-01,4158.18310546875,0.0,1250.5697775271192
2019-04-02,4879.8779296875,0.0,1250.5697775271192
2019-04-03,4973.02197265625,0.0,1250.5697775271192
2019-04-04,4922.798828125,0.0,1250.5697775271192
2019-04-05,5036.68115234375,0.0,1250.5697775271192
2019-04-06,5059.8173828125,0.0,1250.5697775271192
2019-04-07,5198.89697265625,0.0,1250.5697775271192
2019-04-08,5289.77099609375,0.0,1250.5697775271192
2019-04-09,5204.95849609375,0.0,1250.5697775271192
2019-04-10,5324.5517578125,0.0,1250.5697775271192
2019-04-11,5064.48779296875,0.0,1250.5697775271192
2019-04-12,5089.5390625,0.0,1250.5697775271192
2019-04-13,5096.58642578125,0.0,1250.5697775271192
2019-04-14,5167.72216796875,0.0,1250.5697775271192
2019-04-15,5067.1083984375,0.0,1250.5697775271192
2019-04-16,5235.5595703125,0.0,1250.5697775271192
2019-04-17,5251.93798828125,0.0,1250.5697775271192
2019-04-18,5298.3857421875,0.0,1250.5697775271192
2019-04-19,5303.8125,0.0,1250.5697775271192
2019-04-20,5337.88623046875,0.0,1250.5697775271192
2019-04-21,5314.53125,0.0,1250.5697775271192
2019-04-22,5399.365234375,0.0,1250.5697775271192
2019-04-23,5572.3623046875,0.0,1250.5697775271192
2019-04-24,5464.86669921875,0.0,1250.5697775271192
2019-04-25,5210.515625,0.0,1250.5697775271192
2019-04-26,5279.34814453125,0.0,1250.5697775271192
2019-04-27,5268.291015625,0.0,1250.5697775271192
2019-04-28,5285.13916015625,0.0,1250.5697775271192
2019-04-29,5247.3525390625,0.0,1250.5697775271192
2019-04-30,5350.7265625,0.0,1250.5697775271192
2019-05-01,5402.697265625,0.0,1250.5697775271192
2019-05-02,5505.28369140625,0.0,1250.5697775271192
2019-05-03,5768.28955078125,0.0,1250.5697775271192
2019-05-04,5831.16748046875,0.0,1250.5697775271192
2019-05-05,5795.70849609375,0.0,1250.5697775271192
2019-05-06,5746.80712890625,0.0,1250.5697775271192
2019-05-07,5829.50146484375,0.0,1250.5697775271192
2019-05-08,5982.45751953125,0.0,1250.5697775271192
2019-05-09,6174.52880859375,0.0,1250.5697775271192
2019-05-10,6378.84912109375,0.0,1250.5697775271192
2019-05-11,7204.771484375,0.0,1250.5697775271192
2019-05-12,6972.37158203125,0.0,1250.5697775271192
2019-05-13,7814.9150390625,0.0,1250.5697775271192
2019-05-14,7994.416015625,0.0,1250.5697775271192
2019-05-15,8205.16796875,0.0,1250.5697775271192
2019-05-16,7884.9091796875,0.0,1250.5697775271192
2019-05-17,7343.8955078125,0.0,1250.5697775271192
2019-05-18,7271.2080078125,0.0,1250.5697775271192
2019-05-19,8197.689453125,0.0,1250.5697775271192
2019-05-20,7978.30908203125,0.0,1250.5697775271192
2019-05-21,7963.32763671875,0.0,1250.5697775271192
2019-05-22,7680.06640625,0.0,1250.5697775271192
2019-05-23,7881.8466796875,0.0,1250.5697775271192
2019-05-24,7987.37158203125,0.0,1250.5697775271192
2019-05-25,8052.5439453125,0.0,1250.5697775271192
2019-05-26,8673.2158203125,0.0,1250.5697775271192
2019-05-27,8805.7783203125,0.0,1250.5697775271192
2019-05-28,8719.9619140625,0.0,1250.5697775271192
2019-05-29,8659.4873046875,0.0,1250.5697775271192
2019-05-30,8319.47265625,0.0,1250.5697775271192
2019-05-31,8574.501953125,0.0,1250.5697775271192
2019-06-01,8564.0166015625,0.0,1250.5697775271192
2019-06-02,8742.9580078125,0.0,1250.5697775271192
2019-06-03,8208.9951171875,0.0,1250.5697775271192
2019-06-04,7707.77099609375,0.0,1250.5697775271192
2019-06-05,7824.2314453125,0.0,1250.5697775271192
2019-06-06,7822.0234375,0.0,1250.5697775271192
2019-06-07,8043.951171875,0.0,1250.5697775271192
2019-06-08,7954.1279296875,0.0,1250.5697775271192
2019-06-09,7688.0771484375,0.0,1250.5697775271192
2019-06-10,8000.32958984375,0.0,1250.5697775271192
2019-06-11,7927.71435546875,0.0,1250.5697775271192
2019-06-12,8145.857421875,0.0,1250.5697775271192
2019-06-13,8230.923828125,0.0,1250.5697775271192
2019-06-14,8693.8330078125,0.0,1250.5697775271192
2019-06-15,8838.375,0.0,1250.5697775271192
2019-06-16,8994.48828125,0.0,1250.5697775271192
2019-06-17,9320.3525390625,0.0,1250.5697775271192
2019-06-18,9081.7626953125,0.0,1250.5697775271192
2019-06-19,9273.521484375,0.0,1250.5697775271192
2019-06-20,9527.16015625,0.0,1250.5697775271192
2019-06-21,10144.556640625,0.0,1250.5697775271192
2019-06-22,10701.69140625,0.0,1250.5697775271192
2019-06-23,10855.37109375,0.0,1250.5697775271192
2019-06-24,11011.1025390625,0.0,1250.5697775271192
2019-06-25,11790.9169921875,0.0,1250.5697775271192
2019-06-26,13016.2314453125,0.0,1250.5697775271192
2019-06-27,11182.806640625,0.0,1250.5697775271192
2019-06-28,12407.33203125,0.0,1250.5697775271192
2019-06-29,11959.37109375,0.0,1250.5697775271192
2019-06-30,10817.1552734375,0.0,1250.5697775271192
2019-07-01,10583.134765625,0.0,1250.5697775271192
2019-07-02,10801.677734375,0.0,1250.5697775271192
2019-07-03,11961.26953125,0.0,1250.5697775271192
2019-07-04,11215.4375,0.0,1250.5697775271192
2019-07-05,10978.4599609375,0.0,1250.5697775271192
2019-07-06,11208.55078125,0.0,1250.5697775271192
2019-07-07,11450.8466796875,0.0,1250.5697775271192
2019-07-08,12285.9580078125,0.0,1250.5697775271192
2019-07-09,12573.8125,0.0,1250.5697775271192
2019-07-10,12156.5126953125,0.0,1250.5697775271192
2019-07-11,11358.662109375,0.0,1250.5697775271192
2019-07-12,11815.986328125,0.0,1250.5697775271192
2019-07-13,11392.37890625,0.0,1250.5697775271192
2019-07-14,10256.05859375,0.0,1250.5697775271192
2019-07-15,10895.08984375,0.0,1250.5697775271192
2019-07-16,9477.6416015625,0.0,1250.5697775271192
2019-07-17,9693.802734375,0.0,1250.5697775271192
2019-07-18,10666.482421875,0.0,1250.5697775271192
2019-07-19,10530.732421875,0.0,1250.5697775271192
2019-07-20,10767.1396484375,0.0,1250.5697775271192
2019-07-21,10599.10546875,0.0,1250.5697775271192
2019-07-22,10343.1064453125,0.0,1250.5697775271192
2019-07-23,9900.767578125,0.0,1250.5697775271192
2019-07-24,9811.92578125,0.0,1250.5697775271192
2019-07-25,9911.841796875,0.0,1250.5697775271192
2019-07-26,9870.3037109375,0.0,1250.5697775271192
2019-07-27,9477.677734375,0.0,1250.5697775271192
2019-07-28,9552.8603515625,0.0,1250.5697775271192
2019-07-29,9519.1455078125,0.0,1250.5697775271192
2019-07-30,9607.423828125,0.0,1250.5697775271192
2019-07-31,10085.6279296875,0.0,1250.5697775271192
2019-08-01,10399.6689453125,0.0,1250.5697775271192
2019-08-02,10518.1748046875,0.0,1250.5697775271192
2019-08-03,10821.7265625,0.0,1250.5697775271192
2019-08-04,10970.1845703125,0.0,1250.5697775271192
2019-08-05,11805.6533203125,0.0,1250.5697775271192
2019-08-06,11478.1689453125,0.0,1250.5697775271192
2019-08-07,11941.96875,0.0,1250.5697775271192
2019-08-08,11966.4072265625,0.0,1250.5697775271192
2019-08-09,11862.9365234375,0.0,1250.5697775271192
2019-08-10,11354.0244140625,0.0,1250.5697775271192
2019-08-11,11523.5791015625,0.0,1250.5697775271192
2019-08-12,11382.6162109375,0.0,1250.5697775271192
2019-08-13,10895.830078125,0.0,1250.5697775271192
2019-08-14,10051.7041015625,0.0,1250.5697775271192
2019-08-15,10311.5458984375,0.0,1250.5697775271192
2019-08-16,10374.3388671875,0.0,1250.5697775271192
2019-08-17,10231.744140625,0.0,1250.5697775271192
2019-08-18,10345.810546875,0.0,1250.5697775271192
2019-08-19,10916.0537109375,0.0,1250.5697775271192
2019-08-20,10763.232421875,0.0,1250.5697775271192
2019-08-21,10138.0498046875,0.0,1250.5697775271192
2019-08-22,10131.0556640625,0.0,1250.5697775271192
2019-08-23,10407.96484375,0.0,1250.5697775271192
2019-08-24,10159.9609375,0.0,1250.5697775271192
2019-08-25,10138.517578125,0.0,1250.5697775271192
2019-08-26,10370.8203125,0.0,1250.5697775271192
2019-08-27,10185.5,0.0,1250.5697775271192
2019-08-28,9754.4228515625,0.0,1250.5697775271192
2019-08-29,9510.2001953125,0.0,1250.5697775271192
2019-08-30,9598.173828125,0.0,1250.5697775271192
2019-08-31,9630.6640625,0.0,1250.5697775271192
2019-09-01,9757.970703125,0.0,1250.5697775271192
2019-09-02,10346.7607421875,0.0,1250.5697775271192
2019-09-03,10623.5400390625,0.0,1250.5697775271192
2019-09-04,10594.4931640625,0.0,1250.5697775271192
2019-09-05,10575.533203125,0.0,1250.5697775271192
2019-09-06,10353.302734375,0.0,1250.5697775271192
2019-09-07,10517.2548828125,0.0,1250.5697775271192
2019-09-08,10441.2763671875,0.0,1250.5697775271192
2019-09-09,10334.974609375,0.0,1250.5697775271192
2019-09-10,10115.9755859375,0.0,1250.5697775271192
2019-09-11,10178.3720703125,0.0,1250.5697775271192
2019-09-12,10410.126953125,0.0,1250.5697775271192
2019-09-13,10360.546875,0.0,1250.5697775271192
2019-09-14,10358.048828125,0.0,1250.5697775271192
2019-09-15,10347.712890625,0.0,1250.5697775271192
2019-09-16,10276.7939453125,0.0,1250.5697775271192
2019-09-17,10241.2724609375,0.0,1250.5697775271192
2019-09-18,10198.248046875,0.0,1250.5697775271192
2019-09-19,10266.4150390625,0.0,1250.5697775271192
2019-09-20,10181.6416015625,0.0,1250.5697775271192
2019-09-21,10019.716796875,0.0,1250.5697775271192
2019-09-22,10070.392578125,0.0,1250.5697775271192
2019-09-23,9729.32421875,0.0,1250.5697775271192
2019-09-24,8620.56640625,0.0,1250.5697775271192
2019-09-25,8486.9931640625,0.0,1250.5697775271192
2019-09-26,8118.9677734375,0.0,1250.5697775271192
2019-09-27,8251.845703125,0.0,1250.5697775271192
2019-09-28,8245.9150390625,0.0,1250.5697775271192
2019-09-29,8104.185546875,0.0,1250.5697775271192
2019-09-30,8293.8681640625,0.0,1250.5697775271192
2019-10-01,8343.2763671875,0.0,1250.5697775271192
2019-10-02,8393.0419921875,0.0,1250.5697775271192
2019-10-03,8259.9921875,0.0,1250.5697775271192
2019-10-04,8205.939453125,0.0,1250.5697775271192
2019-10-05,8151.50048828125,0.0,1250.5697775271192
2019-10-06,7988.15576171875,0.0,1250.5697775271192
2019-10-07,8245.623046875,0.0,1250.5697775271192
2019-10-08,8228.783203125,0.0,1250.5697775271192
2019-10-09,8595.740234375,0.0,1250.5697775271192
2019-10-10,8586.4736328125,0.0,1250.5697775271192
2019-10-11,8321.7568359375,0.0,1250.5697775271192
2019-10-12,8336.5556640625,0.0,1250.5697775271192
2019-10-13,8321.005859375,0.0,1250.5697775271192
2019-10-14,8374.6865234375,0.0,1250.5697775271192
2019-10-15,8205.369140625,0.0,1250.5697775271192
2019-10-16,8047.52685546875,0.0,1250.4275326235143
2019-10-17,8103.9111328125,0.0,1252.3348401022113
2019-10-18,7973.20751953125,0.0,1247.6297505380403
2019-10-19,7988.560546875,0.0,1248.0877770398902
2019-10-20,8222.078125,0.0,1256.2557077265776
2019-10-21,8243.720703125,0.0,1256.93337138924
2019-10-22,8078.203125,0.0,1250.9964525465193
2019-10-23,7514.671875,0.0,1230.9952454892486
2019-10-24,7493.48876953125,0.0,1230.1669259243386
2019-10-25,8660.7001953125,0.0,1271.337411610877
2019-10-26,9244.97265625,0.0,1291.6807360931848
2019-10-27,9551.71484375,0.0,1316.1296054323243
2019-10-28,9256.1484375,0.0,1271.818430789803
2019-10-29,9427.6875,0.0,1296.8760507114514
2019-10-30,9205.7265625,0.0,1263.4993116482035
2019-10-31,9199.5849609375,0.0,1262.1772274276263
2019-11-01,9261.1044921875,0.0,1270.9017136051016
2019-11-02,9324.7177734375,0.0,1279.4542612179407
2019-11-03,9235.3544921875,0.0,1255.5631429346681
2019-11-04,9412.6123046875,0.0,1326.6345697488132
2019-11-05,9342.52734375,0.0,1296.9371865493622
2019-11-06,9360.8798828125,0.0,1303.27054832245
2019-11-07,9267.5615234375,0.0,1264.1161090106204
2019-11-08,8804.880859375,0.0,1074.5251913794725
2019-11-09,8813.58203125,0.0,1076.9930959962512
2019-11-10,9055.5263671875,0.0,1174.4640569490296
2019-11-11,8757.7880859375,0.0,1052.0830447122812
2019-11-12,8815.662109375,0.0,1074.5856890796722
2019-11-13,8808.2626953125,0.0,1070.4942187447953
2019-11-14,8708.0947265625,0.0,1028.617358334333
2019-11-15,8491.9921875,0.0,939.5305138932102
2019-11-16,8550.7607421875,0.0,962.4300056428433
2019-11-17,8577.9755859375,0.0,972.4699221578564
2019-11-18,8309.2861328125,0.0,861.9793901124463
2019-11-19,8206.1455078125,0.0,818.9527044738677
2019-11-20,8027.26806640625,0.0,745.0896635748156
2019-11-21,7642.75,0.0,587.4873760666848
2019-11-22,7296.57763671875,0.0,444.06452159442745
2019-11-23,7397.796875,0.0,444.0140118858101
2019-11-24,7047.9169921875,0.0,439.20741129851524
2019-11-25,7146.1337890625,0.0,440.51932000129653
2019-11-26,7218.37109375,0.0,441.4761740281595
2019-11-27,7531.66357421875,0.0,445.72343453724994
2019-11-28,7463.10595703125,0.0,444.75668372744934
2019-11-29,7761.24365234375,0.0,448.7202954609896
2019-11-30,7569.6298828125,0.0,442.1737188415986
2019-12-01,7424.29248046875,0.0,432.84671364406313
2019-12-02,7321.98828125,0.0,426.2416141172786
2019-12-03,7320.1455078125,0.0,425.98633578499977
2019-12-04,7252.03466796875,0.0,421.54379545673453
2019-12-05,7448.3076171875,0.0,433.8082314492708
2019-12-06,7546.99658203125,0.0,439.90288203673504
2019-12-07,7556.23779296875,0.0,440.17323336274364
2019-12-08,7564.34521484375,0.0,440.8056569916967
2019-12-09,7400.8994140625,0.0,422.8596113664433
2019-12-10,7278.11962890625,0.0,409.3227678947858
2019-12-11,7217.42724609375,0.0,402.5136152992522
2019-12-12,7243.13427734375,0.0,405.0629838494655
2019-12-13,7269.6845703125,0.0,407.70283726114286
2019-12-14,7124.673828125,0.0,391.76277601460697
2019-12-15,7152.3017578125,0.0,394.523180875605
2019-12-16,6932.48046875,0.0,370.48539177612304
2019-12-17,6640.51513671875,0.0,338.4936798966723
2019-12-18,7276.802734375,0.0,435.50471545025937
2019-12-19,7202.84423828125,0.0,423.859290688713
2019-12-20,7218.81640625,0.0,425.97153713724043
2019-12-21,7191.15869140625,0.0,421.4101599127721
2019-12-22,7511.5888671875,0.0,470.08770171246863
2019-12-23,7355.62841796875,0.0,445.88986610682434
2019-12-24,7322.5322265625,0.0,440.49043206311364
2019-12-25,7275.15576171875,0.0,432.90844738596894
2019-12-26,7238.966796875,0.0,427.0396883389365
2019-12-27,7290.08837890625,0.0,434.52613809542834
2019-12-28,7317.990234375,0.0,438.4589440069507
2019-12-29,7422.65283203125,0.0,454.1304970716534
2019-12-30,7292.9951171875,0.0,433.959565717828
2019-12-31,7193.59912109375,0.0,418.42290704733625
2020-01-01,7200.17431640625,0.0,419.0983754565047
2020-01-02,6985.47021484375,0.0,385.9303950134411
2020-01-03,7344.88427734375,0.0,440.5796946804086
2020-01-04,7410.65673828125,0.0,450.30203437139414
2020-01-05,7411.3173828125,0.0,450.0629506737718
2020-01-06,7769.21923828125,0.0,504.46142368990854
2020-01-07,8163.6923828125,0.0,564.4367974093831
2020-01-08,8079.86279296875,0.0,551.2409514127382
2020-01-09,7879.0712890625,0.0,520.1604323227417
2020-01-10,8166.55419921875,0.0,563.7673434483461
2020-01-11,8037.53759765625,0.0,543.6603233403415
2020-01-12,8192.494140625,0.0,566.9909646953214
2020-01-13,8144.1943359375,0.0,559.2278331508691
2020-01-14,8827.7646484375,0.0,663.401420929319
2020-01-15,8807.0107421875,0.0,659.8220883377206
2020-01-16,8723.7861328125,0.0,646.68924375043
2020-01-17,8929.0380859375,0.0,677.6807257400048
2020-01-18,8942.80859375,0.0,679.3770167927382
2020-01-19,8706.2451171875,0.0,642.7858140616898
2020-01-20,8657.642578125,0.0,634.9528018982733
2020-01-21,8745.89453125,0.0,648.052974081449
2020-01-22,8680.8759765625,0.0,637.7074254174157
2020-01-23,8406.515625,0.0,595.3474723683357
2020-01-24,8445.4345703125,0.0,600.9140260909934
2020-01-25,8367.84765625,0.0,588.660023395714
2020-01-26,8596.830078125,0.0,623.2972538277886
2020-01-27,8909.8193359375,0.0,670.7722426965655
2020-01-28,9358.58984375,0.0,738.9996750257963
2020-01-29,9316.6298828125,0.0,732.1526590418082
2020-01-30,9508.9931640625,0.0,761.1456977074014
2020-01-31,9350.529296875,0.0,736.4733072568902
2020-02-01,9392.875,0.0,742.5206329082977
2020-02-02,9344.365234375,0.0,734.6702957541613
2020-02-03,9293.521484375,0.0,726.4652181754245
2020-02-04,9180.962890625,0.0,708.8236131202871
2020-02-05,9613.423828125,0.0,774.54416420899
2020-02-06,9729.8017578125,0.0,791.7532886336985
2020-02-07,9795.943359375,0.0,799.4887585170756
2020-02-08,9865.119140625,0.0,807.593045392712
2020-02-09,10116.673828125,0.0,838.0096721417224
2020-02-10,9856.611328125,0.0,805.8183974628954
2020-02-11,10208.236328125,0.0,848.479389614786
2020-02-12,10326.0546875,0.0,862.5201764884216
2020-02-13,10214.3798828125,0.0,848.352101075745
2020-02-14,10312.1162109375,0.0,857.6188486056737
2020-02-15,9889.4248046875,0.0,815.9413851934075
2020-02-16,9934.43359375,0.0,820.0565165897971
2020-02-17,9690.142578125,0.0,795.7620960948888
2020-02-18,10141.99609375,0.0,848.0919247991003
2020-02-19,9633.38671875,0.0,788.4528328955707
2020-02-20,9608.4755859375,0.0,785.2121847229675
2020-02-21,9686.44140625,0.0,793.9639127422113
2020-02-22,9663.181640625,0.0,790.913894813451
2020-02-23,9924.515625,0.0,820.9216839554801
2020-02-24,9650.1748046875,0.0,794.9714413772474
2020-02-25,9341.705078125,0.0,760.1028329233214
2020-02-26,8820.5224609375,0.0,701.4237148393134
2020-02-27,8784.494140625,0.0,697.0926240600145
2020-02-28,8672.455078125,0.0,684.2506014030184
2020-02-29,8599.5087890625,0.0,675.7901891313056
2020-03-01,8562.4541015625,0.0,671.351586909156
2020-03-02,8869.669921875,0.0,705.4677236399555
2020-03-03,8787.7861328125,0.0,695.9998084804832
2020-03-04,8755.24609375,0.0,692.0604566671826
2020-03-05,9078.7626953125,0.0,727.9955745257779
2020-03-06,9122.5458984375,0.0,732.5935824660766
2020-03-07,8909.9541015625,0.0,708.4796959139721
2020-03-08,8108.1162109375,0.0,618.3856122173079
2020-03-09,7923.64453125,0.0,597.3192269167292
2020-03-10,7909.7294921875,0.0,594.9369658044326
2020-03-11,7911.43017578125,0.0,594.838570698413
2020-03-12,4970.7880859375,0.0,164.1614590165882
2020-03-13,5563.70703125,0.0,164.1614590165882
2020-03-14,5200.3662109375,0.0,164.1614590165882
2020-03-15,5392.31494140625,0.0,164.1614590165882
2020-03-16,5014.47998046875,0.0,164.1614590165882
2020-03-17,5225.62939453125,0.0,164.1614590165882
2020-03-18,5238.4384765625,0.0,164.1614590165882
2020-03-19,6191.19287109375,0.0,164.1614590165882
2020-03-20,6198.7783203125,0.0,164.1614590165882
2020-03-21,6185.06640625,0.0,164.1614590165882
2020-03-22,5830.2548828125,0.0,164.1614590165882
2020-03-23,6416.31494140625,0.0,164.14278662314555
2020-03-24,6734.8037109375,0.0,165.95671415809997
2020-03-25,6681.06298828125,0.0,165.16859897142123
2020-03-26,6716.4404296875,0.0,165.6402732135565
2020-03-27,6469.79833984375,0.0,162.12584295893691
2020-03-28,6242.19384765625,0.0,158.88152880753313
2020-03-29,5922.04296875,0.0,154.3301653458251
2020-03-30,6429.841796875,0.0,161.4400662510713
2020-03-31,6438.64453125,0.0,161.56398281253536
2020-04-01,6606.7763671875,0.0,169.3366842135113
2020-04-02,6793.62451171875,0.0,177.98233629474433
2020-04-03,6733.38720703125,0.0,175.06985878245303
2020-04-04,6867.52734375,0.0,181.24872531177522
2020-04-05,6791.12939453125,0.0,177.5794216947757
2020-04-06,7271.78125,0.0,199.86834948310906
2020-04-07,7176.41455078125,0.0,192.77085759593595
2020-04-08,7334.0986328125,0.0,204.08699419216597
2020-04-09,7302.08935546875,0.0,201.59792036959882
2020-04-10,6865.4931640625,0.0,169.67248683462097
2020-04-11,6859.0830078125,0.0,169.05619325624647
2020-04-12,6971.091796875,0.0,177.05600152816214
2020-04-13,6845.03759765625,0.0,167.73230438364678
2020-04-14,6842.427734375,0.0,167.39296031268867
2020-04-15,6642.10986328125,0.0,152.6687734420576
2020-04-16,7116.80419921875,0.0,187.06170521229768
2020-04-17,7096.1845703125,0.0,185.40606733481053
2020-04-18,7257.6650390625,0.0,197.00017434339577
2020-04-19,7189.4248046875,0.0,191.87666630716473
2020-04-20,6881.95849609375,0.0,169.34896425641392
2020-04-21,6880.3232421875,0.0,169.07972498040058
2020-04-22,7117.20751953125,0.0,186.16479851354944
2020-04-23,7429.724609375,0.0,208.74761524100197
2020-04-24,7550.90087890625,0.0,217.40197445179663
2020-04-25,7569.93603515625,0.0,218.6220734924189
2020-04-26,7679.8671875,0.0,226.45519564072316
2020-04-27,7795.60107421875,0.0,234.70811467245275
2020-04-28,7807.05859375,0.0,235.37153490556005
2020-04-29,8801.0380859375,0.0,307.52133957368085
2020-04-30,8658.5537109375,0.0,296.9622555433775
2020-05-01,8864.7666015625,0.0,311.7769049691557
2020-05-02,8988.5966796875,0.0,320.5930180311225
2020-05-03,8897.46875,0.0,313.76644681533594
2020-05-04,8912.654296875,0.0,314.67705377847244
2020-05-05,9003.0703125,0.0,321.060970665539
2020-05-06,9268.76171875,0.0,340.19565395739033
2020-05-07,9951.5185546875,0.0,389.5970831061263
2020-05-08,9842.666015625,0.0,383.08731650622474
2020-05-09,9593.896484375,0.0,368.43535256361304
2020-05-10,8756.4306640625,0.0,319.5216980190185
2020-05-11,8601.7958984375,0.0,310.3679764891673
2020-05-12,8804.4775390625,0.0,322.01514521656384
2020-05-13,9269.9873046875,0.0,348.9571170275042
2020-05-14,9733.7216796875,0.0,375.7876181387235
2020-05-15,9328.197265625,0.0,352.013381334474
2020-05-16,9377.013671875,0.0,354.69188276244984
2020-05-17,9670.7392578125,0.0,371.6248731851731
2020-05-18,9726.5751953125,0.0,374.7059747157498
2020-05-19,9729.0380859375,0.0,374.6794349542811
2020-05-20,9522.9814453125,0.0,362.51562983932746
2020-05-21,9081.76171875,0.0,336.6673697007059
2020-05-22,9182.5771484375,0.0,342.376864374177
2020-05-23,9209.287109375,0.0,343.771167367979
2020-05-24,8790.3681640625,0.0,319.22644025934096
2020-05-25,8906.9345703125,0.0,325.85783627349326
2020-05-26,8835.052734375,0.0,321.5182562587904
2020-05-27,9181.017578125,0.0,341.501385175049
2020-05-28,9525.7509765625,0.0,361.4067927423822
2020-05-29,9439.1240234375,0.0,356.19813991511273
2020-05-30,9700.4140625,0.0,371.18560127935825
2020-05-31,9461.05859375,0.0,359.90438671900233
2020-06-01,10167.2685546875,0.0,392.6097114874989
2020-06-02,9529.8037109375,0.0,368.74904977636737
2020-06-03,9656.7177734375,0.0,373.3703505601891
2020-06-04,9800.63671875,0.0,378.62370276145504
2020-06-05,9665.533203125,0.0,373.481230834661
2020-06-06,9653.6796875,0.0,372.9316093926304
2020-06-07,9758.8525390625,0.0,376.70525144341633
2020-06-08,9771.4892578125,0.0,376.99457283590965
2020-06-09,9795.7001953125,0.0,377.628713793744
2020-06-10,9870.0947265625,0.0,379.75819976469563
2020-06-11,9321.78125,0.0,363.3291995027042
2020-06-12,9480.84375,0.0,367.98618189805444
2020-06-13,9475.27734375,0.0,367.73550365380794
2020-06-14,9386.7880859375,0.0,365.01362476721295
2020-06-15,9450.7021484375,0.0,366.83443087347223
2020-06-16,9538.0244140625,0.0,369.35227202244914
2020-06-17,9480.2548828125,0.0,367.5453351908474
2020-06-18,9411.8408203125,0.0,365.4216887897662
2020-06-19,9288.0185546875,0.0,361.6473899185924
2020-06-20,9332.3408203125,0.0,362.8852084867403
2020-06-21,9303.6298828125,0.0,361.9461095940096
2020-06-22,9648.7177734375,0.0,372.147146225292
2020-06-23,9629.658203125,0.0,371.49284603904294
2020-06-24,9313.6103515625,0.0,361.9879302795142
2020-06-25,9264.8134765625,0.0,360.45040176024804
2020-06-26,9162.91796875,0.0,357.33087468772123
2020-06-27,9045.390625,0.0,353.74640200615295
2020-06-28,9143.58203125,0.0,356.5917879262216
2020-06-29,9190.8544921875,0.0,357.9188193597916
2020-06-30,9137.9931640625,0.0,356.2612606453585
2020-07-01,9228.3251953125,0.0,358.87159486068117
2020-07-02,9123.41015625,0.0,355.66240663782486
2020-07-03,9087.3037109375,0.0,354.50477679740936
2020-07-04,9132.48828125,0.0,355.77008863706584
2020-07-05,9073.9423828125,0.0,353.94364146440194
2020-07-06,9375.474609375,0.0,362.84869495526766
2020-07-07,9252.27734375,0.0,359.09334744165517
2020-07-08,9428.3330078125,0.0,364.2573783409124
2020-07-09,9277.9677734375,0.0,359.69190367070036
2020-07-10,9278.8076171875,0.0,359.633957587324
2020-07-11,9240.3466796875,0.0,358.40476988209974
2020-07-12,9276.5,0.0,359.3995654977232
2020-07-13,9243.6142578125,0.0,358.29579063858733
2020-07-14,9243.2138671875,0.0,358.17320547699023
2020-07-15,9192.8369140625,0.0,356.12063367201495
2020-07-16,9132.2275390625,0.0,353.6734907488258
2020-07-17,9151.392578125,0.0,354.3077727832517
2020-07-18,9159.0400390625,0.0,354.4970477160963
2020-07-19,9185.8173828125,0.0,355.42499045733297
2020-07-20,9164.2314453125,0.0,354.42379518578497
2020-07-21,9374.8876953125,0.0,365.22590614673425
2020-07-22,9525.36328125,0.0,372.8979458804126
2020-07-23,9581.072265625,0.0,375.6438826550552
2020-07-24,9536.892578125,0.0,373.19906833765907
2020-07-25,9677.11328125,0.0,380.335772608532
2020-07-26,9905.1669921875,0.0,391.9823215812097
2020-07-27,10990.873046875,0.0,436.9865056928918
2020-07-28,10912.8232421875,0.0,433.6052465823017
2020-07-29,11100.4677734375,0.0,441.2686347944862
2020-07-30,11111.2138671875,0.0,441.57683983629545
2020-07-31,11323.466796875,0.0,450.2606097514156
2020-08-01,11759.5927734375,0.0,468.2470901011781
2020-08-02,11053.6142578125,0.0,438.7561759691562
2020-08-03,11246.3486328125,0.0,446.62936910164876
2020-08-04,11205.892578125,0.0,444.8075201268707
2020-08-05,11747.0224609375,0.0,467.1599894411255
2020-08-06,11779.7734375,0.0,468.37477008598194
2020-08-07,11601.47265625,0.0,460.81670543918017
2020-08-08,11754.0458984375,0.0,467.0137540524257
2020-08-09,11675.7392578125,0.0,463.61230015423564
2020-08-10,11878.111328125,0.0,471.87832733214475
2020-08-11,11410.525390625,0.0,452.2948019797527
2020-08-12,11584.9345703125,0.0,459.4018503761497
2020-08-13,11784.1376953125,0.0,467.53729192206333
2020-08-14,11768.87109375,0.0,466.75574294946324
2020-08-15,11865.6982421875,0.0,470.63359854600174
2020-08-16,11892.8037109375,0.0,471.6122414901346
2020-08-17,12254.40234375,0.0,486.49386638027977
2020-08-18,11991.2333984375,0.0,475.40230795045954
2020-08-19,11758.283203125,0.0,465.57008454985305
2020-08-20,11878.3720703125,0.0,470.4149533190293
2020-08-21,11592.4892578125,0.0,458.38397577032543
2020-08-22,11681.8251953125,0.0,461.9526567541403
2020-08-23,11664.84765625,0.0,461.1012682719406
2020-08-24,11774.595703125,0.0,465.517482845875
2020-08-25,11366.134765625,0.0,448.39279904441116
2020-08-26,11488.36328125,0.0,453.3314944168984
2020-08-27,11323.3974609375,0.0,446.33133673220846
2020-08-28,11542.5,0.0,455.29716630931944
2020-08-29,11506.865234375,0.0,453.67202182677715
2020-08-30,11711.505859375,0.0,462.0344486611536
2020-08-31,11680.8203125,0.0,460.6129120404436
2020-09-01,11970.478515625,0.0,472.50695309327216
2020-09-02,11414.0341796875,0.0,449.2288466150557
2020-09-03,10245.296875,0.0,400.46492148669444
2020-09-04,10511.8134765625,0.0,409.22496823277095
2020-09-05,10169.5673828125,0.0,397.70578948860924
2020-09-06,10280.3515625,0.0,400.57166655913863
2020-09-07,10369.5634765625,0.0,402.86279785556565
2020-09-08,10131.5166015625,0.0,396.4475396477972
2020-09-09,10242.34765625,0.0,399.31496743540777
2020-09-10,10363.138671875,0.0,402.44646349056455
2020-09-11,10400.9150390625,0.0,403.36865506818526
2020-09-12,10442.1708984375,0.0,404.35531947785137
2020-09-13,10323.755859375,0.0,401.76858826273644
2020-09-14,10680.837890625,0.0,409.301880862525
2020-09-15,10796.951171875,0.0,411.7047283794004
2020-09-16,10974.9052734375,0.0,415.42289673977217
2020-09-17,10948.990234375,0.0,414.80129750797545
2020-09-18,10944.5859375,0.0,414.63764358330656
2020-09-19,11094.3466796875,0.0,417.75487350179077
2020-09-20,10938.271484375,0.0,414.3625144954014
2020-09-21,10462.259765625,0.0,404.1401669235993
2020-09-22,10538.4599609375,0.0,405.38403496617883
2020-09-23,10246.1865234375,0.0,400.3367413315955
2020-09-24,10760.06640625,0.0,407.2939725448011
2020-09-25,10692.716796875,0.0,406.3326829635232
2020-09-26,10750.7236328125,0.0,407.07903956427936
2020-09-27,10775.26953125,0.0,407.3694168038181
2020-09-28,10709.65234375,0.0,406.431660892075
2020-09-29,10844.640625,0.0,408.2264454579547
2020-09-30,10784.4912109375,0.0,407.3628777855746
2020-10-01,10619.4521484375,0.0,405.0709454589512
2020-10-02,10575.974609375,0.0,404.435371273046
2020-10-03,10549.3291015625,0.0,404.0292292216257
2020-10-04,10669.5830078125,0.0,405.6239849886612
2020-10-05,10793.33984375,0.0,407.26595959897384
2020-10-06,10604.40625,0.0,404.64854451711625
2020-10-07,10668.96875,0.0,405.4845510540668
2020-10-08,10915.685546875,0.0,408.8012586559806
2020-10-09,11064.4580078125,0.0,410.7829434096379
2020-10-10,11296.361328125,0.0,413.896273086409
2020-10-11,11384.181640625,0.0,415.04622581702336
2020-10-12,11555.36328125,0.0,417.33121161233385
2020-10-13,11425.8994140625,0.0,415.5206672626896
2020-10-14,11429.5068359375,0.0,415.5231001365222
2020-10-15,11495.349609375,0.0,416.37317175778963
2020-10-16,11322.123046875,0.0,413.9668191617492
2020-10-17,11358.1015625,0.0,414.4105746569594
2020-10-18,11483.359375,0.0,416.07017860345775
2020-10-19,11742.037109375,0.0,419.5464670822292
2020-10-20,11916.3349609375,0.0,421.8724334212153
2020-10-21,12823.689453125,0.0,434.18201307720113
2020-10-22,12965.8916015625,0.0,436.06641081251917
2020-10-23,12931.5390625,0.0,435.5455297808258
2020-10-24,13108.0625,0.0,437.896947077082
2020-10-25,13031.173828125,0.0,436.79613735611247
2020-10-26,13075.248046875,0.0,437.34317202598373
2020-10-27,13654.21875,0.0,445.1753854592395
2020-10-28,13271.28515625,0.0,439.9039722588972
2020-10-29,13437.8828125,0.0,442.11881050580854
2020-10-30,13546.5224609375,0.0,443.5435723040206
2020-10-31,13780.9951171875,0.0,446.6817518121123
2020-11-01,13737.109375,0.0,446.0276957839842
2020-11-02,13550.4892578125,0.0,443.42975858496
2020-11-03,13950.30078125,0.0,448.81985851384155
2020-11-04,14133.70703125,0.0,451.2608566526247
2020-11-05,15579.8486328125,0.0,470.899723041118
2020-11-06,15565.880859375,0.0,470.64580120431685
2020-11-07,14833.75390625,0.0,460.6105160728619
2020-11-08,15479.5673828125,0.0,469.34594919747605
2020-11-09,15332.3154296875,0.0,467.2770895686285
2020-11-10,15290.90234375,0.0,466.6503707797708
2020-11-11,15701.33984375,0.0,472.1780843468897
2020-11-12,16276.34375,0.0,479.9455359641081
2020-11-13,16317.80859375,0.0,480.4437667422435
2020-11-14,16068.138671875,0.0,476.97653509401897
2020-11-15,15955.587890625,0.0,475.37790424208896
2020-11-16,16716.111328125,0.0,485.67111655418546
2020-11-17,17645.40625,0.0,498.25990972731347
2020-11-18,17804.005859375,0.0,500.34793535621213
2020-11-19,17817.08984375,0.0,500.4533712202962
2020-11-20,18621.314453125,0.0,511.3341906620901
2020-11-21,18642.232421875,0.0,511.54298584422065
2020-11-22,18370.001953125,0.0,507.758976110608
2020-11-23,18364.12109375,0.0,507.60379498799614
2020-11-24,19107.46484375,0.0,517.6531734341013
2020-11-25,18732.12109375,0.0,512.4628460211212
2020-11-26,17150.623046875,0.0,490.8460760991379
2020-11-27,17108.40234375,0.0,490.2009255556776
2020-11-28,17717.4140625,0.0,498.4258169156749
2020-11-29,18177.484375,0.0,504.6196179761252
2020-11-30,19625.8359375,0.0,524.2720563281591
2020-12-01,18802.998046875,0.0,512.9846824509524
2020-12-02,19201.091796875,0.0,518.329917690628
2020-12-03,19445.3984375,0.0,521.5789256086041
2020-12-04,18699.765625,0.0,511.3438323200861
2020-12-05,19154.23046875,0.0,517.4572710443588
2020-12-06,19345.12109375,0.0,519.978937494727
2020-12-07,19191.630859375,0.0,517.8093121315322
2020-12-08,18321.14453125,0.0,505.87473511896644
2020-12-09,18553.916015625,0.0,508.97022930281355
2020-12-10,18264.9921875,0.0,504.95921484023523
2020-12-11,18058.904296875,0.0,502.07761740752346
2020-12-12,18803.65625,0.0,512.1474232631481
2020-12-13,19142.3828125,0.0,516.6840670840354
2020-12-14,19246.64453125,0.0,518.0258851150646
2020-12-15,19417.076171875,0.0,520.2685198464212
2020-12-16,21310.59765625,0.0,545.9791632446329
2020-12-17,22805.162109375,0.0,566.2482212465831
2020-12-18,23137.9609375,0.0,570.6877733490725
2020-12-19,23869.83203125,0.0,580.561380794272
2020-12-20,23477.294921875,0.0,575.117412559909
2020-12-21,22803.08203125,0.0,565.8385883637145
2020-12-22,23783.029296875,0.0,579.0923939119001
2020-12-23,23241.345703125,0.0,571.6173861654479
2020-12-24,23735.94921875,0.0,578.2589561223951
2020-12-25,24664.791015625,0.0,590.8128857387168
2020-12-26,26437.037109375,0.0,614.8502939203055
2020-12-27,26272.294921875,0.0,612.4984289701018
2020-12-28,27084.80859375,0.0,623.4575878473859
2020-12-29,27362.4375,0.0,627.1282264706681
2020-12-30,28840.953125,0.0,647.153961897903
2020-12-31,29001.720703125,0.0,649.2257563757694
2021-01-01,29374.15234375,0.0,654.1797855058252
2021-01-02,32127.267578125,0.0,691.5575091186674
2021-01-03,32782.0234375,0.0,700.3440554781911
2021-01-04,31971.9140625,0.0,689.1762727991716
2021-01-05,33992.4296875,0.0,716.5652777780194
2021-01-06,36824.36328125,0.0,754.9976414595726
2021-01-07,39371.04296875,0.0,789.5332353911617
2021-01-08,40797.609375,0.0,808.8023334282527
2021-01-09,40254.546875,0.0,801.2390017077801
2021-01-10,38356.44140625,0.0,775.2220301307997
2021-01-11,35566.65625,0.0,737.0680245971375
2021-01-12,33922.9609375,0.0,714.535312716298
2021-01-13,37316.359375,0.0,760.6151837128641
2021-01-14,39187.328125,0.0,785.9454968590726
2021-01-15,36825.3671875,0.0,753.6151161501826
2021-01-16,36178.140625,0.0,744.6492921081797
2021-01-17,35791.27734375,0.0,739.2322948265755
2021-01-18,36630.07421875,0.0,750.5105277091096
2021-01-19,36069.8046875,0.0,742.7298678297204
2021-01-20,35547.75,0.0,735.4719890066544
2021-01-21,30825.69921875,0.0,671.0117570310847
2021-01-22,33005.76171875,0.0,700.5784958491497
2021-01-23,32067.642578125,0.0,687.666289222308
2021-01-24,32289.37890625,0.0,690.5552975818337
2021-01-25,32366.392578125,0.0,691.4722584564121
2021-01-26,32569.849609375,0.0,694.111079371384
2021-01-27,30432.546875,0.0,664.8676196674744
2021-01-28,33466.09765625,0.0,706.0605855548872
2021-01-29,34316.38671875,0.0,717.5048471340972
2021-01-30,34269.5234375,0.0,716.7263030585864
2021-01-31,33114.359375,0.0,700.8527513544789
2021-02-01,33537.17578125,0.0,706.4762180288549
2021-02-02,35510.2890625,0.0,733.2131993506889
2021-02-03,37472.08984375,0.0,759.7880383313211
2021-02-04,36926.06640625,0.0,752.1979705401031
2021-02-05,38144.30859375,0.0,768.6396591932803
2021-02-06,39266.01171875,0.0,783.7614941216489
2021-02-07,38903.44140625,0.0,778.6627492518584
2021-02-08,46196.46484375,0.0,877.8356577089005
2021-02-09,46481.10546875,0.0,881.5236824441834
2021-02-10,44918.18359375,0.0,860.0465049261163
2021-02-11,47909.33203125,0.0,900.6027388061025
2021-02-12,47504.8515625,0.0,894.8978446798976
2021-02-13,47105.515625,0.0,889.2646729496851
2021-02-14,48717.2890625,0.0,911.0247017330212
2021-02-15,47945.05859375,0.0,900.3077029788262
2021-02-16,49199.87109375,0.0,917.202446452837
2021-02-17,52149.0078125,0.0,957.168974930189
2021-02-18,51679.796875,0.0,950.5651148176725
2021-02-19,55888.1328125,0.0,1007.6719624777205
2021-02-20,56099.51953125,0.0,1010.3226471762623
2021-02-21,57539.9453125,0.0,1029.7121379704613
2021-02-22,54207.3203125,0.0,984.0861758946928
2021-02-23,48824.42578125,0.0,910.5489004535708
2021-02-24,49705.33203125,0.0,922.3473985106654
2021-02-25,47093.8515625,0.0,886.5755398305196
2021-02-26,46339.76171875,0.0,876.1122541406446
2021-02-27,46188.453125,0.0,873.8620087599847
2021-02-28,45137.76953125,0.0,859.3627786554435
2021-03-01,49631.2421875,0.0,920.3799640920765
2021-03-02,48378.98828125,0.0,903.1212488183619
2021-03-03,50538.2421875,0.0,932.332826973696
2021-03-04,48561.16796875,0.0,905.1982586806553
2021-03-05,48927.3046875,0.0,909.9866055256896
2021-03-06,48912.3828125,0.0,909.5833888209298
2021-03-07,51206.69140625,0.0,940.6322490637572
2021-03-08,52246.5234375,0.0,954.5855997494423
2021-03-09,54824.1171875,0.0,989.4792127361831
2021-03-10,56008.55078125,0.0,1005.3872699223687
2021-03-11,57805.12109375,0.0,1029.549111901948
2021-03-12,57332.08984375,0.0,1024.2059028678964
2021-03-13,61243.0859375,0.0,1066.6330535331474
2021-03-14,59302.31640625,0.0,1045.285975684324
2021-03-15,55907.19921875,0.0,1008.0985220975592
2021-03-16,56804.90234375,0.0,1017.6971816851144
2021-03-17,58870.89453125,0.0,1040.0227037736088
2021-03-18,57858.921875,0.0,1028.7405862556582
2021-03-19,58346.65234375,0.0,1032.8407251199417
2021-03-20,58313.64453125,0.0,1032.4003738449642
2021-03-21,57523.421875,0.0,1025.3595562402759
2021-03-22,54529.14453125,0.0,999.1083204325857
2021-03-23,54738.9453125,0.0,1000.794489117864
2021-03-24,52774.265625,0.0,983.5254186735151
2021-03-25,51704.16015625,0.0,974.0593857140923
2021-03-26,55137.3125,0.0,1003.8505203337361
2021-03-27,55973.51171875,0.0,1010.9953395993987
2021-03-28,55950.74609375,0.0,1010.6504760460032
2021-03-29,57750.19921875,0.0,1026.1393831476846
2021-03-30,58917.69140625,0.0,1034.160044079461
2021-03-31,58918.83203125,0.0,1034.0447023861982
2021-04-01,59095.80859375,0.0,1035.1555512438279
2021-04-02,59384.3125,0.0,1037.0437663297012
2021-04-03,57603.890625,0.0,1024.5037116416631
2021-04-04,58758.5546875,0.0,1032.4352217457795
2021-04-05,59057.87890625,0.0,1034.3584017031737
2021-04-06,58192.359375,0.0,1029.4309659226064
2021-04-07,56048.9375,0.0,1017.3758115756413
2021-04-08,58323.953125,0.0,1029.9738454091494
2021-04-09,58245.00390625,0.0,1029.43576046292
2021-04-10,59793.234375,0.0,1037.9755253378794
2021-04-11,60204.96484375,0.0,1040.1387894855725
2021-04-12,59893.453125,0.0,1038.641126919892
2021-04-13,63503.45703125,0.0,1051.4662382335353
2021-04-14,63109.6953125,0.0,1049.9922967124112
2021-04-15,63314.01171875,0.0,1050.654176153766
2021-04-16,61572.7890625,0.0,1044.369415931967
2021-04-17,60683.8203125,0.0,1041.1294385158842
2021-04-18,56216.18359375,0.0,1025.1130122450716
2021-04-19,55724.265625,0.0,1023.2964181774322
2021-04-20,56473.03125,0.0,1025.9101312939456
2021-04-21,53906.08984375,0.0,1016.6845257349669
2021-04-22,51762.2734375,0.0,1008.8576462020966
2021-04-23,51093.65234375,0.0,1003.3820837557315
2021-04-24,50050.8671875,0.0,994.9135420495053
2021-04-25,49004.25390625,0.0,986.4168668227293
2021-04-26,54021.75390625,0.0,1026.4562369262903
2021-04-27,55033.1171875,0.0,1034.4208367905978
2021-04-28,54824.703125,0.0,1032.6206401406491
2021-04-29,53555.109375,0.0,1022.3278972411655
2021-04-30,57750.17578125,0.0,1055.7278376882396
2021-05-01,57828.05078125,0.0,1056.1154888174872
2021-05-02,56631.078125,0.0,1048.340496487888
2021-05-03,57200.29296875,0.0,1051.8762097673355
2021-05-04,53333.5390625,0.0,1027.0085591952404
2021-05-05,57424.0078125,0.0,1053.0962145909918
2021-05-06,56396.515625,0.0,1046.4071347389638
2021-05-07,57356.40234375,0.0,1052.4079269895828
2021-05-08,58803.77734375,0.0,1059.7334742694575
2021-05-09,58232.31640625,0.0,1056.7159622047552
2021-05-10,55859.796875,0.0,1044.4739880304105
2021-05-11,56704.57421875,0.0,1048.7152240405537
2021-05-12,49150.53515625,0.0,1009.9349391464726
2021-05-13,49716.19140625,0.0,1012.641585388302
2021-05-14,49880.53515625,0.0,1014.0992047200602
2021-05-15,46760.1875,0.0,983.3417341720813
2021-05-16,46456.05859375,0.0,977.8874131665276
2021-05-17,43537.51171875,0.0,927.3558100767957
2021-05-18,42909.40234375,0.0,908.7321531020589
2021-05-19,37002.44140625,0.0,736.7836165673401
2021-05-20,40782.73828125,0.0,846.2641850053118
2021-05-21,37304.69140625,0.0,744.8848061230913
2021-05-22,37536.6328125,0.0,751.2966478306191
2021-05-23,34770.58203125,0.0,670.6263142564549
2021-05-24,38705.98046875,0.0,784.6314410413245
2021-05-25,38402.22265625,0.0,775.4710645296169
2021-05-26,39294.19921875,0.0,801.0448248199775
2021-05-27,38436.96875,0.0,775.8030671189086
2021-05-28,35697.60546875,0.0,695.9000551316124
2021-05-29,34616.06640625,0.0,663.6714615130807
2021-05-30,35678.12890625,0.0,663.6714615130807
2021-05-31,37332.85546875,0.0,663.6714615130807
2021-06-01,36684.92578125,0.0,663.6714615130807
2021-06-02,37575.1796875,0.0,663.6714615130807
2021-06-03,39208.765625,0.0,663.6714615130807
2021-06-04,36894.40625,0.0,663.6714615130807
2021-06-05,35551.95703125,0.0,663.6714615130807
2021-06-06,35862.37890625,0.0,663.6714615130807
2021-06-07,33560.70703125,0.0,663.6714615130807
2021-06-08,33472.6328125,0.0,663.6714615130807
2021-06-09,37345.12109375,0.0,663.6714615130807
2021-06-10,36702.59765625,0.0,663.6714615130807
2021-06-11,37334.3984375,0.0,663.6714615130807
2021-06-12,35552.515625,0.0,663.6714615130807
2021-06-13,39097.859375,0.0,663.6714615130807
2021-06-14,40218.4765625,0.0,663.6714615130807
2021-06-15,40406.26953125,0.0,663.6714615130807
2021-06-16,38347.0625,0.0,663.6714615130807
2021-06-17,38053.50390625,0.0,663.6714615130807
2021-06-18,35787.24609375,0.0,663.6714615130807
2021-06-19,35615.87109375,0.0,663.6714615130807
2021-06-20,35698.296875,0.0,663.6714615130807
2021-06-21,31676.693359375,0.0,663.6714615130807
2021-06-22,32505.66015625,0.0,663.6714615130807
2021-06-23,33723.02734375,0.0,663.6714615130807
2021-06-24,34662.4375,0.0,663.6714615130807
2021-06-25,31637.779296875,0.0,663.6714615130807
2021-06-26,32186.27734375,0.0,663.6714615130807
2021-06-27,34649.64453125,0.0,663.6714615130807
2021-06-28,34434.3359375,0.0,663.6714615130807
2021-06-29,35867.77734375,0.0,663.6714615130807
2021-06-30,35040.8359375,0.0,663.6714615130807
2021-07-01,33572.1171875,0.0,663.6714615130807
2021-07-02,33897.046875,0.0,663.6714615130807
2021-07-03,34668.546875,0.0,663.6714615130807
2021-07-04,35287.78125,0.0,663.6714615130807
2021-07-05,33746.00390625,0.0,663.6714615130807
2021-07-06,34235.1953125,0.0,663.6714615130807
2021-07-07,33855.328125,0.0,663.6714615130807
2021-07-08,32877.37109375,0.0,663.6714615130807
2021-07-09,33798.01171875,0.0,663.6714615130807
2021-07-10,33520.51953125,0.0,663.6714615130807
2021-07-11,34240.1875,0.0,663.6714615130807
2021-07-12,33155.84765625,0.0,663.6714615130807
2021-07-13,32702.025390625,0.0,663.6714615130807
2021-07-14,32822.34765625,0.0,663.6714615130807
2021-07-15,31780.73046875,0.0,663.6714615130807
2021-07-16,31421.5390625,0.0,663.5959728160365
2021-07-17,31533.068359375,0.0,664.0864060958794
2021-07-18,31796.810546875,0.0,665.3078271161721
2021-07-19,30817.83203125,0.0,660.5595089751617
2021-07-20,29807.34765625,0.0,655.5480318270252
2021-07-21,32110.693359375,0.0,683.9959415235604
2021-07-22,32313.10546875,0.0,686.3861405257193
2021-07-23,33581.55078125,0.0,701.9931620264397
2021-07-24,34292.4453125,0.0,710.6824807422473
2021-07-25,35350.1875,0.0,723.6696631433124
2021-07-26,37337.53515625,0.0,748.1789398428858
2021-07-27,39406.94140625,0.0,773.6982534957037
2021-07-28,39995.90625,0.0,780.8541105377722
2021-07-29,40008.421875,0.0,780.8604742725674
2021-07-30,42235.546875,0.0,808.1810606350708
2021-07-31,41626.1953125,0.0,799.3039603817172
2021-08-01,39974.89453125,0.0,775.5595330799894
2021-08-02,39201.9453125,0.0,764.3573684231677
2021-08-03,38152.98046875,0.0,749.2194210517534
2021-08-04,39747.50390625,0.0,771.8118961528018
2021-08-05,40869.5546875,0.0,787.6547584739147
2021-08-06,42816.5,0.0,815.1272020786603
2021-08-07,44555.80078125,0.0,850.8837196786677
2021-08-08,43798.1171875,0.0,834.9144262151942
2021-08-09,46365.40234375,0.0,887.6063566561879
2021-08-10,45585.03125,0.0,864.070748599725
2021-08-11,45593.63671875,0.0,863.9203956494165
2021-08-12,44428.2890625,0.0,828.9843357037648
2021-08-13,47793.3203125,0.0,928.2991653762467
2021-08-14,47096.9453125,0.0,907.239764620462
2021-08-15,47047.00390625,0.0,905.3411539965944
2021-08-16,46004.484375,0.0,873.7214295366734
2021-08-17,44695.359375,0.0,816.6813265812584
2021-08-18,44801.1875,0.0,820.6659571495791
2021-08-19,46717.578125,0.0,902.7142962405226
2021-08-20,49339.17578125,0.0,1014.6851518966928
2021-08-21,48905.4921875,0.0,987.0106879384575
2021-08-22,49321.65234375,0.0,1011.7846241661495
2021-08-23,49546.1484375,0.0,1024.724051632843
2021-08-24,47706.1171875,0.0,910.265813751197
2021-08-25,48960.7890625,0.0,986.8030755857757
2021-08-26,46942.21875,0.0,861.33876428145
2021-08-27,49058.66796875,0.0,991.0669140845832
2021-08-28,48902.40234375,0.0,980.5159685364142
2021-08-29,48829.83203125,0.0,975.1324108063002
2021-08-30,47054.984375,0.0,864.7096492038947
2021-08-31,47166.6875,0.0,870.7310581661112
