date,w5_btc,w5_strategy,w5_lev
2022-09-01,20127.140625,7000.0,1.5
2022-09-02,19969.771484375,7000.0,1.5
2022-09-03,19832.087890625,7000.0,1.5
2022-09-04,19986.712890625,7000.0,1.5
2022-09-05,19812.37109375,7000.0,1.5
2022-09-06,18837.66796875,7000.0,1.5
2022-09-07,19290.32421875,7000.0,1.5
2022-09-08,19329.833984375,7000.0,1.5
2022-09-09,21381.15234375,7000.0,1.5
2022-09-10,21680.5390625,7000.0,1.5
2022-09-11,21769.255859375,7000.0,1.5
2022-09-12,22370.44921875,7000.0,1.5
2022-09-13,20296.70703125,7000.0,1.5
2022-09-14,20241.08984375,7000.0,1.5
2022-09-15,19701.2109375,7000.0,1.5
2022-09-16,19772.583984375,7000.0,1.5
2022-09-17,20127.576171875,7000.0,1.5
2022-09-18,19419.505859375,7000.0,1.5
2022-09-19,19544.12890625,7000.0,1.5
2022-09-20,18890.7890625,7000.0,1.5
2022-09-21,18547.400390625,7000.0,1.5
2022-09-22,19413.55078125,7000.0,1.5
2022-09-23,19297.638671875,7000.0,1.5
2022-09-24,18937.01171875,7000.0,1.5
2022-09-25,18802.09765625,7000.0,1.5
2022-09-26,19222.671875,7000.0,1.5
2022-09-27,19110.546875,7000.0,1.5
2022-09-28,19426.720703125,7000.0,1.5
2022-09-29,19573.05078125,7000.0,1.5
2022-09-30,19431.7890625,7000.0,1.5
2022-10-01,19312.095703125,7000.0,1.5
2022-10-02,19044.107421875,7000.0,1.5
2022-10-03,19623.580078125,7000.0,1.5
2022-10-04,20336.84375,7000.0,1.5
2022-10-05,20160.716796875,7000.0,1.5
2022-10-06,19955.443359375,7000.0,1.5
2022-10-07,19546.849609375,7000.0,1.5
2022-10-08,19416.568359375,7000.0,1.5
2022-10-09,19446.42578125,7000.0,1.5
2022-10-10,19141.484375,7000.0,1.5
2022-10-11,19051.41796875,7000.0,1.5
2022-10-12,19157.4453125,7000.0,1.5
2022-10-13,19382.904296875,7000.0,1.5
2022-10-14,19185.65625,7000.0,1.5
2022-10-15,19067.634765625,7000.0,1.5
2022-10-16,19268.09375,7000.0,1.5
2022-10-17,19550.7578125,7000.0,1.5
2022-10-18,19334.416015625,7000.0,1.5
2022-10-19,19139.53515625,7000.0,1.5
2022-10-20,19053.740234375,7000.0,1.5
2022-10-21,19172.46875,7000.0,1.5
2022-10-22,19208.189453125,7000.0,1.5
2022-10-23,19567.0078125,7000.0,1.5
2022-10-24,19345.572265625,7000.0,1.5
2022-10-25,20095.857421875,7000.0,1.5
2022-10-26,20770.44140625,7000.0,1.5
2022-10-27,20285.8359375,7000.0,1.5
2022-10-28,20595.3515625,7000.0,1.5
2022-10-29,20818.4765625,7000.0,1.5
2022-10-30,20635.603515625,7000.0,1.5
2022-10-31,20495.7734375,7000.0,1.5
2022-11-01,20485.2734375,7000.0,1.5
2022-11-02,20159.50390625,7000.0,1.5
2022-11-03,20209.98828125,7000.0,1.5
2022-11-04,21147.23046875,7000.0,1.5
2022-11-05,21282.69140625,7000.0,1.5
2022-11-06,20926.486328125,7000.0,1.5
2022-11-07,20602.81640625,7000.0,1.5
2022-11-08,18541.271484375,6999.601895734597,1.5
2022-11-09,15880.7802734375,6885.149166649151,1.5
2022-11-10,17586.771484375,6957.584970019936,1.5
2022-11-11,17034.29296875,6895.775011714232,1.5
2022-11-12,16799.185546875,6869.154163272992,1.5
2022-11-13,16353.365234375,6819.190148574715,1.5
2022-11-14,16618.19921875,6847.994935131829,1.5
2022-11-15,16884.61328125,6876.966017084067,1.5
2022-11-16,16669.439453125,6852.559166612264,1.5
2022-11-17,16687.517578125,6854.008212428252,1.5
2022-11-18,16697.77734375,6854.590234533138,1.5
2022-11-19,16711.546875,6855.5608640442915,1.5
2022-11-20,16291.83203125,6808.492744913185,1.5
2022-11-21,15787.2841796875,6752.037477370317,1.5
2022-11-22,16189.76953125,6796.115471673396,1.5
2022-11-23,16610.70703125,6842.224929089856,1.5
2022-11-24,16604.46484375,6840.980776178891,1.5
2022-11-25,16521.841796875,6831.272382907572,1.5
2022-11-26,16464.28125,6824.34413768579,1.5
2022-11-27,16444.626953125,6821.618538153147,1.5
2022-11-28,16217.322265625,6795.881990413116,1.5
2022-11-29,16444.982421875,6820.571735930838,1.5
2022-11-30,17168.56640625,6900.211676892329,1.5
2022-12-01,16967.1328125,6877.318061952282,1.5
2022-12-02,17088.66015625,6890.221343354813,1.5
2022-12-03,16908.236328125,6869.658666277708,1.5
2022-12-04,17130.486328125,6893.7258870596215,1.5
2022-12-05,16974.826171875,6875.906103566116,1.5
2022-12-06,17089.50390625,6888.050062484309,1.5
2022-12-07,16848.126953125,6860.73259498868,1.5
2022-12-08,17233.474609375,6901.9803939663225,1.5
2022-12-09,17133.15234375,6879.326573572481,1.5
2022-12-10,17128.724609375,6877.271672467937,1.5
2022-12-11,17104.193359375,6870.900014597524,1.5
2022-12-12,17206.4375,6891.753767870116,1.5
2022-12-13,17781.318359375,7012.751648633525,1.5
2022-12-14,17815.650390625,7021.351113779045,1.5
2022-12-15,17364.865234375,6751.705003659827,1.5
2022-12-16,16647.484375,6324.538475222781,1.5
2022-12-17,16795.091796875,6408.844619304167,1.5
2022-12-18,16757.9765625,6383.924159414519,1.5
2022-12-19,16439.6796875,6192.787290936668,1.5
2022-12-20,16906.3046875,6465.720338889103,1.5
2022-12-21,16817.53515625,6410.244259124073,1.5
2022-12-22,16830.341796875,6414.831571992257,1.5
2022-12-23,16796.953125,6392.107848827009,1.5
2022-12-24,16847.755859375,6419.160537017046,1.5
2022-12-25,16841.986328125,6412.761021786933,1.5
2022-12-26,16919.8046875,6455.776244698401,1.5
2022-12-27,16717.173828125,6332.9876473191525,1.5
2022-12-28,16552.572265625,6232.716349197388,1.5
2022-12-29,16642.341796875,6282.847954477472,1.5
2022-12-30,16602.5859375,6256.393563940416,1.5
2022-12-31,16547.49609375,6220.8814067819385,1.5
2023-01-01,16625.080078125,6263.810319674928,1.5
2023-01-02,16688.470703125,6298.334940230534,1.5
2023-01-03,16679.857421875,6290.2825745701075,1.5
2023-01-04,16863.23828125,6395.730756962177,1.5
2023-01-05,16836.736328125,6377.072342119259,1.5
2023-01-06,16951.96875,6442.206147559242,1.5
2023-01-07,16955.078125,6441.036988172697,1.5
2023-01-08,17091.14453125,6518.465992257749,1.5
2023-01-09,17196.5546875,6577.748146998898,1.5
2023-01-10,17446.29296875,6722.332438762542,1.5
2023-01-11,17934.896484375,7006.620585852548,1.5
2023-01-12,18869.587890625,7487.407406478566,1.5
2023-01-13,19909.57421875,8021.494069810151,1.5
2023-01-14,20976.298828125,8459.656705675554,1.5
2023-01-15,20880.798828125,8425.951441593752,1.5
2023-01-16,21169.6328125,8519.512473766874,1.5
2023-01-17,21161.51953125,8514.722611728528,1.5
2023-01-18,20688.78125,8356.091594412954,1.5
2023-01-19,21086.79296875,8485.821540374662,1.5
2023-01-20,22676.552734375,9009.360508795417,1.5
2023-01-21,22777.625,9034.330770690758,1.5
2023-01-22,22720.416015625,9017.366200659299,1.5
2023-01-23,22934.431640625,9072.250312090757,1.5
2023-01-24,22636.46875,8991.500465993871,1.5
2023-01-25,23117.859375,9117.215669140305,1.5
2023-01-26,23032.77734375,9092.840819228535,1.5
2023-01-27,23078.728515625,9102.570339393767,1.5
2023-01-28,23031.08984375,9091.007583992932,1.5
2023-01-29,23774.56640625,9247.093379485343,1.5
2023-01-30,22840.138671875,9047.566576537642,1.5
2023-01-31,23139.283203125,9109.505950215469,1.5
2023-02-01,23723.76953125,9231.893186179794,1.5
2023-02-02,23471.87109375,9177.004648850014,1.5
2023-02-03,23449.322265625,9170.733690706076,1.5
2023-02-04,23331.84765625,9143.85383471665,1.5
2023-02-05,22955.666015625,9078.893423814701,1.5
2023-02-06,22760.109375,9044.573199042248,1.5
2023-02-07,23264.291015625,9128.888361023202,1.5
2023-02-08,22939.3984375,9072.626334319762,1.5
2023-02-09,21819.0390625,8881.156700539079,1.5
2023-02-10,21651.18359375,8857.50368626123,1.5
2023-02-11,21870.875,8886.417632421462,1.5
2023-02-12,21788.203125,8874.31533202905,1.5
2023-02-13,21808.1015625,8876.127252489585,1.5
2023-02-14,22220.8046875,8930.910115536664,1.5
2023-02-15,24307.841796875,9156.626203812626,1.5
2023-02-16,23623.474609375,9081.58221417014,1.5
2023-02-17,24565.6015625,9182.765433519873,1.5
2023-02-18,24641.27734375,9188.694107776912,1.5
2023-02-19,24327.642578125,9160.829244340362,1.5
2023-02-20,24829.1484375,9203.725523407646,1.5
2023-02-21,24436.353515625,9168.984784612036,1.5
2023-02-22,24188.84375,9146.8648088697,1.5
2023-02-23,23947.4921875,9125.285802818857,1.5
2023-02-24,23198.126953125,9059.416848460392,1.5
2023-02-25,23175.375,9057.353580391436,1.5
2023-02-26,23561.212890625,9083.662770699726,1.5
2023-02-27,23522.87109375,9080.509396803385,1.5
2023-02-28,23147.353515625,9053.943743669242,1.5
2023-03-01,23646.55078125,9088.125055698581,1.5
2023-03-02,23475.466796875,9075.7524466854,1.5
2023-03-03,22362.6796875,8997.837347009738,1.5
2023-03-04,22353.349609375,8996.946258725497,1.5
2023-03-05,22435.513671875,9001.137919895591,1.5
2023-03-06,22429.7578125,9000.44416898579,1.5
2023-03-07,22219.76953125,8988.405192257605,1.5
2023-03-08,21718.080078125,8959.53514976499,1.5
2023-03-09,20363.021484375,8834.963915360639,1.5
2023-03-10,20187.244140625,8821.670979628589,1.5
2023-03-11,20632.41015625,8853.762332981145,1.5
2023-03-12,22163.94921875,8965.0773484015,1.5
2023-03-13,24197.533203125,9083.584892134733,1.5
2023-03-14,24746.07421875,9115.086856770746,1.5
2023-03-15,24375.9609375,9097.428152456621,1.5
2023-03-16,25052.7890625,9128.74339204049,1.5
2023-03-17,27423.9296875,9239.297466686852,1.5
2023-03-18,26965.87890625,9217.488061571239,1.5
2023-03-19,28038.67578125,9267.287654966027,1.5
2023-03-20,27767.236328125,9254.19802108663,1.5
2023-03-21,28175.81640625,9272.918853682557,1.5
2023-03-22,27307.4375,9231.906555441914,1.5
2023-03-23,28333.97265625,9279.537548290516,1.5
2023-03-24,27493.28515625,9239.818244481803,1.5
2023-03-25,27494.70703125,9239.49885000952,1.5
2023-03-26,27994.330078125,9262.48187443299,1.5
2023-03-27,27139.888671875,9222.124024360832,1.5
2023-03-28,27268.130859375,9227.741375897462,1.5
2023-03-29,28348.44140625,9277.888164948985,1.5
2023-03-30,28033.5625,9262.762383031928,1.5
2023-03-31,28478.484375,9283.179297800465,1.5
2023-04-01,28411.03515625,9279.624756821046,1.5
2023-04-02,28199.30859375,9269.322856522642,1.5
2023-04-03,27790.220703125,9249.792716765052,1.5
2023-04-04,28168.08984375,9267.076779418538,1.5
2023-04-05,28177.984375,9267.144206115978,1.5
2023-04-06,28044.140625,9260.488401537414,1.5
2023-04-07,27925.859375,9254.56238277973,1.5
2023-04-08,27947.794921875,9255.196405709052,1.5
2023-04-09,28333.05078125,9272.823756740821,1.5
2023-04-10,29652.98046875,9334.163340759256,1.5
2023-04-11,30235.05859375,9360.972755174573,1.5
2023-04-12,30139.052734375,9356.0578745687,1.5
2023-04-13,30399.06640625,9367.796496962337,1.5
2023-04-14,30485.69921875,9371.421900573287,1.5
2023-04-15,30318.49609375,9363.173381450137,1.5
2023-04-16,30315.35546875,9362.600929372238,1.5
2023-04-17,29445.044921875,9321.4682513075,1.5
2023-04-18,30397.552734375,9365.60674820529,1.5
2023-04-19,28822.6796875,9291.518307904324,1.5
2023-04-20,28245.98828125,9264.140073796556,1.5
2023-04-21,27276.91015625,9218.416770805296,1.5
2023-04-22,27817.5,9243.318998453471,1.5
2023-04-23,27591.384765625,9232.352425578825,1.5
2023-04-24,27525.33984375,9228.87601945854,1.5
2023-04-25,28307.59765625,9265.078332606292,1.5
2023-04-26,28422.701171875,9270.06475690797,1.5
2023-04-27,29473.787109375,9318.828413150453,1.5
2023-04-28,29340.26171875,9312.169311153462,1.5
2023-04-29,29248.48828125,9307.464953765624,1.5
2023-04-30,29268.806640625,9308.004771113101,1.5
2023-05-01,28091.568359375,9252.530805174076,1.5
2023-05-02,28680.537109375,9279.684432060325,1.5
2023-05-03,29006.30859375,9294.519226528804,1.5
2023-05-04,28847.7109375,9286.693977256607,1.5
2023-05-05,29534.384765625,9318.40696522183,1.5
2023-05-06,28904.623046875,9288.5364757475,1.5
2023-05-07,28454.978515625,9267.099474192686,1.5
2023-05-08,27694.2734375,9230.594509278402,1.5
2023-05-09,27658.775390625,9226.884987767962,1.5
2023-05-10,27621.755859375,9223.047536250326,1.5
2023-05-11,27000.7890625,9169.765164114946,1.5
2023-05-12,26804.990234375,9152.499760774373,1.5
2023-05-13,26784.078125,9150.04790353679,1.5
2023-05-14,26930.638671875,9161.777361148545,1.5
2023-05-15,27192.693359375,9182.495097153274,1.5
2023-05-16,27036.650390625,9159.083495144234,1.5
2023-05-17,27398.802734375,9209.561298931401,1.5
2023-05-18,26832.208984375,9127.605782547867,1.5
2023-05-19,26890.12890625,9134.715789720762,1.5
2023-05-20,27129.5859375,9167.706333876498,1.5
2023-05-21,26753.826171875,9112.97087180591,1.5
2023-05-22,26851.27734375,9124.539246107033,1.5
2023-05-23,27225.7265625,9209.004923516186,1.5
2023-05-24,26334.818359375,9001.736794478686,1.5
2023-05-25,26476.20703125,9032.509822041435,1.5
2023-05-26,26719.291015625,9086.717294874607,1.5
2023-05-27,26868.353515625,9119.232802508024,1.5
2023-05-28,28085.646484375,9398.001435502998,1.5
2023-05-29,27745.884765625,9315.959967361876,1.5
2023-05-30,27702.349609375,9297.382402141902,1.5
2023-05-31,27219.658203125,9121.496933675457,1.5
2023-06-01,26819.97265625,8975.397339871553,1.5
2023-06-02,27249.58984375,9126.409818776769,1.5
2023-06-03,27075.12890625,9060.985957304323,1.5
2023-06-04,27119.06640625,9073.814559045333,1.5
2023-06-05,25760.09765625,8582.27279616173,1.5
2023-06-06,27238.783203125,9317.306815225676,1.5
2023-06-07,26345.998046875,8867.098886117044,1.5
2023-06-08,26508.216796875,8944.208641096044,1.5
2023-06-09,26480.375,8926.321111722365,1.5
2023-06-10,25851.240234375,8607.972598444421,1.5
2023-06-11,25940.16796875,8648.533138365525,1.5
2023-06-12,25902.5,8625.820667716092,1.5
2023-06-13,25918.728515625,8630.045834751907,1.5
2023-06-14,25124.67578125,8229.372291069067,1.5
2023-06-15,25576.39453125,8451.327887432357,1.5
2023-06-16,26327.462890625,8822.800279566394,1.5
2023-06-17,26510.67578125,8910.403553310645,1.5
2023-06-18,26336.212890625,8819.249323275848,1.5
2023-06-19,26851.029296875,9072.553044617138,1.5
2023-06-20,28327.48828125,9804.89491878679,1.5
2023-06-21,30027.296875,10481.010013964498,1.5
2023-06-22,29912.28125,10431.429328109036,1.5
2023-06-23,30695.46875,10739.699554298542,2.0
2023-06-24,30548.6953125,10689.814509755517,2.0
2023-06-25,30480.26171875,10664.997181762397,2.0
2023-06-26,30271.130859375,10595.190450683536,2.0
2023-06-27,30688.1640625,10725.655441710933,2.0
2023-06-28,30086.24609375,10530.212690158345,2.0
2023-06-29,30445.3515625,10642.169729674504,2.0
2023-06-30,30477.251953125,10648.474854071052,2.0
2023-07-01,30590.078125,10675.000990655028,2.0
2023-07-02,30620.76953125,10680.504646288224,2.0
2023-07-03,31156.439453125,10815.202477688943,2.0
2023-07-04,30777.58203125,10715.881383622045,2.0
2023-07-05,30514.166015625,10646.124553020798,2.0
2023-07-06,29909.337890625,10489.039160100232,1.5
2023-07-07,30342.265625,10596.728949629554,2.0
2023-07-08,30292.541015625,10584.687827999356,2.0
2023-07-09,30171.234375,10557.998602240568,2.0
2023-07-10,30414.470703125,10605.93019943703,2.0
2023-07-11,30620.951171875,10646.323796759882,2.0
2023-07-12,30391.646484375,10597.509739374884,2.0
2023-07-13,31476.048828125,10817.594698844767,2.0
2023-07-14,30334.068359375,10581.3037993402,2.0
2023-07-15,30295.806640625,10573.548252121014,2.0
2023-07-16,30249.1328125,10564.417176213694,2.0
2023-07-17,30145.888671875,10546.025503714864,2.0
2023-07-18,29856.5625,10497.169612018273,1.5
2023-07-19,29913.923828125,10505.094959064922,2.0
2023-07-20,29792.015625,10483.663682050586,1.5
2023-07-21,29908.744140625,10501.313054378144,2.0
2023-07-22,29771.802734375,10477.420477383694,1.5
2023-07-23,30084.5390625,10526.672638779102,2.0
2023-07-24,29176.916015625,10406.215494912623,1.5
2023-07-25,29227.390625,10410.587401096522,1.5
2023-07-26,29354.97265625,10423.038142774121,1.5
2023-07-27,29210.689453125,10406.994929467062,1.5
2023-07-28,29319.24609375,10417.452442754227,1.5
2023-07-29,29356.91796875,10420.478218643493,1.5
2023-07-30,29275.30859375,10411.00280776995,1.5
2023-07-31,29230.111328125,10405.039339969819,1.5
2023-08-01,29675.732421875,10441.6628244742,1.5
2023-08-02,29151.958984375,10397.005435576515,1.5
2023-08-03,29178.6796875,10398.512168104768,1.5
2023-08-04,29074.091796875,10389.009908516879,1.5
2023-08-05,29042.126953125,10385.598668655428,1.5
2023-08-06,29041.85546875,10384.845261181657,1.5
2023-08-07,29180.578125,10395.499791762531,1.5
2023-08-08,29765.4921875,10434.1417313676,1.5
2023-08-09,29561.494140625,10419.860834113648,1.5
2023-08-10,29429.591796875,10410.419385328833,1.5
2023-08-11,29397.71484375,10407.68913313211,1.5
2023-08-12,29415.96484375,10408.321456520262,1.5
2023-08-13,29282.9140625,10398.80591288536,1.5
2023-08-14,29408.443359375,10406.63559647512,1.5
2023-08-15,29170.34765625,10389.879310963544,1.5
2023-08-16,28701.779296875,10364.26873193361,1.5
2023-08-17,26664.55078125,10253.916494985197,1.5
2023-08-18,26049.556640625,10192.371476732837,1.5
2023-08-19,26096.205078125,10198.760305095066,1.5
2023-08-20,26189.583984375,10212.835306273018,1.5
2023-08-21,26124.140625,10200.774968830217,1.5
2023-08-22,26031.65625,10184.268855173033,1.5
2023-08-23,26431.640625,10248.792263578509,1.5
2023-08-24,26162.373046875,10203.185160231827,1.5
2023-08-25,26047.66796875,10181.709041322227,1.5
2023-08-26,26008.462890625,10169.236498772732,1.5
2023-08-27,26089.693359375,10188.712683553456,1.5
2023-08-28,26106.150390625,10191.001206306199,1.5
2023-08-29,27727.392578125,10617.417798227521,2.0
2023-08-30,27297.265625,10498.920765688088,1.5
2023-08-31,25931.47265625,10127.58089831098,1.5
2023-09-01,25800.724609375,10088.933300278848,1.5
2023-09-02,25868.798828125,10110.885917426318,1.5
2023-09-03,25969.56640625,10144.727087345587,1.5
2023-09-04,25812.416015625,10084.70980036278,1.5
2023-09-05,25779.982421875,10070.089814205463,1.5
2023-09-06,25753.236328125,10057.542854652032,1.5
2023-09-07,26240.1953125,10231.918377025262,1.5
2023-09-08,25905.654296875,10105.513443296668,1.5
2023-09-09,25895.677734375,10096.572511735238,1.5
2023-09-10,25832.2265625,10060.698051323912,1.5
2023-09-11,25162.654296875,9718.580829694056,1.5
2023-09-12,25833.34375,10102.689400993904,1.5
2023-09-13,26228.32421875,10326.982926292378,1.5
2023-09-14,26539.673828125,10499.952235436807,2.0
2023-09-15,26608.693359375,10548.261536638065,2.0
2023-09-16,26568.28125,10509.967842096932,2.0
2023-09-17,26534.1875,10476.683076962398,1.5
2023-09-18,26754.28125,10644.52953002189,2.0
2023-09-19,27211.1171875,10999.643430527207,2.0
2023-09-20,27132.0078125,10930.587899840042,2.0
2023-09-21,26567.6328125,10477.589951557607,1.5
2023-09-22,26579.568359375,10480.725526005306,1.5
2023-09-23,26579.390625,10474.273763059657,1.5
2023-09-24,26256.826171875,10212.737021819737,1.5
2023-09-25,26298.48046875,10239.461036124305,1.5
2023-09-26,26217.25,10168.943912045812,1.5
2023-09-27,26352.716796875,10269.905454104362,1.5
2023-09-28,27021.546875,10792.852784786124,2.0
2023-09-29,26911.720703125,10699.537931403387,2.0
2023-09-30,26967.916015625,10737.611867652919,2.0
2023-10-01,27983.75,11532.7613801222,2.0
2023-10-02,27530.78515625,11239.8705216067,2.0
2023-10-03,27429.978515625,11164.079516006215,2.0
2023-10-04,27799.39453125,11415.064694338476,2.0
2023-10-05,27415.912109375,11142.787814657499,2.0
2023-10-06,27946.59765625,11505.8412451371,2.0
2023-10-07,27968.83984375,11515.469490215937,2.0
2023-10-08,27935.08984375,11484.242654283344,2.0
2023-10-09,27583.677734375,11283.371225610883,2.0
2023-10-10,27391.01953125,11159.205119201535,2.0
2023-10-11,26873.3203125,10834.219145160894,2.0
2023-10-12,26756.798828125,10757.232630651431,2.0
2023-10-13,26862.375,10817.510577419283,2.0
2023-10-14,26861.70703125,10812.116524373978,2.0
2023-10-15,27159.65234375,10991.247455133454,2.0
2023-10-16,28519.466796875,11824.730872154169,2.0
2023-10-17,28415.748046875,11769.22650426655,2.0
2023-10-18,28328.341796875,11721.801629948583,2.0
2023-10-19,28719.806640625,11911.1203088247,2.0
2023-10-20,29682.94921875,12381.522770319534,2.0
2023-10-21,29918.412109375,12471.121123934698,2.0
2023-10-22,29993.896484375,12497.423052734213,2.0
2023-10-23,33086.234375,13716.82458426915,2.0
2023-10-24,33901.52734375,14035.33087608363,2.0
2023-10-25,34502.8203125,14269.107452565604,2.0
2023-10-26,34156.6484375,14128.108224522659,2.0
2023-10-27,33909.80078125,14026.43093189476,2.0
2023-10-28,34089.57421875,14093.503516594947,2.0
2023-10-29,34538.48046875,14266.991707806077,2.0
2023-10-30,34502.36328125,14248.609017962262,2.0
2023-10-31,34667.78125,14309.93396074283,2.0
2023-11-01,35437.25390625,14610.13148686904,2.0
2023-11-02,34938.2421875,14408.576090052096,2.0
2023-11-03,34732.32421875,14322.992955957841,2.0
2023-11-04,35082.1953125,14457.23833263805,2.0
2023-11-05,35049.35546875,14440.087242278581,2.0
2023-11-06,35037.37109375,14431.187993170894,2.0
2023-11-07,35443.5625,14587.670786314819,2.0
2023-11-08,35655.27734375,14667.193566904189,2.0
2023-11-09,36693.125,15073.411138543985,2.0
2023-11-10,37313.96875,15314.588372963837,2.0
2023-11-11,37138.05078125,15240.587720936985,2.0
2023-11-12,37054.51953125,15203.145148438409,2.0
2023-11-13,36502.35546875,14980.377067015468,2.0
2023-11-14,35537.640625,14594.518477655232,2.0
2023-11-15,37880.58203125,15516.889928460283,2.0
2023-11-16,36154.76953125,14829.868029347308,2.0
2023-11-17,36596.68359375,15000.345845275064,2.0
2023-11-18,36585.703125,14991.659985318263,2.0
2023-11-19,37386.546875,15304.03656741358,2.0
2023-11-20,37476.95703125,15335.355042919466,2.0
2023-11-21,35813.8125,14673.165043508856,2.0
2023-11-22,37432.33984375,15309.011644522596,2.0
2023-11-23,37289.62109375,15248.126607929938,2.0
2023-11-24,37720.28125,15414.019032471104,2.0
2023-11-25,37796.79296875,15439.80133098618,2.0
2023-11-26,37479.12109375,15309.682385966427,2.0
2023-11-27,37254.16796875,15216.269655904947,2.0
2023-11-28,37831.0859375,15440.008489285927,2.0
2023-11-29,37858.4921875,15446.357352477531,2.0
2023-11-30,37712.74609375,15384.224482901549,2.0
2023-12-01,38688.75,15765.739839711361,2.0
2023-12-02,39476.33203125,16072.62207315732,2.0
2023-12-03,39978.390625,16266.49171192531,2.0
2023-12-04,41980.09765625,17053.38438720491,2.0
2023-12-05,44080.6484375,17879.130335470578,2.0
2023-12-06,43746.4453125,17741.72782587687,2.0
2023-12-07,43292.6640625,17557.07409051,2.0
2023-12-08,44166.6015625,17897.56188791452,2.0
2023-12-09,43725.984375,17718.06442641148,2.0
2023-12-10,43779.69921875,17734.11823515787,2.0
2023-12-11,41243.83203125,16726.03490648098,2.0
2023-12-12,41450.22265625,16802.763683543897,2.0
2023-12-13,42890.7421875,17367.542629423464,2.0
2023-12-14,43023.97265625,17415.14249187828,2.0
2023-12-15,41929.7578125,16977.295114346896,2.0
2023-12-16,42240.1171875,17095.060161891455,2.0
2023-12-17,41364.6640625,16743.82193848385,2.0
2023-12-18,42623.5390625,17236.77405856198,2.0
2023-12-19,42270.52734375,17092.106035179808,2.0
2023-12-20,43652.25,17633.53457427144,2.0
2023-12-21,43869.15234375,17714.134706589426,2.0
2023-12-22,43997.90234375,17759.846510659067,2.0
2023-12-23,43739.54296875,17652.4485914045,2.0
2023-12-24,43016.1171875,17361.156358099877,2.0
2023-12-25,43613.140625,17590.437361808406,2.0
2023-12-26,42520.40234375,17240.570683905098,2.0
2023-12-27,43442.85546875,17528.383853783384,2.0
2023-12-28,42627.85546875,17266.405537264352,2.0
2023-12-29,42099.40234375,17095.163699812412,2.0
2023-12-30,42156.90234375,17109.35874715015,2.0
2023-12-31,42265.1875,17139.615990969618,2.0
2024-01-01,44167.33203125,17736.01513671263,2.0
2024-01-02,44957.96875,17932.776805110414,2.0
2024-01-03,42848.17578125,17395.356732858432,2.0
2024-01-04,44179.921875,17729.17765936306,2.0
2024-01-05,44162.69140625,17721.460798504926,2.0
2024-01-06,43989.1953125,17674.19318110413,2.0
2024-01-07,43943.09765625,17659.184293502127,2.0
2024-01-08,46970.50390625,18422.107048237212,2.0
2024-01-09,46139.73046875,18208.264070172816,2.0
2024-01-10,46627.77734375,18328.288042691995,2.0
2024-01-11,46368.5859375,18259.143028107916,2.0
2024-01-12,42853.16796875,17365.84101037417,2.0
2024-01-13,42842.3828125,17359.85628287656,2.0
2024-01-14,41796.26953125,17091.82263975147,2.0
2024-01-15,42511.96875,17269.797128794013,2.0
2024-01-16,43154.9453125,17429.310577471202,2.0
2024-01-17,42742.65234375,17321.67812634652,2.0
2024-01-18,41262.05859375,16943.681616171052,2.0
2024-01-19,41618.40625,17030.741959415107,2.0
2024-01-20,41665.5859375,17039.522378723064,2.0
2024-01-21,41545.78515625,17006.035137528932,2.0
2024-01-22,39507.3671875,16486.939815087986,2.0
2024-01-23,39845.55078125,16569.535968353524,2.0
2024-01-24,40077.07421875,16625.109905917823,2.0
2024-01-25,39933.80859375,16585.804182892796,2.0
2024-01-26,41816.87109375,17059.389012320873,2.0
2024-01-27,42120.0546875,17132.95097010448,2.0
2024-01-28,42035.59375,17108.37400355093,2.0
2024-01-29,43288.24609375,17422.23739633042,2.0
2024-01-30,42952.609375,17333.997123322588,2.0
2024-01-31,42582.60546875,17237.083736756085,2.0
2024-02-01,43075.7734375,17358.674080589815,2.0
2024-02-02,43185.859375,17383.265874618894,2.0
2024-02-03,42992.25,17330.981622129177,2.0
2024-02-04,42583.58203125,17224.279044715775,2.0
2024-02-05,42658.66796875,17240.0494464749,2.0
2024-02-06,43084.671875,17344.634257681864,2.0
2024-02-07,44318.22265625,17652.461145182628,2.0
2024-02-08,45301.56640625,17848.88184984463,2.0
2024-02-09,47147.19921875,18219.84454637871,2.0
2024-02-10,47771.27734375,18342.379381098406,2.0
2024-02-11,48293.91796875,18424.71922095537,2.0
2024-02-12,49958.22265625,18691.970743466816,2.0
2024-02-13,49742.44140625,18654.58800727892,2.0
2024-02-14,51826.6953125,18989.796294585434,2.0
2024-02-15,51938.5546875,19005.3969265365,2.0
2024-02-16,52160.203125,19038.776747945747,2.0
2024-02-17,51662.99609375,18955.699072715015,2.0
2024-02-18,52122.546875,19027.6298665419,2.0
2024-02-19,51779.14453125,18969.468698659723,2.0
2024-02-20,52284.875,19048.87445055238,2.0
2024-02-21,51839.1796875,18974.135049784796,2.0
2024-02-22,51304.97265625,18885.079384682544,2.0
2024-02-23,50731.94921875,18789.761854898792,2.0
2024-02-24,51571.1015625,18923.22920860128,2.0
2024-02-25,51733.23828125,18946.986644975896,2.0
2024-02-26,54522.40234375,19396.285891005846,2.0
2024-02-27,57085.37109375,19808.80838597823,2.0
2024-02-28,62504.7890625,20683.91981702643,2.0
2024-02-29,61198.3828125,20469.257856803524,2.0
2024-03-01,62440.6328125,20667.513834173802,2.0
2024-03-02,62029.84765625,20597.935812213796,2.0
2024-03-03,63167.37109375,20779.18681352665,2.0
2024-03-04,68330.4140625,21612.47264525217,3.0
2024-03-05,63801.19921875,20875.46775753009,2.0
2024-03-06,66106.8046875,21245.84916197174,3.0
2024-03-07,66925.484375,21375.252777586917,3.0
2024-03-08,68300.09375,21594.671123901317,3.0
2024-03-09,68498.8828125,21623.552620921553,3.0
2024-03-10,69019.7890625,21704.603915122025,3.0
2024-03-11,72123.90625,22204.081800240867,3.0
2024-03-12,71481.2890625,22096.478808818967,3.0
2024-03-13,73083.5,22352.544654816546,3.0
2024-03-14,71396.59375,22075.731612164578,3.0
2024-03-15,69403.7734375,21749.44584064168,3.0
2024-03-16,65315.1171875,21083.754448221865,3.0
2024-03-17,68390.625,21578.77801648448,3.0
2024-03-18,67548.59375,21439.053608087514,3.0
2024-03-19,61912.7734375,20522.828745437044,2.0
2024-03-20,67913.671875,21491.89898500846,3.0
2024-03-21,65491.390625,21096.214549062304,3.0
2024-03-22,63778.76171875,20815.603779808902,2.0
2024-03-23,64062.203125,20858.417818297396,2.0
2024-03-24,67234.171875,21369.127908984265,3.0
2024-03-25,69958.8125,21807.221543435997,3.0
2024-03-26,69987.8359375,21808.52223387929,3.0
2024-03-27,69455.34375,21718.862124903462,3.0
2024-03-28,70744.953125,21924.388421318094,3.0
2024-03-29,69892.828125,21782.914488887254,3.0
2024-03-30,69645.3046875,21739.420818450333,3.0
2024-03-31,71333.6484375,22009.528487413434,3.0
2024-04-01,69702.1484375,21741.77571370697,3.0
2024-04-02,65446.97265625,21049.09547446731,3.0
2024-04-03,65980.8125,21132.39022669317,3.0
2024-04-04,68508.84375,21538.696220632904,3.0
2024-04-05,67837.640625,21426.638352945036,3.0
2024-04-06,68896.109375,21594.801035326032,3.0
2024-04-07,69362.5546875,21667.010943726506,3.0
2024-04-08,71631.359375,22029.999981589848,3.0
2024-04-09,69139.015625,21704.22836868919,3.0
2024-04-10,70587.8828125,21889.300126258226,3.0
2024-04-11,70060.609375,21818.225008157504,3.0
2024-04-12,67195.8671875,21444.254901799355,3.0
2024-04-13,63821.47265625,21004.3497190401,3.0
2024-04-14,65738.7265625,21250.327090375176,3.0
2024-04-15,63426.2109375,20948.08878753169,2.0
2024-04-16,63811.86328125,20995.59937167544,2.0
2024-04-17,61276.69140625,20664.581701295283,2.0
2024-04-18,63512.75390625,20951.97284039904,2.0
2024-04-19,63843.5703125,20992.373801371723,2.0
2024-04-20,64994.44140625,21139.033807923533,3.0
2024-04-21,64926.64453125,21127.72035474267,3.0
2024-04-22,66837.6796875,21372.848851427123,3.0
2024-04-23,66407.2734375,21314.472714887794,3.0
2024-04-24,64276.8984375,21035.812243876,3.0
2024-04-25,64481.70703125,21059.853978270072,3.0
2024-04-26,63755.3203125,20963.212984800248,2.0
2024-04-27,63419.140625,20917.167656128862,2.0
2024-04-28,63113.23046875,20875.05806750647,2.0
2024-04-29,63841.12109375,20966.931909279112,2.0
2024-04-30,60636.85546875,20549.204406729426,2.0
2024-05-01,58254.01171875,20238.050601244668,2.0
2024-05-02,59123.43359375,20348.4546247512,2.0
2024-05-03,62889.8359375,20834.248152819477,2.0
2024-05-04,63891.47265625,20961.605780225807,2.0
2024-05-05,64031.1328125,20977.21983611184,2.0
2024-05-06,63161.94921875,20862.091139742068,2.0
2024-05-07,62334.81640625,20752.44565832743,2.0
2024-05-08,61187.94140625,20601.396554069557,2.0
2024-05-09,63049.9609375,20840.31844929899,2.0
2024-05-10,60792.77734375,20545.35525697913,2.0
2024-05-11,60793.7109375,20543.11206973389,2.0
2024-05-12,61448.39453125,20625.589124825645,2.0
2024-05-13,62901.44921875,20811.502626628193,2.0
2024-05-14,61552.7890625,20634.281896255845,2.0
2024-05-15,66267.4921875,21242.87243112301,3.0
2024-05-16,65231.58203125,21106.05046150495,3.0
2024-05-17,67051.875,21339.407706101432,3.0
2024-05-18,66940.8046875,21322.40638251238,3.0
2024-05-19,66278.3671875,21233.957016184628,3.0
2024-05-20,71448.1953125,21900.417810840878,3.0
2024-05-21,70136.53125,21762.210822714085,3.0
2024-05-22,69122.3359375,21654.88411941228,3.0
2024-05-23,67929.5625,21529.07523925214,3.0
2024-05-24,68526.1015625,21588.80686027102,3.0
2024-05-25,69265.9453125,21663.376748908264,3.0
2024-05-26,68518.09375,21583.6897858619,3.0
2024-05-27,69394.5546875,21672.423437137226,3.0
2024-05-28,68296.21875,21556.396706732994,3.0
2024-05-29,67578.09375,21479.821754951736,3.0
2024-05-30,68364.9921875,21559.299437837988,3.0
2024-05-31,67491.4140625,21466.606054800755,3.0
2024-06-01,67706.9375,21486.850274753873,3.0
2024-06-02,67751.6015625,21489.374285741003,3.0
2024-06-03,68804.78125,21596.452746276358,3.0
2024-06-04,70567.765625,21776.35420482094,3.0
2024-06-05,71082.8203125,21817.31565583015,3.0
2024-06-06,70757.1640625,21788.53706849069,3.0
2024-06-07,69342.5859375,21669.453149480556,3.0
2024-06-08,69305.7734375,21664.67411299058,3.0
2024-06-09,69647.9921875,21691.33223776405,3.0
2024-06-10,69512.28125,21678.343121954396,3.0
2024-06-11,67332.03125,21495.786587360635,3.0
2024-06-12,68241.1875,21569.514725147154,3.0
2024-06-13,66756.3984375,21444.670243496443,3.0
2024-06-14,66011.09375,21381.194366872263,3.0
2024-06-15,66191.0,21394.472553999512,3.0
2024-06-16,66639.046875,21429.985417581025,3.0
2024-06-17,66490.296875,21415.989752402376,3.0
2024-06-18,65140.74609375,21302.405295172015,3.0
2024-06-19,64960.296875,21285.81783872914,3.0
2024-06-20,64828.65625,21273.282980106407,3.0
2024-06-21,64096.19921875,21210.92064707129,3.0
2024-06-22,64252.578125,21222.295173759638,3.0
2024-06-23,63180.796875,21131.80417128754,3.0
2024-06-24,60277.4140625,20889.42974320499,2.0
2024-06-25,61804.640625,21014.595225437268,3.0
2024-06-26,60811.27734375,20930.669010427522,2.0
2024-06-27,61604.80078125,20994.96904283118,2.0
2024-06-28,60320.13671875,20886.887781214667,2.0
2024-06-29,60887.37890625,20932.432633016913,2.0
2024-06-30,62678.29296875,21079.452752923014,3.0
2024-07-01,62851.98046875,21092.298116914902,3.0
2024-07-02,62029.015625,21022.47840827265,3.0
2024-07-03,60173.921875,20867.076063367876,2.0
2024-07-04,56977.703125,20598.927007138347,2.0
2024-07-05,56662.375,20553.13368185452,2.0
2024-07-06,58303.5390625,20776.869406717073,2.0
2024-07-07,55849.109375,20436.34995650658,2.0
2024-07-08,56705.09765625,20551.95763838017,2.0
2024-07-09,58009.2265625,20729.263416766225,2.0
2024-07-10,57742.49609375,20690.12200559304,2.0
2024-07-11,57344.9140625,20630.623018034916,2.0
2024-07-12,57899.46484375,20748.544175257484,2.0
2024-07-13,59231.953125,21037.149257661957,3.0
2024-07-14,60787.79296875,21374.681680450292,3.0
2024-07-15,64870.15234375,22266.56304739853,3.0
2024-07-16,65097.1484375,22312.105881914355,3.0
2024-07-17,64118.79296875,22093.116173648625,3.0
2024-07-18,63974.06640625,22057.132967600686,3.0
2024-07-19,66710.15625,22653.36208533804,3.0
2024-07-20,67163.6484375,22748.48891323025,3.0
2024-07-21,68154.5234375,22961.51595808039,3.0
2024-07-22,67585.25,22832.09904027076,3.0
2024-07-23,65927.671875,22463.888265269445,3.0
2024-07-24,65372.1328125,22337.6320429789,3.0
2024-07-25,65777.2265625,22422.2258218071,3.0
2024-07-26,67912.0625,22886.389428759492,3.0
2024-07-27,67813.3359375,22860.251236726283,3.0
2024-07-28,68255.8671875,22952.900007337685,3.0
2024-07-29,66819.9140625,22633.281261891167,3.0
2024-07-30,66201.015625,22493.061897792308,3.0
2024-07-31,64619.25,22141.579536290483,3.0
2024-08-01,65357.5,22299.33491835252,3.0
2024-08-02,61415.06640625,21429.85326698148,3.0
2024-08-03,60680.09375,21264.517047275935,3.0
2024-08-04,58116.9765625,20694.523293365542,2.0
2024-08-05,53991.45703125,19279.10539005696,2.0
2024-08-06,56034.31640625,20364.601514930593,2.0
2024-08-07,55027.4609375,19816.31403796784,2.0
2024-08-08,61710.13671875,23386.771881848268,3.0
2024-08-09,60880.11328125,22932.284983120408,3.0
2024-08-10,60945.8125,22957.688767696818,3.0
2024-08-11,58719.484375,21755.451117997905,3.0
2024-08-12,59354.515625,22086.14164204553,3.0
2024-08-13,60609.56640625,22748.818246442228,3.0
2024-08-14,58737.26953125,21736.25702759705,3.0
2024-08-15,57560.09765625,21088.403827890594,3.0
2024-08-16,58894.10546875,22155.365624709855,3.0
2024-08-17,59478.97265625,22614.967703543625,3.0
2024-08-18,58483.96484375,21794.240752802438,3.0
2024-08-19,59493.453125,22598.01682496626,3.0
2024-08-20,59012.79296875,22194.066848539085,3.0
2024-08-21,61175.19140625,23931.927715092694,3.0
2024-08-22,60381.9140625,23274.25230115781,3.0
2024-08-23,64094.35546875,26267.793893383634,3.0
2024-08-24,64178.9921875,26320.790237702407,3.0
2024-08-25,64333.54296875,26430.417989978614,3.0
2024-08-26,62880.66015625,25237.49037641305,3.0
2024-08-27,59504.1328125,22486.1697253455,3.0
2024-08-28,59027.625,22085.581833178076,3.0
2024-08-29,59388.1796875,22363.38902432484,3.0
2024-08-30,59119.4765625,22131.215320527623,3.0
2024-08-31,58969.8984375,21995.63500656572,3.0
2024-09-01,57325.48828125,20648.815331313723,2.0
2024-09-02,59112.48046875,22082.89145818363,3.0
2024-09-03,57431.0234375,20706.01769849493,2.0
2024-09-04,57971.5390625,21130.037081737773,3.0
2024-09-05,56160.48828125,19648.4297877702,2.0
2024-09-06,53948.75390625,17842.585387720927,2.0
2024-09-07,54139.6875,17984.18209991787,2.0
2024-09-08,54841.56640625,18539.75592959382,2.0
2024-09-09,57019.53515625,20291.247858223494,2.0
2024-09-10,57648.7109375,20787.209417010316,2.0
2024-09-11,57343.171875,20525.610203372464,2.0
2024-09-12,58127.01171875,21146.81873476983,3.0
2024-09-13,60571.30078125,23113.313481669058,3.0
2024-09-14,60005.12109375,22639.80417046472,3.0
2024-09-15,59182.8359375,21958.90798810045,3.0
2024-09-16,58192.5078125,21142.045040168905,3.0
2024-09-17,60308.5390625,22842.53362610343,3.0
2024-09-18,61649.6796875,23914.60687806185,3.0
2024-09-19,62940.45703125,24945.544194523252,3.0
2024-09-20,63192.9765625,25129.73594837781,3.0
2024-09-21,63394.83984375,25248.300155026274,3.0
2024-09-22,63648.7109375,25400.539008339976,3.0
2024-09-23,63329.80078125,25181.424669159405,3.0
2024-09-24,64301.96875,25799.310068517487,3.0
2024-09-25,63143.14453125,25035.596761834997,3.0
2024-09-26,65181.01953125,26344.360005418013,3.0
2024-09-27,65790.6640625,26722.61436073893,3.0
2024-09-28,65887.6484375,26762.67149764524,3.0
2024-09-29,65635.3046875,26621.55277531002,3.0
2024-09-30,63329.5,25415.553182771626,3.0
2024-10-01,60837.0078125,24113.096723256673,3.0
2024-10-02,60632.78515625,23997.7195009857,3.0
2024-10-03,60759.40234375,24053.946846687817,3.0
2024-10-04,62067.4765625,24722.855399305336,3.0
2024-10-05,62089.94921875,24724.850354220183,3.0
2024-10-06,62818.953125,25093.247300680297,3.0
2024-10-07,62236.66015625,24781.495237593423,3.0
2024-10-08,62131.96875,24717.516871430686,3.0
2024-10-09,60582.1015625,23904.0899460798,3.0
2024-10-10,60274.5,23735.14032972052,3.0
2024-10-11,62445.08984375,24851.422974424735,3.0
2024-10-12,63193.0234375,25226.30338519644,3.0
2024-10-13,62851.375,25076.693325096116,3.0
2024-10-14,66046.125,26394.300307896207,3.0
2024-10-15,67041.109375,26798.87480778517,3.0
2024-10-16,67612.71875,27027.676386666888,3.0
2024-10-17,67399.8359375,26930.93811764685,3.0
2024-10-18,68418.7890625,27342.44879253481,3.0
2024-10-19,68362.734375,27317.029544434532,3.0
2024-10-20,69001.703125,27522.29592015676,3.0
2024-10-21,67367.8515625,26973.143831030477,3.0
2024-10-22,67361.40625,26964.294734297127,3.0
2024-10-23,66432.1953125,26646.9724663689,3.0
2024-10-24,68161.0546875,27100.729362272927,3.0
2024-10-25,66642.4140625,26692.06571603629,3.0
2024-10-26,67014.6953125,26785.604486791686,3.0
2024-10-27,67929.296875,27021.30736942466,3.0
2024-10-28,69907.7578125,27435.75181514116,3.0
2024-10-29,72720.4921875,27910.166310717235,3.0
2024-10-30,72339.5390625,27841.720965187647,3.0
2024-10-31,70215.1875,27477.032205837553,3.0
2024-11-01,69482.46875,27348.937645492926,3.0
2024-11-02,69289.2734375,27312.563879165857,3.0
2024-11-03,68741.1171875,27214.71150171556,3.0
2024-11-04,67811.5078125,27085.52924564229,3.0
2024-11-05,69359.5625,27293.216600159165,3.0
2024-11-06,75639.078125,28144.070036447254,3.0
2024-11-07,75904.859375,28177.11647022698,3.0
2024-11-08,76545.4765625,28261.109986596955,3.0
2024-11-09,76778.8671875,28289.716025251768,3.0
2024-11-10,80474.1875,28788.952461106335,3.0
2024-11-11,88701.484375,29904.14802013081,3.0
2024-11-12,87955.8125,29799.157254989535,3.0
2024-11-13,90584.1640625,30152.88621386176,3.0
2024-11-14,87250.4296875,29695.97858916391,3.0
2024-11-15,91066.0078125,30211.13654503575,3.0
2024-11-16,90558.4765625,30138.423885620334,3.0
2024-11-17,89845.8515625,30037.849994554115,3.0
2024-11-18,90542.640625,30128.911181841468,3.0
2024-11-19,92343.7890625,30370.078593930826,3.0
2024-11-20,94339.4921875,30637.62170585499,3.0
2024-11-21,98504.7265625,31200.025268868703,3.0
2024-11-22,98997.6640625,31263.02013993359,3.0
2024-11-23,97777.28125,31093.073667561282,3.0
2024-11-24,98013.8203125,31121.241546052395,3.0
2024-11-25,93102.296875,30449.534689171935,3.0
2024-11-26,91985.3203125,30293.88652493705,3.0
2024-11-27,95962.53125,30830.824855155166,3.0
2024-11-28,95652.46875,30784.757774214195,3.0
2024-11-29,97461.5234375,31026.791556765987,3.0
2024-11-30,96449.0546875,30885.173104353926,3.0
2024-12-01,97279.7890625,30994.174405253496,3.0
2024-12-02,95865.3046875,30797.91043689854,3.0
2024-12-03,96002.1640625,30812.605134975132,3.0
2024-12-04,98768.53125,31184.76868007253,3.0
2024-12-05,96593.5703125,30885.05925747506,3.0
2024-12-06,99920.7109375,31333.434297887674,3.0
2024-12-07,99923.3359375,31329.71475196146,3.0
2024-12-08,101236.015625,31504.09346814225,3.0
2024-12-09,97432.71875,30982.915542138973,3.0
2024-12-10,96675.4296875,30875.989248849706,3.0
2024-12-11,101173.03125,31483.481928509264,3.0
2024-12-12,100043.0,31325.729757950827,3.0
2024-12-13,101459.2578125,31514.184756451763,3.0
2024-12-14,101372.96875,31498.314818517327,3.0
2024-12-15,104298.6953125,31891.923727301757,3.0
2024-12-16,106029.71875,32122.996638682067,3.0
2024-12-17,106140.6015625,32133.74522205731,3.0
2024-12-18,100041.5390625,31300.264118147166,3.0
2024-12-19,97490.953125,30949.43756497155,3.0
2024-12-20,97755.9296875,30981.483125352628,3.0
2024-12-21,97224.7265625,30905.279414079807,3.0
2024-12-22,95104.9375,30613.133439435784,3.0
2024-12-23,94686.2421875,30552.333010057602,3.0
2024-12-24,98676.09375,31090.87961089082,3.0
2024-12-25,99299.1953125,31171.56294081766,3.0
2024-12-26,95795.515625,30691.196171328316,3.0
2024-12-27,94164.859375,30465.60477796695,3.0
2024-12-28,95163.9296875,30597.584078407584,3.0
2024-12-29,93530.2265625,30371.60423712933,3.0
2024-12-30,92643.2109375,30247.20117846396,3.0
2024-12-31,93429.203125,30350.275165556734,3.0
2025-01-01,94419.7578125,30481.12680209867,3.0
2025-01-02,96886.875,30812.67268067682,3.0
2025-01-03,98107.4296875,30974.651130586735,3.0
2025-01-04,98236.2265625,30988.158283053377,3.0
2025-01-05,98314.9609375,30994.854320448103,3.0
2025-01-06,102078.0859375,31502.430023446814,3.0
2025-01-07,96922.703125,30797.40534074845,3.0
2025-01-08,95043.5234375,30537.98187724632,3.0
2025-01-09,92484.0390625,30186.149506868096,3.0
2025-01-10,94701.453125,30483.827895617804,3.0
2025-01-11,94566.59375,30461.630650147174,3.0
2025-01-12,94488.4375,30447.147541971768,3.0
2025-01-13,94516.5234375,30447.110958523648,3.0
2025-01-14,96534.046875,30717.531842754604,3.0
2025-01-15,100504.4921875,31253.36483289762,3.0
2025-01-16,99756.90625,31147.632335676433,3.0
2025-01-17,104462.0390625,31783.21261071741,3.0
2025-01-18,104408.0703125,31771.61402856904,3.0
2025-01-19,101089.609375,31316.218820210845,3.0
2025-01-20,102016.6640625,31438.12528741108,3.0
2025-01-21,106146.265625,31993.928002770044,3.0
2025-01-22,103653.0703125,31719.3091988419,3.0
2025-01-23,103960.171875,31749.325956557055,3.0
2025-01-24,104819.484375,31839.38995055929,3.0
2025-01-25,104714.6484375,31824.567214292063,3.0
2025-01-26,102682.5,31600.137588513717,3.0
2025-01-27,102087.6875,31532.095813215827,3.0
2025-01-28,101332.4765625,31446.628866077423,3.0
2025-01-29,103703.2109375,31701.15757275671,3.0
2025-01-30,104735.3046875,31810.021265772346,3.0
2025-01-31,102405.0234375,31553.166690286656,3.0
2025-02-01,100655.90625,31359.594306548446,3.0
2025-02-02,97688.9765625,31033.63237309955,3.0
2025-02-03,101405.421875,31434.636584662672,3.0
2025-02-04,97871.8203125,31047.0201898899,3.0
2025-02-05,96615.4453125,30907.18532436509,3.0
2025-02-06,96593.296875,30901.62325691231,3.0
2025-02-07,96529.0859375,30891.48728640614,3.0
2025-02-08,96482.453125,30883.265170162373,3.0
2025-02-09,96500.09375,30882.034814996536,3.0
2025-02-10,97437.5546875,30980.841538503126,3.0
2025-02-11,95747.4296875,30793.84714059325,3.0
2025-02-12,97885.859375,31023.293175215094,3.0
2025-02-13,96623.8671875,30882.846938413582,3.0
2025-02-14,97508.96875,30975.95513068938,3.0
2025-02-15,97580.3515625,30980.536156288163,3.0
2025-02-16,96175.03125,30824.51183558851,3.0
2025-02-17,95773.3828125,30777.690548296538,3.0
2025-02-18,95539.546875,30749.1332917726,3.0
2025-02-19,96635.609375,30865.22052538561,3.0
2025-02-20,98333.9375,31046.773084684413,3.0
2025-02-21,96125.546875,30803.383990478404,3.0
2025-02-22,96577.7578125,30849.428204684642,3.0
2025-02-23,96273.921875,30813.231648077744,3.0
2025-02-24,91418.171875,30278.544348678457,3.0
2025-02-25,88736.171875,29774.5981937342,3.0
2025-02-26,84347.0234375,28447.641699923963,3.0
2025-02-27,84704.2265625,28547.376232086142,3.0
2025-02-28,84373.0078125,28440.2053746361,3.0
2025-03-01,86031.9140625,28931.103898765086,3.0
2025-03-02,94248.3515625,31392.413868317304,3.0
2025-03-03,86065.671875,28924.990907287272,3.0
2025-03-04,87222.1953125,29257.01910763056,3.0
2025-03-05,90623.5625,30859.25879833647,3.0
2025-03-06,89961.7265625,30353.07578795031,3.0
2025-03-07,86742.671875,27968.428902508065,3.0
2025-03-08,86154.59375,27517.286161168886,3.0
2025-03-09,80601.0390625,23418.484687694112,3.0
2025-03-10,78532.0,21880.73746907442,3.0
2025-03-11,82862.2109375,25044.527833418997,3.0
2025-03-12,83722.359375,25658.151335525265,3.0
2025-03-13,81066.703125,23688.769382322644,3.0
2025-03-14,83969.1015625,25803.086966561492,3.0
2025-03-15,84343.109375,26059.332929281332,3.0
2025-03-16,82579.6875,24745.276326722145,3.0
2025-03-17,84075.6875,25826.07778817919,3.0
2025-03-18,82718.5,24810.51212604572,3.0
2025-03-19,86854.2265625,27820.672164168507,3.0
2025-03-20,84167.1953125,25213.401374672456,3.0
2025-03-21,84043.2421875,25070.010497910924,3.0
2025-03-22,83832.484375,24843.23650515448,3.0
2025-03-23,86054.375,26954.28604020716,3.0
2025-03-24,87498.9140625,28317.663926219062,3.0
2025-03-25,87471.703125,28266.2809808519,3.0
2025-03-26,86900.8828125,27692.500044293156,3.0
2025-03-27,87177.1015625,27932.88394516541,3.0
2025-03-28,84353.1484375,25193.938819428193,3.0
2025-03-29,82597.5859375,23482.526024057282,3.0
2025-03-30,82334.5234375,23205.90439878555,3.0
2025-03-31,82548.9140625,23388.188656177084,3.0
2025-04-01,85169.171875,25882.43719021435,3.0
2025-04-02,82485.7109375,23279.083397304694,3.0
2025-04-03,83102.828125,23848.34222822253,3.0
2025-04-04,83843.8046875,24536.451319831325,3.0
2025-04-05,83504.796875,24186.48724558844,3.0
2025-04-06,78214.484375,19078.442369866294,2.0
2025-04-07,79235.3359375,20036.919634804588,2.0
2025-04-08,76271.953125,17166.27357607024,2.0
2025-04-09,82573.953125,23200.4677665259,3.0
2025-04-10,79626.140625,20343.82189166514,2.0
2025-04-11,83404.8359375,23952.165842239338,3.0
2025-04-12,85287.109375,25736.968318634936,3.0
2025-04-13,83684.9765625,24172.73133055728,3.0
2025-04-14,84542.390625,24972.56838327628,3.0
2025-04-15,83668.9921875,24108.85618067893,3.0
2025-04-16,84033.8671875,24435.370314624426,3.0
2025-04-17,84895.75,25239.401198496616,3.0
2025-04-18,84450.8046875,24787.32836151783,3.0
2025-04-19,85063.4140625,25351.68850406682,3.0
2025-04-20,85174.3046875,25433.722817946742,3.0
2025-04-21,87518.90625,27662.309977606077,3.0
2025-04-22,93441.890625,33329.028631982466,3.0
2025-04-23,93699.109375,33549.267301255655,3.0
2025-04-24,93943.796875,33757.3893251291,3.0
2025-04-25,94720.5,34476.70508856583,3.0
2025-04-26,94646.9296875,34378.68842317119,3.0
2025-04-27,93754.84375,33494.10363097116,3.0
2025-04-28,94978.75,34643.23380923436,3.0
2025-04-29,94284.7890625,33948.95044012912,3.0
2025-04-30,94207.3125,33847.305540888665,3.0
2025-05-01,96492.3359375,36016.033442278276,3.0
2025-05-02,96910.0703125,36389.647106345365,3.0
2025-05-03,95891.796875,35383.14411408683,3.0
2025-05-04,94315.9765625,33841.13507172625,3.0
2025-05-05,94748.0546875,34229.16063579701,3.0
2025-05-06,96802.4765625,36176.125669148554,3.0
2025-05-07,97032.3203125,36369.08796043169,3.0
2025-05-08,103241.4609375,42308.05778664056,3.0
2025-05-09,102970.8515625,42018.23026935378,3.0
2025-05-10,104696.328125,43646.709202972255,3.0
2025-05-11,104106.359375,43049.559392337374,3.0
2025-05-12,102812.953125,41776.579867987006,3.0
2025-05-13,104169.8125,43050.865098920985,3.0
2025-05-14,103539.4140625,42415.014403883455,3.0
2025-05-15,103744.640625,42582.37687183245,3.0
2025-05-16,103489.2890625,42307.06692511675,3.0
2025-05-17,103191.0859375,41990.650484824044,3.0
2025-05-18,106446.0078125,45078.622578542185,3.0
2025-05-19,105606.1796875,44408.40819634511,3.0
2025-05-20,106791.0859375,45286.78258121632,3.0
2025-05-21,109678.078125,47042.67879265605,3.0
2025-05-22,111673.28125,48249.5591266431,3.0
2025-05-23,107287.796875,45531.71398885931,3.0
2025-05-24,107791.15625,45821.49677526155,3.0
2025-05-25,109035.390625,46560.14391196809,3.0
2025-05-26,109440.3671875,46743.30486819528,3.0
2025-05-27,108994.640625,46502.47062257075,3.0
2025-05-28,107802.328125,46020.27367037154,3.0
2025-05-29,105641.7578125,45157.08851628796,3.0
2025-05-30,103998.5703125,44497.8126139237,3.0
2025-05-31,104638.09375,44737.259505361646,3.0
2025-06-01,105652.1015625,45119.87674650777,3.0
2025-06-02,105881.53125,45182.13997053184,3.0
2025-06-03,105432.46875,45030.72513167237,3.0
2025-06-04,104731.984375,44800.18027914598,3.0
2025-06-05,101575.953125,43796.45283287144,3.0
2025-06-06,104390.34375,44673.10236709493,3.0
2025-06-07,105615.625,45049.07729637435,3.0
2025-06-08,105793.6484375,45091.823771298405,3.0
2025-06-09,110294.1015625,46214.79645484835,3.0
2025-06-10,110257.234375,46198.47323326912,3.0
2025-06-11,108686.625,45939.91215295582,3.0
2025-06-12,105929.0546875,45490.05549916215,3.0
2025-06-13,106090.96875,45511.03544799324,3.0
2025-06-14,105472.40625,45406.17273898695,3.0
2025-06-15,105552.0234375,45412.20389871381,3.0
2025-06-16,106796.7578125,45567.289473836485,3.0
2025-06-17,104601.1171875,45337.42303565448,3.0
2025-06-18,104883.328125,45363.30428101863,3.0
2025-06-19,104684.2890625,45339.51850499685,3.0
2025-06-20,103309.6015625,45194.428383232575,3.0
2025-06-21,102257.40625,45082.65752119972,3.0
2025-06-22,100987.140625,44948.41742808532,3.0
2025-06-23,105577.7734375,45417.88983881869,3.0
2025-06-24,106045.6328125,45453.0200462451,3.0
2025-06-25,107361.2578125,45537.80111671561,3.0
2025-06-26,106960.0,45509.1747757293,3.0
2025-06-27,107088.4296875,45515.536454962006,3.0
2025-06-28,107327.703125,45529.21560683512,3.0
2025-06-29,108385.5703125,45596.94918425252,3.0
2025-06-30,107135.3359375,45511.52919973414,3.0
2025-07-01,105698.28125,45433.90926147743,3.0
2025-07-02,108859.3203125,45598.659872912125,3.0
2025-07-03,109647.9765625,45630.14816919249,3.0
2025-07-04,108034.3359375,45574.475189723904,3.0
2025-07-05,108231.1796875,45580.03468501993,3.0
2025-07-06,109232.0703125,45612.778617743636,3.0
2025-07-07,108299.8515625,45580.15009628569,3.0
2025-07-08,108950.2734375,45601.04328206341,3.0
2025-07-09,111326.5546875,45679.90809894862,3.0
2025-07-10,115987.203125,45805.07311044815,3.0
2025-07-11,117516.9921875,45845.51179065502,3.0
2025-07-12,117435.2265625,45842.34614052985,3.0
2025-07-13,119116.1171875,45886.860303767964,3.0
2025-07-14,119849.703125,45905.736608120475,3.0
2025-07-15,117777.1875,45848.703027891126,3.0
2025-07-16,118738.5078125,45873.75032491509,3.0
2025-07-17,119289.84375,45887.69990451685,3.0
2025-07-18,118003.2265625,45851.92910862044,3.0
2025-07-19,117939.9765625,45849.26035186037,3.0
2025-07-20,117300.7890625,45831.01322849262,3.0
2025-07-21,117439.5390625,45833.814193200036,3.0
2025-07-22,119995.4140625,45901.99630034386,3.0
2025-07-23,118754.9609375,45867.46849661785,3.0
2025-07-24,118368.0,45856.03738583977,3.0
2025-07-25,117635.8828125,45835.27307702978,3.0
2025-07-26,117947.3671875,45842.74371773371,3.0
2025-07-27,119448.4921875,45882.391135193844,3.0
2025-07-28,117924.4765625,45840.19751829928,3.0
2025-07-29,117922.1484375,45839.177313236556,3.0
2025-07-30,117831.1875,45835.75964478877,3.0
2025-07-31,115758.203125,45778.72976998722,3.0
2025-08-01,113320.0859375,45711.53340677231,3.0
2025-08-02,112526.9140625,45693.63353614692,3.0
2025-08-03,114217.671875,45729.490263389314,3.0
2025-08-04,115071.8828125,45747.2334032253,3.0
2025-08-05,114141.4453125,45726.35177229326,3.0
2025-08-06,115028.0,45744.79531557948,3.0
2025-08-07,117496.8984375,45797.47451636953,3.0
2025-08-08,116688.7265625,45779.22292691808,3.0
2025-08-09,116500.359375,45774.388961600605,3.0
2025-08-10,119306.7578125,45834.361993587794,3.0
2025-08-11,118731.4453125,45821.13765386884,3.0
2025-08-12,120172.90625,45851.29925646474,3.0
2025-08-13,123344.0625,45905.573197160724,3.0
2025-08-14,118359.578125,45818.64229146805,3.0
2025-08-15,117398.3515625,45801.38689447229,3.0
2025-08-16,117491.3515625,45802.38699269959,3.0
2025-08-17,117453.0625,45801.1137649943,3.0
2025-08-18,116252.3125,45779.71650871601,3.0
2025-08-19,112831.1796875,45714.49103371506,3.0
2025-08-20,114274.7421875,45863.92143673128,3.0
2025-08-21,112419.03125,45663.57852111418,3.0
2025-08-22,116874.0859375,46132.24423597205,3.0
2025-08-23,115374.328125,45969.55014291031,3.0
2025-08-24,113458.4296875,45762.79229399138,3.0
2025-08-25,110124.3515625,45405.76644521516,3.0
2025-08-26,111802.65625,45573.79598564642,3.0
2025-08-27,111222.0625,45464.77515219847,3.0
2025-08-28,112544.8046875,45693.65887881741,3.0
2025-08-29,108410.8359375,44953.81563550806,3.0
2025-08-30,108808.0703125,45018.55616389787,3.0
2025-08-31,108236.7109375,44911.3341092795,3.0
