date,btc,v9a_eq,v9a_lev
2022-09-01,20127.140625,7000.0,1.5
2022-09-02,19969.771484375,7000.0,1.5
2022-09-03,19832.087890625,7000.0,1.5
2022-09-04,19986.712890625,7000.0,1.5
2022-09-05,19812.37109375,7000.0,1.5
2022-09-06,18837.66796875,7000.0,1.5
2022-09-07,19290.32421875,7000.0,1.5
2022-09-08,19329.833984375,7000.0,1.5
2022-09-09,21381.15234375,7000.0,1.5
2022-09-10,21680.5390625,7000.0,1.5
2022-09-11,21769.255859375,7000.0,1.5
2022-09-12,22370.44921875,7000.0,1.5
2022-09-13,20296.70703125,7000.0,1.5
2022-09-14,20241.08984375,7000.0,1.5
2022-09-15,19701.2109375,7000.0,1.5
2022-09-16,19772.583984375,7000.0,1.5
2022-09-17,20127.576171875,7000.0,1.5
2022-09-18,19419.505859375,7000.0,1.5
2022-09-19,19544.12890625,7000.0,1.5
2022-09-20,18890.7890625,7000.0,1.5
2022-09-21,18547.400390625,7000.0,1.5
2022-09-22,19413.55078125,7000.0,1.5
2022-09-23,19297.638671875,7000.0,1.5
2022-09-24,18937.01171875,7000.0,1.5
2022-09-25,18802.09765625,7000.0,1.5
2022-09-26,19222.671875,7000.0,1.5
2022-09-27,19110.546875,7000.0,1.5
2022-09-28,19426.720703125,7000.0,1.5
2022-09-29,19573.05078125,7000.0,1.5
2022-09-30,19431.7890625,7000.0,1.5
2022-10-01,19312.095703125,7000.0,1.5
2022-10-02,19044.107421875,7000.0,1.5
2022-10-03,19623.580078125,7000.0,1.5
2022-10-04,20336.84375,7000.0,1.5
2022-10-05,20160.716796875,7000.0,1.5
2022-10-06,19955.443359375,7000.0,1.5
2022-10-07,19546.849609375,7000.0,1.5
2022-10-08,19416.568359375,7000.0,1.5
2022-10-09,19446.42578125,7000.0,1.5
2022-10-10,19141.484375,7000.0,1.5
2022-10-11,19051.41796875,7000.0,1.5
2022-10-12,19157.4453125,7000.0,1.5
2022-10-13,19382.904296875,7000.0,1.5
2022-10-14,19185.65625,7000.0,1.5
2022-10-15,19067.634765625,7000.0,1.5
2022-10-16,19268.09375,7000.0,1.5
2022-10-17,19550.7578125,7000.0,1.5
2022-10-18,19334.416015625,7000.0,1.5
2022-10-19,19139.53515625,7000.0,1.5
2022-10-20,19053.740234375,7000.0,1.5
2022-10-21,19172.46875,7000.0,1.5
2022-10-22,19208.189453125,7000.0,1.5
2022-10-23,19567.0078125,7000.0,1.5
2022-10-24,19345.572265625,7000.0,1.5
2022-10-25,20095.857421875,7000.0,1.5
2022-10-26,20770.44140625,7000.0,1.5
2022-10-27,20285.8359375,7000.0,1.5
2022-10-28,20595.3515625,7000.0,1.5
2022-10-29,20818.4765625,7000.0,1.5
2022-10-30,20635.603515625,7000.0,1.5
2022-10-31,20495.7734375,7000.0,1.5
2022-11-01,20485.2734375,7000.0,1.5
2022-11-02,20159.50390625,7000.0,1.5
2022-11-03,20209.98828125,7000.0,1.5
2022-11-04,21147.23046875,7000.0,1.5
2022-11-05,21282.69140625,7000.0,1.5
2022-11-06,20926.486328125,7000.0,1.5
2022-11-07,20602.81640625,7000.0,1.5
2022-11-08,18541.271484375,6999.601895734597,1.5
2022-11-09,15880.7802734375,6885.149166649151,1.5
2022-11-10,17586.771484375,6957.584970019936,1.5
2022-11-11,17034.29296875,6895.775011714232,1.5
2022-11-12,16799.185546875,6869.154163272992,1.5
2022-11-13,16353.365234375,6819.190148574715,1.5
2022-11-14,16618.19921875,6847.994935131829,1.5
2022-11-15,16884.61328125,6876.966017084067,1.5
2022-11-16,16669.439453125,6852.559166612264,1.5
2022-11-17,16687.517578125,6854.008212428252,1.5
2022-11-18,16697.77734375,6854.590234533138,1.5
2022-11-19,16711.546875,6855.5608640442915,1.5
2022-11-20,16291.83203125,6808.492744913185,1.5
2022-11-21,15787.2841796875,6752.037477370317,1.5
2022-11-22,16189.76953125,6796.115471673396,1.5
2022-11-23,16610.70703125,6842.224929089856,1.5
2022-11-24,16604.46484375,6840.980776178891,1.5
2022-11-25,16521.841796875,6831.272382907572,1.5
2022-11-26,16464.28125,6824.34413768579,1.5
2022-11-27,16444.626953125,6821.618538153147,1.5
2022-11-28,16217.322265625,6795.881990413116,1.5
2022-11-29,16444.982421875,6820.571735930838,1.5
2022-11-30,17168.56640625,6900.211676892329,1.5
2022-12-01,16967.1328125,6877.318061952282,1.5
2022-12-02,17088.66015625,6890.221343354813,1.5
2022-12-03,16908.236328125,6869.658666277708,1.5
2022-12-04,17130.486328125,6893.7258870596215,1.5
2022-12-05,16974.826171875,6875.906103566116,1.5
2022-12-06,17089.50390625,6888.050062484309,1.5
2022-12-07,16848.126953125,6860.73259498868,1.5
2022-12-08,17233.474609375,6901.9803939663225,1.5
2022-12-09,17133.15234375,6879.326573572481,1.5
2022-12-10,17128.724609375,6877.271672467937,1.5
2022-12-11,17104.193359375,6870.900014597524,1.5
2022-12-12,17206.4375,6891.753767870116,1.5
2022-12-13,17781.318359375,7012.751648633525,1.5
2022-12-14,17815.650390625,7021.351113779045,1.5
2022-12-15,17364.865234375,6751.705003659827,1.5
2022-12-16,16647.484375,6324.538475222781,1.5
2022-12-17,16795.091796875,6408.844619304167,1.5
2022-12-18,16757.9765625,6383.924159414519,1.5
2022-12-19,16439.6796875,6192.787290936668,1.5
2022-12-20,16906.3046875,6465.720338889103,1.5
2022-12-21,16817.53515625,6410.244259124073,1.5
2022-12-22,16830.341796875,6414.831571992257,1.5
2022-12-23,16796.953125,6392.107848827009,1.5
2022-12-24,16847.755859375,6419.160537017046,1.5
2022-12-25,16841.986328125,6412.761021786933,1.5
2022-12-26,16919.8046875,6455.776244698401,1.5
2022-12-27,16717.173828125,6332.9876473191525,1.5
2022-12-28,16552.572265625,6232.716349197388,1.5
2022-12-29,16642.341796875,6282.847954477472,1.5
2022-12-30,16602.5859375,6256.393563940416,1.5
2022-12-31,16547.49609375,6220.8814067819385,1.5
2023-01-01,16625.080078125,6263.810319674928,1.5
2023-01-02,16688.470703125,6298.334940230534,1.5
2023-01-03,16679.857421875,6290.2825745701075,1.5
2023-01-04,16863.23828125,6395.730756962177,1.5
2023-01-05,16836.736328125,6377.072342119259,1.5
2023-01-06,16951.96875,6442.206147559242,1.5
2023-01-07,16955.078125,6441.036988172697,1.5
2023-01-08,17091.14453125,6518.465992257749,1.5
2023-01-09,17196.5546875,6577.748146998898,1.5
2023-01-10,17446.29296875,6722.332438762542,1.5
2023-01-11,17934.896484375,7006.620585852548,1.5
2023-01-12,18869.587890625,7487.407406478566,1.5
2023-01-13,19909.57421875,8021.494069810151,1.5
2023-01-14,20976.298828125,8459.656705675554,1.5
2023-01-15,20880.798828125,8425.951441593752,1.5
2023-01-16,21169.6328125,8519.512473766874,1.5
2023-01-17,21161.51953125,8514.722611728528,1.5
2023-01-18,20688.78125,8356.091594412954,1.5
2023-01-19,21086.79296875,8485.821540374662,1.5
2023-01-20,22676.552734375,9009.360508795417,1.5
2023-01-21,22777.625,9034.330770690758,1.5
2023-01-22,22720.416015625,9017.366200659299,1.5
2023-01-23,22934.431640625,9072.250312090757,1.5
2023-01-24,22636.46875,8991.500465993871,1.5
2023-01-25,23117.859375,9117.215669140305,1.5
2023-01-26,23032.77734375,9092.840819228535,1.5
2023-01-27,23078.728515625,9102.570339393767,1.5
2023-01-28,23031.08984375,9091.007583992932,1.5
2023-01-29,23774.56640625,9247.093379485343,1.5
2023-01-30,22840.138671875,9047.566576537642,1.5
2023-01-31,23139.283203125,9109.505950215469,1.5
2023-02-01,23723.76953125,9231.893186179794,1.5
2023-02-02,23471.87109375,9177.004648850014,1.5
2023-02-03,23449.322265625,9170.733690706076,1.5
2023-02-04,23331.84765625,9143.85383471665,1.5
2023-02-05,22955.666015625,9078.893423814701,1.5
2023-02-06,22760.109375,9044.573199042248,1.5
2023-02-07,23264.291015625,9128.888361023202,1.5
2023-02-08,22939.3984375,9072.626334319762,1.5
2023-02-09,21819.0390625,8881.156700539079,1.5
2023-02-10,21651.18359375,8857.50368626123,1.5
2023-02-11,21870.875,8886.417632421462,1.5
2023-02-12,21788.203125,8874.31533202905,1.5
2023-02-13,21808.1015625,8876.127252489585,1.5
2023-02-14,22220.8046875,8930.910115536664,1.5
2023-02-15,24307.841796875,9156.626203812626,1.5
2023-02-16,23623.474609375,9081.58221417014,1.5
2023-02-17,24565.6015625,9182.765433519873,1.5
2023-02-18,24641.27734375,9188.694107776912,1.5
2023-02-19,24327.642578125,9160.829244340362,1.5
2023-02-20,24829.1484375,9203.725523407646,1.5
2023-02-21,24436.353515625,9168.984784612036,1.5
2023-02-22,24188.84375,9146.8648088697,1.5
2023-02-23,23947.4921875,9125.285802818857,1.5
2023-02-24,23198.126953125,9059.416848460392,1.5
2023-02-25,23175.375,9057.353580391436,1.5
2023-02-26,23561.212890625,9083.662770699726,1.5
2023-02-27,23522.87109375,9080.509396803385,1.5
2023-02-28,23147.353515625,9053.943743669242,1.5
2023-03-01,23646.55078125,9088.125055698581,1.5
2023-03-02,23475.466796875,9075.7524466854,1.5
2023-03-03,22362.6796875,8997.837347009738,1.5
2023-03-04,22353.349609375,8996.946258725497,1.5
2023-03-05,22435.513671875,9001.137919895591,1.5
2023-03-06,22429.7578125,9000.44416898579,1.5
2023-03-07,22219.76953125,8988.405192257605,1.5
2023-03-08,21718.080078125,8959.53514976499,1.5
2023-03-09,20363.021484375,8834.963915360639,1.5
2023-03-10,20187.244140625,8821.670979628589,1.5
2023-03-11,20632.41015625,8853.762332981145,1.5
2023-03-12,22163.94921875,8965.0773484015,1.5
2023-03-13,24197.533203125,9083.584892134733,1.5
2023-03-14,24746.07421875,9115.086856770746,1.5
2023-03-15,24375.9609375,9097.428152456621,1.5
2023-03-16,25052.7890625,9128.74339204049,1.5
2023-03-17,27423.9296875,9239.297466686852,1.5
2023-03-18,26965.87890625,9217.488061571239,1.5
2023-03-19,28038.67578125,9267.287654966027,1.5
2023-03-20,27767.236328125,9254.19802108663,1.5
2023-03-21,28175.81640625,9272.918853682557,1.5
2023-03-22,27307.4375,9231.906555441914,1.5
2023-03-23,28333.97265625,9279.537548290516,1.5
2023-03-24,27493.28515625,9239.818244481803,1.5
2023-03-25,27494.70703125,9239.49885000952,1.5
2023-03-26,27994.330078125,9262.48187443299,1.5
2023-03-27,27139.888671875,9222.124024360832,1.5
2023-03-28,27268.130859375,9227.741375897462,1.5
2023-03-29,28348.44140625,9277.888164948985,1.5
2023-03-30,28033.5625,9262.762383031928,1.5
2023-03-31,28478.484375,9283.179297800465,1.5
2023-04-01,28411.03515625,9279.624756821046,1.5
2023-04-02,28199.30859375,9269.322856522642,1.5
2023-04-03,27790.220703125,9249.792716765052,1.5
2023-04-04,28168.08984375,9267.076779418538,1.5
2023-04-05,28177.984375,9267.144206115978,1.5
2023-04-06,28044.140625,9260.488401537414,1.5
2023-04-07,27925.859375,9254.56238277973,1.5
2023-04-08,27947.794921875,9255.196405709052,1.5
2023-04-09,28333.05078125,9272.823756740821,1.5
2023-04-10,29652.98046875,9334.163340759256,1.5
2023-04-11,30235.05859375,9360.972755174573,1.5
2023-04-12,30139.052734375,9356.0578745687,1.5
2023-04-13,30399.06640625,9367.796496962337,1.5
2023-04-14,30485.69921875,9371.421900573287,1.5
2023-04-15,30318.49609375,9363.173381450137,1.5
2023-04-16,30315.35546875,9362.600929372238,1.5
2023-04-17,29445.044921875,9321.4682513075,1.5
2023-04-18,30397.552734375,9365.60674820529,1.5
2023-04-19,28822.6796875,9291.518307904324,1.5
2023-04-20,28245.98828125,9264.140073796556,1.5
2023-04-21,27276.91015625,9218.416770805296,1.5
2023-04-22,27817.5,9243.318998453471,1.5
2023-04-23,27591.384765625,9232.352425578825,1.5
2023-04-24,27525.33984375,9228.87601945854,1.5
2023-04-25,28307.59765625,9265.078332606292,1.5
2023-04-26,28422.701171875,9270.06475690797,1.5
2023-04-27,29473.787109375,9318.828413150453,1.5
2023-04-28,29340.26171875,9312.169311153462,1.5
2023-04-29,29248.48828125,9307.464953765624,1.5
2023-04-30,29268.806640625,9308.004771113101,1.5
2023-05-01,28091.568359375,9252.530805174076,1.5
2023-05-02,28680.537109375,9279.684432060325,1.5
2023-05-03,29006.30859375,9294.519226528804,1.5
2023-05-04,28847.7109375,9286.693977256607,1.5
2023-05-05,29534.384765625,9318.40696522183,1.5
2023-05-06,28904.623046875,9288.5364757475,1.5
2023-05-07,28454.978515625,9267.099474192686,1.5
2023-05-08,27694.2734375,9230.594509278402,1.5
2023-05-09,27658.775390625,9226.884987767962,1.5
2023-05-10,27621.755859375,9223.047536250326,1.5
2023-05-11,27000.7890625,9169.765164114946,1.5
2023-05-12,26804.990234375,9152.499760774373,1.5
2023-05-13,26784.078125,9150.04790353679,1.5
2023-05-14,26930.638671875,9161.777361148545,1.5
2023-05-15,27192.693359375,9182.495097153274,1.5
2023-05-16,27036.650390625,9159.083495144234,1.5
2023-05-17,27398.802734375,9209.561298931401,1.5
2023-05-18,26832.208984375,9127.605782547867,1.5
2023-05-19,26890.12890625,9134.715789720762,1.5
2023-05-20,27129.5859375,9167.706333876498,1.5
2023-05-21,26753.826171875,9112.97087180591,1.5
2023-05-22,26851.27734375,9124.539246107033,1.5
2023-05-23,27225.7265625,9209.004923516186,1.5
2023-05-24,26334.818359375,9001.736794478686,1.5
2023-05-25,26476.20703125,9032.509822041435,1.5
2023-05-26,26719.291015625,9086.717294874607,1.5
2023-05-27,26868.353515625,9119.232802508024,1.5
2023-05-28,28085.646484375,9398.001435502998,1.5
2023-05-29,27745.884765625,9315.959967361876,1.5
2023-05-30,27702.349609375,9297.382402141902,1.5
2023-05-31,27219.658203125,9121.496933675457,1.5
2023-06-01,26819.97265625,8975.397339871553,1.5
2023-06-02,27249.58984375,9126.409818776769,1.5
2023-06-03,27075.12890625,9060.985957304323,1.5
2023-06-04,27119.06640625,9073.814559045333,1.5
2023-06-05,25760.09765625,8582.27279616173,1.5
2023-06-06,27238.783203125,9317.306815225676,1.5
2023-06-07,26345.998046875,8867.098886117044,1.5
2023-06-08,26508.216796875,8944.208641096044,1.5
2023-06-09,26480.375,8926.321111722365,1.5
2023-06-10,25851.240234375,8607.972598444421,1.5
2023-06-11,25940.16796875,8648.533138365525,1.5
2023-06-12,25902.5,8625.820667716092,1.5
2023-06-13,25918.728515625,8630.045834751907,1.5
2023-06-14,25124.67578125,8229.372291069067,1.5
2023-06-15,25576.39453125,8451.327887432357,1.5
2023-06-16,26327.462890625,8822.800279566394,1.5
2023-06-17,26510.67578125,8910.403553310645,1.5
2023-06-18,26336.212890625,8819.249323275848,1.5
2023-06-19,26851.029296875,9072.553044617138,1.5
2023-06-20,28327.48828125,9804.89491878679,1.5
2023-06-21,30027.296875,10481.010013964498,1.5
2023-06-22,29912.28125,10431.429328109036,1.5
2023-06-23,30695.46875,10739.699554298542,1.5
2023-06-24,30548.6953125,10689.814509755517,1.5
2023-06-25,30480.26171875,10664.997181762397,1.5
2023-06-26,30271.130859375,10595.190450683536,1.5
2023-06-27,30688.1640625,10725.655441710933,1.5
2023-06-28,30086.24609375,10530.212690158345,1.5
2023-06-29,30445.3515625,10642.169729674504,1.5
2023-06-30,30477.251953125,10648.474854071052,1.5
2023-07-01,30590.078125,10675.000990655028,1.5
2023-07-02,30620.76953125,10680.504646288224,1.5
2023-07-03,31156.439453125,10815.202477688943,1.5
2023-07-04,30777.58203125,10715.881383622045,1.5
2023-07-05,30514.166015625,10646.124553020798,1.5
2023-07-06,29909.337890625,10489.039160100232,1.5
2023-07-07,30342.265625,10596.728949629554,1.5
2023-07-08,30292.541015625,10584.687827999356,1.5
2023-07-09,30171.234375,10557.998602240568,1.5
2023-07-10,30414.470703125,10605.93019943703,1.5
2023-07-11,30620.951171875,10646.323796759882,1.5
2023-07-12,30391.646484375,10597.509739374884,1.5
2023-07-13,31476.048828125,10817.594698844767,1.5
2023-07-14,30334.068359375,10581.3037993402,1.5
2023-07-15,30295.806640625,10573.548252121014,1.5
2023-07-16,30249.1328125,10564.417176213694,1.5
2023-07-17,30145.888671875,10546.025503714864,1.5
2023-07-18,29856.5625,10497.169612018273,1.5
2023-07-19,29913.923828125,10505.094959064922,1.5
2023-07-20,29792.015625,10483.663682050586,1.5
2023-07-21,29908.744140625,10501.313054378144,1.5
2023-07-22,29771.802734375,10477.420477383694,1.5
2023-07-23,30084.5390625,10526.672638779102,1.5
2023-07-24,29176.916015625,10406.215494912623,1.5
2023-07-25,29227.390625,10410.587401096522,1.5
2023-07-26,29354.97265625,10423.038142774121,1.5
2023-07-27,29210.689453125,10406.994929467062,1.5
2023-07-28,29319.24609375,10417.452442754227,1.5
2023-07-29,29356.91796875,10420.478218643493,1.5
2023-07-30,29275.30859375,10411.00280776995,1.5
2023-07-31,29230.111328125,10405.039339969819,1.5
2023-08-01,29675.732421875,10441.6628244742,1.5
2023-08-02,29151.958984375,10397.005435576515,1.5
2023-08-03,29178.6796875,10398.512168104768,1.5
2023-08-04,29074.091796875,10389.009908516879,1.5
2023-08-05,29042.126953125,10385.598668655428,1.5
2023-08-06,29041.85546875,10384.845261181657,1.5
2023-08-07,29180.578125,10395.499791762531,1.5
2023-08-08,29765.4921875,10434.1417313676,1.5
2023-08-09,29561.494140625,10419.860834113648,1.5
2023-08-10,29429.591796875,10410.419385328833,1.5
2023-08-11,29397.71484375,10407.68913313211,1.5
2023-08-12,29415.96484375,10408.321456520262,1.5
2023-08-13,29282.9140625,10398.80591288536,1.5
2023-08-14,29408.443359375,10406.63559647512,1.5
2023-08-15,29170.34765625,10389.879310963544,1.5
2023-08-16,28701.779296875,10364.26873193361,1.5
2023-08-17,26664.55078125,10253.916494985197,1.5
2023-08-18,26049.556640625,10192.371476732837,1.5
2023-08-19,26096.205078125,10198.760305095066,1.5
2023-08-20,26189.583984375,10212.835306273018,1.5
2023-08-21,26124.140625,10200.774968830217,1.5
2023-08-22,26031.65625,10184.268855173033,1.5
2023-08-23,26431.640625,10248.792263578509,1.5
2023-08-24,26162.373046875,10203.185160231827,1.5
2023-08-25,26047.66796875,10181.709041322227,1.5
2023-08-26,26008.462890625,10169.236498772732,1.5
2023-08-27,26089.693359375,10188.712683553456,1.5
2023-08-28,26106.150390625,10191.001206306199,1.5
2023-08-29,27727.392578125,10617.619105501812,1.5
2023-08-30,27297.265625,10505.48662568591,1.5
2023-08-31,25931.47265625,10154.091664215915,1.5
2023-09-01,25800.724609375,10117.756940665306,1.5
2023-09-02,25868.798828125,10137.422006874007,1.5
2023-09-03,25969.56640625,10167.736790873189,1.5
2023-09-04,25812.416015625,10113.973546415591,1.5
2023-09-05,25779.982421875,10100.877021576545,1.5
2023-09-06,25753.236328125,10089.637505637347,1.5
2023-09-07,26240.1953125,10245.842397728837,1.5
2023-09-08,25905.654296875,10132.873514265206,1.5
2023-09-09,25895.677734375,10125.226144447379,1.5
2023-09-10,25832.2265625,10094.541951878022,1.5
2023-09-11,25162.654296875,9800.804722777197,1.5
2023-09-12,25833.34375,10188.201430905685,1.5
2023-09-13,26228.32421875,10414.415006565085,1.5
2023-09-14,26539.673828125,10591.51390562357,1.5
2023-09-15,26608.693359375,10628.0526919562,1.5
2023-09-16,26568.28125,10599.089219334306,1.5
2023-09-17,26534.1875,10573.91425527685,1.5
2023-09-18,26754.28125,10700.865081153643,1.5
2023-09-19,27211.1171875,10969.455820652323,1.5
2023-09-20,27132.0078125,10917.225603735029,1.5
2023-09-21,26567.6328125,10574.600170747388,1.5
2023-09-22,26579.568359375,10576.971765490545,1.5
2023-09-23,26579.390625,10572.091968393961,1.5
2023-09-24,26256.826171875,10374.27840312449,1.5
2023-09-25,26298.48046875,10394.49113699445,1.5
2023-09-26,26217.25,10341.15544251273,1.5
2023-09-27,26352.716796875,10417.517801755344,1.5
2023-09-28,27021.546875,10813.049517260726,1.5
2023-09-29,26911.720703125,10742.470738337639,1.5
2023-09-30,26967.916015625,10771.267996564748,1.5
2023-10-01,27983.75,11372.680093534864,1.5
2023-10-02,27530.78515625,11151.162282406913,1.5
2023-10-03,27429.978515625,11093.920622049041,1.5
2023-10-04,27799.39453125,11283.47884494275,1.5
2023-10-05,27415.912109375,11077.839923193176,1.5
2023-10-06,27946.59765625,11352.038437840414,1.5
2023-10-07,27968.83984375,11359.310233883738,1.5
2023-10-08,27935.08984375,11335.725958647614,1.5
2023-10-09,27583.677734375,11184.026638422107,1.5
2023-10-10,27391.01953125,11090.397346167685,1.5
2023-10-11,26873.3203125,10845.336857263212,1.5
2023-10-12,26756.798828125,10787.28403532087,1.5
2023-10-13,26862.375,10832.737514193901,1.5
2023-10-14,26861.70703125,10828.670048573695,1.5
2023-10-15,27159.65234375,10963.746381019788,1.5
2023-10-16,28519.466796875,11592.24690099399,1.5
2023-10-17,28415.748046875,11550.393010003692,1.5
2023-10-18,28328.341796875,11514.63158085001,1.5
2023-10-19,28719.806640625,11657.390135710992,1.5
2023-10-20,29682.94921875,12012.10408155462,1.5
2023-10-21,29918.412109375,12079.667047638879,1.5
2023-10-22,29993.896484375,12099.500406754662,1.5
2023-10-23,33086.234375,13019.008198963085,1.5
2023-10-24,33901.52734375,13259.182587478219,1.5
2023-10-25,34502.8203125,13435.465278742678,1.5
2023-10-26,34156.6484375,13329.14272171123,1.5
2023-10-27,33909.80078125,13252.471452695909,1.5
2023-10-28,34089.57421875,13303.04852897508,1.5
2023-10-29,34538.48046875,13433.869870058666,1.5
2023-10-30,34502.36328125,13420.008130413431,1.5
2023-10-31,34667.78125,13466.251112142745,1.5
2023-11-01,35437.25390625,13692.619504617436,1.5
2023-11-02,34938.2421875,13540.633671286923,1.5
2023-11-03,34732.32421875,13476.098440974209,1.5
2023-11-04,35082.1953125,13577.32815631664,1.5
2023-11-05,35049.35546875,13564.395122510661,1.5
2023-11-06,35037.37109375,13557.684511864616,1.5
2023-11-07,35443.5625,13675.682680573867,1.5
2023-11-08,35655.27734375,13735.648011532543,1.5
2023-11-09,36693.125,14041.962390180732,2.0
2023-11-10,37313.96875,14223.825657215653,2.0
2023-11-11,37138.05078125,14168.024369118579,2.0
2023-11-12,37054.51953125,14139.790242555335,2.0
2023-11-13,36502.35546875,13971.808670098335,2.0
2023-11-14,35537.640625,13680.84628368844,2.0
2023-11-15,37880.58203125,14376.374142553961,2.0
2023-11-16,36154.76953125,13858.315100216185,2.0
2023-11-17,36596.68359375,13986.86642321389,2.0
2023-11-18,36585.703125,13980.316721818766,2.0
2023-11-19,37386.546875,14215.86891189886,2.0
2023-11-20,37476.95703125,14239.485072386622,2.0
2023-11-21,35813.8125,13740.150891943122,2.0
2023-11-22,37432.33984375,14219.62044250652,2.0
2023-11-23,37289.62109375,14173.709178556102,2.0
2023-11-24,37720.28125,14298.802819238952,2.0
2023-11-25,37796.79296875,14318.244343439612,2.0
2023-11-26,37479.12109375,14220.126225030333,2.0
2023-11-27,37254.16796875,14149.686971870731,2.0
2023-11-28,37831.0859375,14318.400554224912,2.0
2023-11-29,37858.4921875,14323.188008582949,2.0
2023-11-30,37712.74609375,14276.335797682845,2.0
2023-12-01,38688.75,14564.023105236261,2.0
2023-12-02,39476.33203125,14795.432200309877,2.0
2023-12-03,39978.390625,14941.622473906964,2.0
2023-12-04,41980.09765625,15534.990554756052,2.0
2023-12-05,44080.6484375,16157.656521772726,2.0
2023-12-06,43746.4453125,16054.046123578973,2.0
2023-12-07,43292.6640625,15914.805238489625,2.0
2023-12-08,44166.6015625,16171.555106985561,2.0
2023-12-09,43725.984375,16036.202386601559,2.0
2023-12-10,43779.69921875,16048.307998949236,2.0
2023-12-11,41243.83203125,15288.14782861797,2.0
2023-12-12,41450.22265625,15346.006299819957,2.0
2023-12-13,42890.7421875,15771.886232050176,2.0
2023-12-14,43023.97265625,15807.779613601171,2.0
2023-12-15,41929.7578125,15477.614311175032,2.0
2023-12-16,42240.1171875,15566.416790150692,2.0
2023-12-17,41364.6640625,15301.56040364263,2.0
2023-12-18,42623.5390625,15673.278253649707,2.0
2023-12-19,42270.52734375,15564.189187133732,2.0
2023-12-20,43652.25,15972.46139915245,2.0
2023-12-21,43869.15234375,16033.239123144747,2.0
2023-12-22,43997.90234375,16067.708786295845,2.0
2023-12-23,43739.54296875,15986.72379401259,2.0
2023-12-24,43016.1171875,15767.070569535957,2.0
2023-12-25,43613.140625,15939.963307541608,2.0
2023-12-26,42520.40234375,15676.141155242673,2.0
2023-12-27,43442.85546875,15893.170940394872,2.0
2023-12-28,42627.85546875,15695.622309202266,2.0
2023-12-29,42099.40234375,15566.494864454067,2.0
2023-12-30,42156.90234375,15577.198850221075,2.0
2023-12-31,42265.1875,15600.014773231873,2.0
2024-01-01,44167.33203125,16049.73838567219,2.0
2024-01-02,44957.96875,16198.109437061594,2.0
2024-01-03,42848.17578125,15792.85986885507,2.0
2024-01-04,44179.921875,16044.58248456875,2.0
2024-01-05,44162.69140625,16038.763471301221,2.0
2024-01-06,43989.1953125,16003.120624055944,2.0
2024-01-07,43943.09765625,15991.802949979341,2.0
2024-01-08,46970.50390625,16567.09615708971,2.0
2024-01-09,46139.73046875,16405.84469105968,2.0
2024-01-10,46627.77734375,16496.35054588198,2.0
2024-01-11,46368.5859375,16444.210723142547,2.0
2024-01-12,42853.16796875,15770.603100993885,2.0
2024-01-13,42842.3828125,15766.090228551147,2.0
2024-01-14,41796.26953125,15563.975488612043,2.0
2024-01-15,42511.96875,15698.179789046975,2.0
2024-01-16,43154.9453125,15818.463268465017,2.0
2024-01-17,42742.65234375,15737.301423950143,2.0
2024-01-18,41262.05859375,15452.26755483861,2.0
2024-01-19,41618.40625,15517.916696597913,2.0
2024-01-20,41665.5859375,15524.537701872821,2.0
2024-01-21,41545.78515625,15499.28615148416,2.0
2024-01-22,39507.3671875,15107.854632382678,2.0
2024-01-23,39845.55078125,15170.137485544676,2.0
2024-01-24,40077.07421875,15212.043836580458,2.0
2024-01-25,39933.80859375,15182.404773757236,2.0
2024-01-26,41816.87109375,15539.518431292723,2.0
2024-01-27,42120.0546875,15594.98891549573,2.0
2024-01-28,42035.59375,15576.456289719554,2.0
2024-01-29,43288.24609375,15813.129631425494,2.0
2024-01-30,42952.609375,15746.590746145293,2.0
2024-01-31,42582.60546875,15673.511771080346,2.0
2024-02-01,43075.7734375,15765.198771400643,2.0
2024-02-02,43185.859375,15783.742578054436,2.0
2024-02-03,42992.25,15744.316862791002,2.0
2024-02-04,42583.58203125,15663.856203325664,2.0
2024-02-05,42658.66796875,15675.748108435475,2.0
2024-02-06,43084.671875,15754.611834914807,2.0
2024-02-07,44318.22265625,15986.73326037499,2.0
2024-02-08,45301.56640625,16134.847203007517,2.0
2024-02-09,47147.19921875,16414.577120725728,2.0
2024-02-10,47771.27734375,16506.97632839271,2.0
2024-02-11,48293.91796875,16569.065904631283,2.0
2024-02-12,49958.22265625,16770.59087493332,2.0
2024-02-13,49742.44140625,16742.401868826717,2.0
2024-02-14,51826.6953125,16995.170644508995,2.0
2024-02-15,51938.5546875,17006.93453217963,2.0
2024-02-16,52160.203125,17032.105081087906,2.0
2024-02-17,51662.99609375,16969.459129153547,2.0
2024-02-18,52122.546875,17023.69961000673,2.0
2024-02-19,51779.14453125,16979.842319615855,2.0
2024-02-20,52284.875,17039.71940335181,2.0
2024-02-21,51839.1796875,16983.361050821062,2.0
2024-02-22,51304.97265625,16916.207307050747,2.0
2024-02-23,50731.94921875,16844.33171143796,2.0
2024-02-24,51571.1015625,16944.974747026405,2.0
2024-02-25,51733.23828125,16962.889393928526,2.0
2024-02-26,54522.40234375,17301.69014747348,2.0
2024-02-27,57085.37109375,17612.75884697798,2.0
2024-02-28,62504.7890625,18272.649587714215,2.0
2024-02-29,61198.3828125,18110.78055605305,2.0
2024-03-01,62440.6328125,18260.27841326371,2.0
2024-03-02,62029.84765625,18207.81207489677,2.0
2024-03-03,63167.37109375,18344.48707795582,2.0
2024-03-04,68330.4140625,18972.838605810648,2.0
2024-03-05,63801.19921875,18417.089150335465,2.0
2024-03-06,66106.8046875,18696.380736138624,2.0
2024-03-07,66925.484375,18793.95944981165,2.0
2024-03-08,68300.09375,18959.415104878455,2.0
2024-03-09,68498.8828125,18981.193625631437,2.0
2024-03-10,69019.7890625,19042.3115549259,2.0
2024-03-11,72123.90625,19418.95025475141,2.0
2024-03-12,71481.2890625,19337.810624761914,2.0
2024-03-13,73083.5,19530.900869955254,2.0
2024-03-14,71396.59375,19322.165893722275,2.0
2024-03-15,69403.7734375,19076.12527326776,2.0
2024-03-16,65315.1171875,18574.150815547015,2.0
2024-03-17,68390.625,18947.430671749367,2.0
2024-03-18,67548.59375,18842.06941136043,2.0
2024-03-19,61912.7734375,18151.176478364257,2.0
2024-03-20,67913.671875,18881.91825081517,2.0
2024-03-21,65491.390625,18583.54653920177,2.0
2024-03-22,63778.76171875,18371.947830955673,2.0
2024-03-23,64062.203125,18404.23239103534,2.0
2024-03-24,67234.171875,18789.340901892243,2.0
2024-03-25,69958.8125,19119.691897997858,2.0
2024-03-26,69987.8359375,19120.672702898395,2.0
2024-03-27,69455.34375,19053.063169269426,2.0
2024-03-28,70744.953125,19208.04331827671,2.0
2024-03-29,69892.828125,19101.362803368072,2.0
2024-03-30,69645.3046875,19068.565756747874,2.0
2024-03-31,71333.6484375,19272.244446600092,2.0
2024-04-01,69702.1484375,19070.341500407623,2.0
2024-04-02,65446.97265625,18548.0157028601,2.0
2024-04-03,65980.8125,18610.82534491897,2.0
2024-04-04,68508.84375,18917.206399712544,2.0
2024-04-05,67837.640625,18832.70750426868,2.0
2024-04-06,68896.109375,18959.513066513104,2.0
2024-04-07,69362.5546875,19013.964017846018,2.0
2024-04-08,71631.359375,19287.68128010125,2.0
2024-04-09,69139.015625,19042.02836857391,2.0
2024-04-10,70587.8828125,19181.584469498455,2.0
2024-04-11,70060.609375,19127.989223604774,2.0
2024-04-12,67195.8671875,18845.991523949204,2.0
2024-04-13,63821.47265625,18514.27450300136,2.0
2024-04-14,65738.7265625,18699.7573843988,2.0
2024-04-15,63426.2109375,18471.850114003122,2.0
2024-04-16,63811.86328125,18507.67617392086,2.0
2024-04-17,61276.69140625,18258.067395022492,2.0
2024-04-18,63512.75390625,18474.778941616107,2.0
2024-04-19,63843.5703125,18505.24388484144,2.0
2024-04-20,64994.44140625,18615.835035780845,2.0
2024-04-21,64926.64453125,18607.303958783184,2.0
2024-04-22,66837.6796875,18792.146733672904,2.0
2024-04-23,66407.2734375,18748.127342981006,2.0
2024-04-24,64276.8984375,18537.999286020735,2.0
2024-04-25,64481.70703125,18556.128312056753,2.0
2024-04-26,63755.3203125,18483.254739042284,2.0
2024-04-27,63419.140625,18448.533576723552,2.0
2024-04-28,63113.23046875,18416.78021750295,2.0
2024-04-29,63841.12109375,18486.059049147298,2.0
2024-04-30,60636.85546875,18171.065436558747,2.0
2024-05-01,58254.01171875,17936.435299299206,2.0
2024-05-02,59123.43359375,18019.687089033825,2.0
2024-05-03,62889.8359375,18386.006896670053,2.0
2024-05-04,63891.47265625,18482.04280261966,2.0
2024-05-05,64031.1328125,18493.816812807356,2.0
2024-05-06,63161.94921875,18407.00231349674,2.0
2024-05-07,62334.81640625,18324.322513665513,2.0
2024-05-08,61187.94140625,18210.42169856945,2.0
2024-05-09,63049.9609375,18390.584293671433,2.0
2024-05-10,60792.77734375,18168.16292815832,2.0
2024-05-11,60793.7109375,18166.471419579688,2.0
2024-05-12,61448.39453125,18228.664464999118,2.0
2024-05-13,62901.44921875,18368.85529563471,2.0
2024-05-14,61552.7890625,18235.219378093163,2.0
2024-05-15,66267.4921875,18694.13608813718,2.0
2024-05-16,65231.58203125,18590.963454713677,2.0
2024-05-17,67051.875,18766.92994255682,2.0
2024-05-18,66940.8046875,18754.10984260311,2.0
2024-05-19,66278.3671875,18687.413287406976,2.0
2024-05-20,71448.1953125,19189.96792428401,2.0
2024-05-21,70136.53125,19085.75089713277,2.0
2024-05-22,69122.3359375,19004.819606293873,2.0
2024-05-23,67929.5625,18909.951556152384,2.0
2024-05-24,68526.1015625,18954.993069999728,2.0
2024-05-25,69265.9453125,19011.223599397006,2.0
2024-05-26,68518.09375,18951.134464224015,2.0
2024-05-27,69394.5546875,19018.04538869699,2.0
2024-05-28,68296.21875,18930.553713516903,2.0
2024-05-29,67578.09375,18872.811236547714,2.0
2024-05-30,68364.9921875,18932.742560915158,2.0
2024-05-31,67491.4140625,18862.84574203745,2.0
2024-06-01,67706.9375,18878.111196043104,2.0
2024-06-02,67751.6015625,18880.01446392515,2.0
2024-06-03,68804.78125,18960.758563627893,2.0
2024-06-04,70567.765625,19096.415923966928,2.0
2024-06-05,71082.8203125,19127.303513008843,2.0
2024-06-06,70757.1640625,19105.60259282542,2.0
2024-06-07,69342.5859375,19015.805599279985,2.0
2024-06-08,69305.7734375,19012.201896005765,2.0
2024-06-09,69647.9921875,19032.303849973312,2.0
2024-06-10,69512.28125,19022.50921474283,2.0
2024-06-11,67332.03125,18884.849754969782,2.0
2024-06-12,68241.1875,18940.445549666205,2.0
2024-06-13,66756.3984375,18846.304718509833,2.0
2024-06-14,66011.09375,18798.439793246274,2.0
2024-06-15,66191.0,18808.452406986835,2.0
2024-06-16,66639.046875,18835.23140794949,2.0
2024-06-17,66490.296875,18824.677769253703,2.0
2024-06-18,65140.74609375,18739.027726346496,2.0
2024-06-19,64960.296875,18726.51970904645,2.0
2024-06-20,64828.65625,18717.0676131783,2.0
2024-06-21,64096.19921875,18670.042371956974,2.0
2024-06-22,64252.578125,18678.61950233785,2.0
2024-06-23,63180.796875,18610.38342115702,2.0
2024-06-24,60277.4140625,18427.61739250243,2.0
2024-06-25,61804.640625,18522.000278903462,2.0
2024-06-26,60811.27734375,18458.714472976288,2.0
2024-06-27,61604.80078125,18507.200865116534,2.0
2024-06-28,60320.13671875,18425.700588400457,2.0
2024-06-29,60887.37890625,18460.044358720665,2.0
2024-06-30,62678.29296875,18570.907058470522,2.0
2024-07-01,62851.98046875,18580.59329551291,2.0
2024-07-02,62029.015625,18527.944709722255,2.0
2024-07-03,60173.921875,18410.76126901628,2.0
2024-07-04,56977.703125,18208.356608484664,2.0
2024-07-05,56662.375,18171.458710955536,2.0
2024-07-06,58303.5390625,18351.73340816124,2.0
2024-07-07,55849.109375,18077.360413785565,2.0
2024-07-08,56705.09765625,18170.511115834684,2.0
2024-07-09,58009.2265625,18313.374959018445,2.0
2024-07-10,57742.49609375,18281.836830488523,2.0
2024-07-11,57344.9140625,18233.712384449555,2.0
2024-07-12,57899.46484375,18332.160058510017,2.0
2024-07-13,59231.953125,18573.104938580364,2.0
2024-07-14,60787.79296875,18854.89730498995,2.0
2024-07-15,64870.15234375,19599.493509623488,2.0
2024-07-16,65097.1484375,19637.515406913226,2.0
2024-07-17,64118.79296875,19454.68962797986,2.0
2024-07-18,63974.06640625,19424.648683470034,2.0
2024-07-19,66710.15625,19922.41660935272,2.0
2024-07-20,67163.6484375,20001.834206392254,2.0
2024-07-21,68154.5234375,20179.681995299943,2.0
2024-07-22,67585.25,20071.63696892368,2.0
2024-07-23,65927.671875,19764.232469030067,2.0
2024-07-24,65372.1328125,19658.8261813636,2.0
2024-07-25,65777.2265625,19729.450155566148,2.0
2024-07-26,67912.0625,20116.961850365155,2.0
2024-07-27,67813.3359375,20095.140115653387,2.0
2024-07-28,68255.8671875,20172.488881439655,2.0
2024-07-29,66819.9140625,19905.65193023892,2.0
2024-07-30,66201.015625,19788.588372019974,2.0
2024-07-31,64619.25,19495.149757795534,2.0
2024-08-01,65357.5,19626.85343846086,2.0
2024-08-02,61415.06640625,18900.957863554257,2.0
2024-08-03,60680.09375,18762.925243697595,2.0
2024-08-04,58116.9765625,18286.88764863614,2.0
2024-08-05,53991.45703125,17080.36227821027,2.0
2024-08-06,56034.31640625,18018.0515856219,2.0
2024-08-07,55027.4609375,17544.42179298167,2.0
2024-08-08,61710.13671875,20628.707462965434,2.0
2024-08-09,60880.11328125,20236.105872291493,2.0
2024-08-10,60945.8125,20258.050544980088,2.0
2024-08-11,58719.484375,19219.515848026105,2.0
2024-08-12,59354.515625,19505.177824477574,2.0
2024-08-13,60609.56640625,20077.62092397456,2.0
2024-08-14,58737.26953125,19202.935325146336,2.0
2024-08-15,57560.09765625,18644.79837298912,2.0
2024-08-16,58894.10546875,19497.816470026457,2.0
2024-08-17,59478.97265625,19865.260638927284,2.0
2024-08-18,58483.96484375,19209.103179685946,2.0
2024-08-19,59493.453125,19851.708695239817,2.0
2024-08-20,59012.79296875,19528.757450670975,2.0
2024-08-21,61175.19140625,20918.148124003896,2.0
2024-08-22,60381.9140625,20392.347639173593,2.0
2024-08-23,64094.35546875,22785.634034258226,2.0
2024-08-24,64178.9921875,22828.003724452858,2.0
2024-08-25,64333.54296875,22915.649277375094,2.0
2024-08-26,62880.66015625,21961.92361834912,2.0
2024-08-27,59504.1328125,19762.288811264523,2.0
2024-08-28,59027.625,19442.025496784543,2.0
2024-08-29,59388.1796875,19664.127695983938,2.0
2024-08-30,59119.4765625,19478.508706076696,2.0
2024-08-31,58969.8984375,19370.114514498066,2.0
2024-09-01,57325.48828125,18293.35472810197,2.0
2024-09-02,59112.48046875,19439.874587009777,2.0
2024-09-03,57431.0234375,18339.087063171894,2.0
2024-09-04,57971.5390625,18678.083462554714,2.0
2024-09-05,56160.48828125,17493.563231160762,2.0
2024-09-06,53948.75390625,16049.820860751877,2.0
2024-09-07,54139.6875,16163.025062012926,2.0
2024-09-08,54841.56640625,16607.197039272767,2.0
2024-09-09,57019.53515625,18007.485518569676,2.0
2024-09-10,57648.7109375,18403.99848308369,2.0
2024-09-11,57343.171875,18194.854290602707,2.0
2024-09-12,58127.01171875,18691.500113251313,2.0
2024-09-13,60571.30078125,20263.67974689386,2.0
2024-09-14,60005.12109375,19885.11697850131,2.0
2024-09-15,59182.8359375,19340.751877996463,2.0
2024-09-16,58192.5078125,18687.683624323166,2.0
2024-09-17,60308.5390625,20047.195784863343,2.0
2024-09-18,61649.6796875,20904.300404725484,2.0
2024-09-19,62940.45703125,21728.517532718535,2.0
2024-09-20,63192.9765625,21875.77575680058,2.0
2024-09-21,63394.83984375,21970.56585540909,2.0
2024-09-22,63648.7109375,22092.27827035772,2.0
2024-09-23,63329.80078125,21917.10002386511,2.0
2024-09-24,64301.96875,22411.089058073114,2.0
2024-09-25,63143.14453125,21800.513052924223,2.0
2024-09-26,65181.01953125,22846.847359214957,2.0
2024-09-27,65790.6640625,23149.255384819822,2.0
2024-09-28,65887.6484375,23181.280395273287,2.0
2024-09-29,65635.3046875,23068.458338905773,2.0
2024-09-30,63329.5,22104.281851498537,2.0
2024-10-01,60837.0078125,21062.989713503055,2.0
2024-10-02,60632.78515625,20970.74755555847,2.0
2024-10-03,60759.40234375,21015.700377276426,2.0
2024-10-04,62067.4765625,21550.48156845571,2.0
2024-10-05,62089.94921875,21552.076501517244,2.0
2024-10-06,62818.953125,21846.603693737798,2.0
2024-10-07,62236.66015625,21597.363137614233,2.0
2024-10-08,62131.96875,21546.21350477978,2.0
2024-10-09,60582.1015625,20895.892293645276,2.0
2024-10-10,60274.5,20760.81990335763,2.0
2024-10-11,62445.08984375,21653.269192713673,2.0
2024-10-12,63193.0234375,21952.979806126787,2.0
2024-10-13,62851.375,21833.369067349755,2.0
2024-10-14,66046.125,22886.77379511212,2.0
2024-10-15,67041.109375,23210.224335734973,2.0
2024-10-16,67612.71875,23393.147368217156,2.0
2024-10-17,67399.8359375,23315.80674140544,2.0
2024-10-18,68418.7890625,23644.802637837656,2.0
2024-10-19,68362.734375,23624.48037446585,2.0
2024-10-20,69001.703125,23788.587405969978,2.0
2024-10-21,67367.8515625,23349.54950278821,2.0
2024-10-22,67361.40625,23342.474798072,2.0
2024-10-23,66432.1953125,23088.780956415583,2.0
2024-10-24,68161.0546875,23451.55199940466,2.0
2024-10-25,66642.4140625,23124.83225472371,2.0
2024-10-26,67014.6953125,23199.614936228187,2.0
2024-10-27,67929.296875,23388.055445540867,2.0
2024-10-28,69907.7578125,23719.39684264308,2.0
2024-10-29,72720.4921875,24098.683290789246,2.0
2024-10-30,72339.5390625,24043.962382722282,2.0
2024-10-31,70215.1875,23752.399824026073,2.0
2024-11-01,69482.46875,23649.990367162907,2.0
2024-11-02,69289.2734375,23620.910149832827,2.0
2024-11-03,68741.1171875,23542.678811979808,2.0
2024-11-04,67811.5078125,23439.399760588167,2.0
2024-11-05,69359.5625,23605.442324114665,2.0
2024-11-06,75639.078125,24285.685404273503,2.0
2024-11-07,75904.859375,24312.105474927095,2.0
2024-11-08,76545.4765625,24379.256885325274,2.0
2024-11-09,76778.8671875,24402.126934402804,2.0
2024-11-10,80474.1875,24801.2581083154,2.0
2024-11-11,88701.484375,25692.838290866857,2.0
2024-11-12,87955.8125,25608.899931542008,2.0
2024-11-13,90584.1640625,25891.700313208617,2.0
2024-11-14,87250.4296875,25526.410315287885,2.0
2024-11-15,91066.0078125,25938.27047794925,2.0
2024-11-16,90558.4765625,25880.137923859715,2.0
2024-11-17,89845.8515625,25799.73078142528,2.0
2024-11-18,90542.640625,25872.532676418505,2.0
2024-11-19,92343.7890625,26065.34198556262,2.0
2024-11-20,94339.4921875,26279.23822523057,2.0
2024-11-21,98504.7265625,26728.87045997331,2.0
2024-11-22,98997.6640625,26779.23380493943,2.0
2024-11-23,97777.28125,26643.364444955412,2.0
2024-11-24,98013.8203125,26665.88419231628,2.0
2024-11-25,93102.296875,26128.86580371866,2.0
2024-11-26,91985.3203125,26004.42770175587,2.0
2024-11-27,95962.53125,26433.700909132614,2.0
2024-11-28,95652.46875,26396.8710490219,2.0
2024-11-29,97461.5234375,26590.37300684884,2.0
2024-11-30,96449.0546875,26477.151424649706,2.0
2024-12-01,97279.7890625,26564.296140182283,2.0
2024-12-02,95865.3046875,26407.38638267997,2.0
2024-12-03,96002.1640625,26419.13454782253,2.0
2024-12-04,98768.53125,26716.673072605743,2.0
2024-12-05,96593.5703125,26477.060405975695,2.0
2024-12-06,99920.7109375,26835.528745584477,2.0
2024-12-07,99923.3359375,26832.55503087672,2.0
2024-12-08,101236.015625,26971.96789559576,2.0
2024-12-09,97432.71875,26555.294867580593,2.0
2024-12-10,96675.4296875,26469.809085899586,2.0
2024-12-11,101173.03125,26955.489314668906,2.0
2024-12-12,100043.0,26829.369094868704,2.0
2024-12-13,101459.2578125,26980.035711684483,2.0
2024-12-14,101372.96875,26967.34796194753,2.0
2024-12-15,104298.6953125,27282.031696031696,2.0
2024-12-16,106029.71875,27466.770620827425,2.0
2024-12-17,106140.6015625,27475.36393331896,2.0
2024-12-18,100041.5390625,26809.009742106577,2.0
2024-12-19,97490.953125,26528.529785211995,2.0
2024-12-20,97755.9296875,26554.14967433666,2.0
2024-12-21,97224.7265625,26493.226082722686,2.0
2024-12-22,95104.9375,26259.660266129373,2.0
2024-12-23,94686.2421875,26211.05134055974,2.0
2024-12-24,98676.09375,26641.610333372955,2.0
2024-12-25,99299.1953125,26706.115305117964,2.0
2024-12-26,95795.515625,26322.070113611277,2.0
2024-12-27,94164.859375,26141.713570718377,2.0
2024-12-28,95163.9296875,26247.228812262925,2.0
2024-12-29,93530.2265625,26066.561711762577,2.0
2024-12-30,92643.2109375,25967.103548701158,2.0
2024-12-31,93429.203125,26049.509476060543,2.0
2025-01-01,94419.7578125,26154.123169193674,2.0
2025-01-02,96886.875,26419.188549480397,2.0
2025-01-03,98107.4296875,26548.68760887982,2.0
2025-01-04,98236.2265625,26559.48635118515,2.0
2025-01-05,98314.9609375,26564.839720999487,2.0
2025-01-06,102078.0859375,26970.6379994056,2.0
2025-01-07,96922.703125,26406.982566762603,2.0
2025-01-08,95043.5234375,26199.577850095968,2.0
2025-01-09,92484.0390625,25918.29375918394,2.0
2025-01-10,94701.453125,26156.282648249507,2.0
2025-01-11,94566.59375,26138.536322048065,2.0
2025-01-12,94488.4375,26126.957319489775,2.0
2025-01-13,94516.5234375,26126.92807163536,2.0
2025-01-14,96534.046875,26343.125042092513,2.0
2025-01-15,100504.4921875,26771.514548581137,2.0
2025-01-16,99756.90625,26686.983186874004,2.0
2025-01-17,104462.0390625,27195.11897800183,2.0
2025-01-18,104408.0703125,27185.846105719025,2.0
2025-01-19,101089.609375,26821.76525934601,2.0
2025-01-20,102016.6640625,26919.227439320675,2.0
2025-01-21,106146.265625,27363.58240685285,2.0
2025-01-22,103653.0703125,27144.02926986538,2.0
2025-01-23,103960.171875,27168.027165218096,2.0
2025-01-24,104819.484375,27240.031820871554,2.0
2025-01-25,104714.6484375,27228.18129133877,2.0
2025-01-26,102682.5,27048.753562182057,2.0
2025-01-27,102087.6875,26994.355301760108,2.0
2025-01-28,101332.4765625,26926.025908125834,2.0
2025-01-29,103703.2109375,27129.517348644316,2.0
2025-01-30,104735.3046875,27216.552048977068,2.0
2025-01-31,102405.0234375,27011.201115279815,2.0
2025-02-01,100655.90625,26856.443234625047,2.0
2025-02-02,97688.9765625,26595.842125001353,2.0
2025-02-03,101405.421875,26916.438279869566,2.0
2025-02-04,97871.8203125,26606.545460431014,2.0
2025-02-05,96615.4453125,26494.74982609337,2.0
2025-02-06,96593.296875,26490.303046266472,2.0
2025-02-07,96529.0859375,26482.199507509442,2.0
2025-02-08,96482.453125,26475.626063199827,2.0
2025-02-09,96500.09375,26474.642414839247,2.0
2025-02-10,97437.5546875,26553.636736389795,2.0
2025-02-11,95747.4296875,26404.137845298057,2.0
2025-02-12,97885.859375,26587.576109357145,2.0
2025-02-13,96623.8671875,26475.291693917312,2.0
2025-02-14,97508.96875,26549.730135134665,2.0
2025-02-15,97580.3515625,26553.392588420626,2.0
2025-02-16,96175.03125,26428.653755660605,2.0
2025-02-17,95773.3828125,26391.220920196676,2.0
2025-02-18,95539.546875,26368.389871616237,2.0
2025-02-19,96635.609375,26461.199671744133,2.0
2025-02-20,98333.9375,26606.347903955448,2.0
2025-02-21,96125.546875,26411.762397147075,2.0
2025-02-22,96577.7578125,26448.57397568613,2.0
2025-02-23,96273.921875,26419.63543456107,2.0
2025-02-24,91418.171875,25992.944447814883,2.0
2025-02-25,88736.171875,25637.594522632626,2.0
2025-02-26,84347.0234375,24769.084745024433,2.0
2025-02-27,84704.2265625,24834.362255441756,2.0
2025-02-28,84373.0078125,24764.217576242252,2.0
2025-03-01,86031.9140625,25085.51685772452,2.0
2025-03-02,94248.3515625,26696.475306062563,2.0
2025-03-03,86065.671875,25081.515827627692,2.0
2025-03-04,87222.1953125,25299.46972773608,2.0
2025-03-05,90623.5625,26299.807735644576,2.0
2025-03-06,89961.7265625,25993.10088988302,2.0
2025-03-07,86742.671875,24548.19359453315,2.0
2025-03-08,86154.59375,24274.836796013176,2.0
2025-03-09,80601.0390625,21791.287475831057,2.0
2025-03-10,78532.0,20859.53435625944,2.0
2025-03-11,82862.2109375,22776.540939626735,2.0
2025-03-12,83722.359375,23148.34822069806,2.0
2025-03-13,81066.703125,21955.05861086758,2.0
2025-03-14,83969.1015625,23236.167743126658,2.0
2025-03-15,84343.109375,23391.432517629815,2.0
2025-03-16,82579.6875,22595.218208865055,2.0
2025-03-17,84075.6875,23250.098361569282,2.0
2025-03-18,82718.5,22634.74594059592,2.0
2025-03-19,86854.2265625,24459.494707210142,2.0
2025-03-20,84167.1953125,22931.533558112984,2.0
2025-03-21,84043.2421875,22847.500979023283,2.0
2025-03-22,83832.484375,22714.60268094337,2.0
2025-03-23,86054.375,23951.759053950405,2.0
2025-03-24,87498.9140625,24750.75103044819,2.0
2025-03-25,87471.703125,24720.638644514398,2.0
2025-03-26,86900.8828125,24384.38090608294,2.0
2025-03-27,87177.1015625,24525.25513475185,2.0
2025-03-28,84353.1484375,22920.12775078557,2.0
2025-03-29,82597.5859375,21917.17390650921,2.0
2025-03-30,82334.5234375,21755.062974987206,2.0
2025-03-31,82548.9140625,21861.888573811993,2.0
2025-04-01,85169.171875,23323.614326102615,2.0
2025-04-02,82485.7109375,21797.948687939446,2.0
2025-04-03,83102.828125,22131.55629821419,2.0
2025-04-04,83843.8046875,22534.814740933136,2.0
2025-04-05,83504.796875,22329.722308195745,2.0
2025-04-06,78214.484375,19336.211181774986,2.0
2025-04-07,79235.3359375,19897.91579221236,2.0
2025-04-08,76271.953125,18215.6065866531,2.0
2025-04-09,82573.953125,21751.876898992283,2.0
2025-04-10,79626.140625,20077.772340654647,2.0
2025-04-11,83404.8359375,22192.400936682756,2.0
2025-04-12,85287.109375,23238.36396197787,2.0
2025-04-13,83684.9765625,22321.66081192824,2.0
2025-04-14,84542.390625,22790.396145092167,2.0
2025-04-15,83668.9921875,22284.22751278644,2.0
2025-04-16,84033.8671875,22475.577376908634,2.0
2025-04-17,84895.75,22946.77045673001,2.0
2025-04-18,84450.8046875,22681.83835445335,2.0
2025-04-19,85063.4140625,23012.57514458188,2.0
2025-04-20,85174.3046875,23060.650413559055,2.0
2025-04-21,87518.90625,24366.688363684836,2.0
2025-04-22,93441.890625,27687.60385187807,2.0
2025-04-23,93699.109375,27816.672198569955,2.0
2025-04-24,93943.796875,27938.639724164626,2.0
2025-04-25,94720.5,28360.186479067255,3.0
2025-04-26,94646.9296875,28302.74493625151,3.0
2025-04-27,93754.84375,27784.344162151225,3.0
2025-04-28,94978.75,28457.77872626132,3.0
2025-04-29,94284.7890625,28050.90191901487,3.0
2025-04-30,94207.3125,27991.33409135807,3.0
2025-05-01,96492.3359375,29262.29220956981,3.0
2025-05-02,96910.0703125,29481.24421323825,3.0
2025-05-03,95891.796875,28891.394676006887,3.0
2025-05-04,94315.9765625,27987.71795866105,3.0
2025-05-05,94748.0546875,28215.11589106808,3.0
2025-05-06,96802.4765625,29356.112423379487,3.0
2025-05-07,97032.3203125,29469.195761523424,3.0
2025-05-08,103241.4609375,32949.66092711577,3.0
2025-05-09,102970.8515625,32779.81083400784,3.0
2025-05-10,104696.328125,33734.16223959128,3.0
2025-05-11,104106.359375,33384.20944047401,3.0
2025-05-12,102812.953125,32638.194387246847,3.0
2025-05-13,104169.8125,33384.97463484504,3.0
2025-05-14,103539.4140625,33012.34162619942,3.0
2025-05-15,103744.640625,33110.42248142678,3.0
2025-05-16,103489.2890625,32949.080244081764,3.0
2025-05-17,103191.0859375,32763.648017536427,3.0
2025-05-18,106446.0078125,34573.3186538609,3.0
2025-05-19,105606.1796875,34180.5472003974,3.0
2025-05-20,106791.0859375,34695.30843649621,3.0
2025-05-21,109678.078125,35724.33127667668,3.0
2025-05-22,111673.28125,36431.6096573385,3.0
2025-05-23,107287.796875,34838.847679362705,3.0
2025-05-24,107791.15625,35008.67155844867,3.0
2025-05-25,109035.390625,35441.547242986824,3.0
2025-05-26,109440.3671875,35548.886621111305,3.0
2025-05-27,108994.640625,35407.74847306434,3.0
2025-05-28,107802.328125,35125.16247849036,3.0
2025-05-29,105641.7578125,34619.30271692256,3.0
2025-05-30,103998.5703125,34232.941634135575,3.0
2025-05-31,104638.09375,34373.26673917002,3.0
2025-06-01,105652.1015625,34597.49518594329,3.0
2025-06-02,105881.53125,34633.983834421844,3.0
2025-06-03,105432.46875,34545.24890435392,3.0
2025-06-04,104731.984375,34410.14073714557,3.0
2025-06-05,101575.953125,33821.91777681147,3.0
2025-06-06,104390.34375,34335.66818396673,3.0
2025-06-07,105615.625,34556.003980036665,3.0
2025-06-08,105793.6484375,34581.05506150007,3.0
2025-06-09,110294.1015625,35239.16032577657,3.0
2025-06-10,110257.234375,35229.59428894539,3.0
2025-06-11,108686.625,35078.06753269938,3.0
2025-06-12,105929.0546875,34814.4341991658,3.0
2025-06-13,106090.96875,34826.72925760511,3.0
2025-06-14,105472.40625,34765.27566943306,3.0
2025-06-15,105552.0234375,34768.81016143281,3.0
2025-06-16,106796.7578125,34859.696284396145,3.0
2025-06-17,104601.1171875,34724.98569413508,3.0
2025-06-18,104883.328125,34740.15310120533,3.0
2025-06-19,104684.2890625,34726.21371991481,3.0
2025-06-20,103309.6015625,34641.18531777617,3.0
2025-06-21,102257.40625,34575.68328573741,3.0
2025-06-22,100987.140625,34497.01341847378,3.0
2025-06-23,105577.7734375,34772.14234143166,3.0
2025-06-24,106045.6328125,34792.72999666238,3.0
2025-06-25,107361.2578125,34842.414970842925,3.0
2025-06-26,106960.0,34825.6388319608,3.0
2025-06-27,107088.4296875,34829.36702112694,3.0
2025-06-28,107327.703125,34837.383531225896,3.0
2025-06-29,108385.5703125,34877.07801758309,3.0
2025-06-30,107135.3359375,34827.01861515111,3.0
2025-07-01,105698.28125,34781.53034038909,3.0
2025-07-02,108859.3203125,34878.08054705591,3.0
2025-07-03,109647.9765625,34896.53390202061,3.0
2025-07-04,108034.3359375,34863.9073907947,3.0
2025-07-05,108231.1796875,34867.165469263244,3.0
2025-07-06,109232.0703125,34886.35467556741,3.0
2025-07-07,108299.8515625,34867.23310471214,3.0
2025-07-08,108950.2734375,34879.47731665892,3.0
2025-07-09,111326.5546875,34925.695138266376,3.0
2025-07-10,115987.203125,34999.04665801188,3.0
2025-07-11,117516.9921875,35022.74528284433,3.0
2025-07-12,117435.2265625,35020.89008988838,3.0
2025-07-13,119116.1171875,35046.97710481849,3.0
2025-07-14,119849.703125,35058.039346533216,3.0
2025-07-15,117777.1875,35024.61547083322,3.0
2025-07-16,118738.5078125,35039.29415204144,3.0
2025-07-17,119289.84375,35047.469143209826,3.0
2025-07-18,118003.2265625,35026.50607845177,3.0
2025-07-19,117939.9765625,35024.94208415467,3.0
2025-07-20,117300.7890625,35014.24856674135,3.0
2025-07-21,117439.5390625,35015.890039989994,3.0
2025-07-22,119995.4140625,35055.847382050146,3.0
2025-07-23,118754.9609375,35035.61275860039,3.0
2025-07-24,118368.0,35028.91368720732,3.0
2025-07-25,117635.8828125,35016.74500212967,3.0
2025-07-26,117947.3671875,35021.12308544978,3.0
2025-07-27,119448.4921875,35044.35799982275,3.0
2025-07-28,117924.4765625,35019.63091446802,3.0
2025-07-29,117922.1484375,35019.033034989516,3.0
2025-07-30,117831.1875,35017.03014958546,3.0
2025-07-31,115758.203125,34983.60844540892,3.0
2025-08-01,113320.0859375,34944.228787274966,3.0
2025-08-02,112526.9140625,34933.738773349425,3.0
2025-08-03,114217.671875,34954.752197187445,3.0
2025-08-04,115071.8828125,34965.15036083105,3.0
2025-08-05,114141.4453125,34952.91292046909,3.0
2025-08-06,115028.0,34963.721547523324,3.0
2025-08-07,117496.8984375,34994.59358908377,3.0
2025-08-08,116688.7265625,34983.89745437331,3.0
2025-08-09,116500.359375,34981.06456442918,3.0
2025-08-10,119306.7578125,35016.21107212573,3.0
2025-08-11,118731.4453125,35008.461099474465,3.0
2025-08-12,120172.90625,35026.13696081833,3.0
2025-08-13,123344.0625,35057.943581414074,3.0
2025-08-14,118359.578125,35006.998720953336,3.0
2025-08-15,117398.3515625,34996.886393408386,3.0
2025-08-16,117491.3515625,34997.47248950655,3.0
2025-08-17,117453.0625,34996.726329009725,3.0
2025-08-18,116252.3125,34984.18671232618,3.0
2025-08-19,112831.1796875,34945.03442981884,3.0
2025-08-20,114274.7421875,35055.77917803107,3.0
2025-08-21,112419.03125,34907.302527374435,3.0
2025-08-22,116874.0859375,35254.636574127995,3.0
2025-08-23,115374.328125,35134.0619386585,3.0
2025-08-24,113458.4296875,34980.83110037359,3.0
2025-08-25,110124.3515625,34716.234760339044,3.0
2025-08-26,111802.65625,34840.64237411179,3.0
2025-08-27,111222.0625,34758.51465788055,3.0
2025-08-28,112544.8046875,34930.93764489324,3.0
2025-08-29,108410.8359375,34373.597969342896,3.0
2025-08-30,108808.0703125,34422.36838850133,3.0
2025-08-31,108236.7109375,34341.59573068055,3.0
